F06[C-C],SpDiam_B(p),TPSA(NO),SpMax1_Bh(e),Eig12_AEA(ri),SpMax5_Bh(e),HOMT,SpMax_B(p),H6p,RDF125i,SpMin4_Bh(i),N-069,G(N..O),RDF085i,Mor11i,P_VSA_LogP_3,R3m+,SpMin5_Bh(e),CATS2D_06_DL,Mor28i,DP18,SM09_AEA(dm),alvo
25,5.88740643086387,91.92,4.1515181027797,2.0,3.41225523267846,20.2133952,3.95496578428625,0.0963908390735381,0.0,1.70256522374867,0,54.3710021972656,23.6828156873618,0.355871379839782,81.1885888439456,0.0638476715648975,1.49827027714869,4,-0.350421045678338,4.66274064050154,0.338068325392099,6.431798275933005
19,5.81337402654049,85.31,4.13616032971546,1.954477310046,3.3044222545367,18.80459976,3.87370951016758,0.132123587278673,5.55032897532368,1.32578032587782,1,39.4879989624023,19.9116125944414,0.679206167750841,117.754587335722,0.0455584530482869,1.22282979212042,2,-0.160789317660023,11.8697155400072,-0.288244512008532,5.681936665037238
29,5.82974957719216,97.62,4.14444666507868,2.35131747555734,3.47337095265845,24.37987012,3.88002156786439,0.415895156765159,20.7089408313987,1.7332262563233,0,112.897003173828,35.632181648514,0.619368361647119,113.286142283947,0.082751078238606,1.37876320856878,3,-0.265468507063308,19.7661809938392,1.14191570629509,5.882728704344236
30,5.83191537005261,88.39,4.14547681139231,2.32641076412346,3.44070644224461,24.43063702,3.8815030518489,0.417686216989039,25.1447327962325,1.73695367078307,0,64.8249969482422,38.4963199416393,-0.10383228260282,103.809894810516,0.081667976562538,1.38516398222276,3,-0.30948776298029,17.6555473913302,1.13415953856464,6.7447274948966935
15,5.81092879741412,97.34,4.13471956513554,1.6628967328801,3.28838396601354,19.56969244,3.87161244427657,0.154478541941262,7.57567663587485,1.3309030174576,1,41.7719993591309,11.275303031937,0.877668151241254,127.230834809152,0.0409756961386491,1.24134402808936,4,-0.352277697771215,11.1368923574344,-0.330333445332267,5.943095148663527
15,5.81144540858591,97.34,4.13491354437138,1.66295108513472,3.28962464424985,19.56969244,3.87205574203491,0.151271089185397,4.74926948625836,1.33049365349243,1,41.7709999084473,12.1923357401033,1.00465042401434,108.278339862292,0.040768259008427,1.23659084871818,3,-0.267208334943054,12.2831501067824,-0.287730469179487,6.036212172654444
15,5.81190257626986,97.34,4.13483276261313,1.66293418616416,3.28875685527402,19.56969244,3.87254010311743,0.171695238080505,7.73112695587916,1.33094966622161,1,41.7709999084473,11.682462846931,1.13508854120642,108.278339862292,0.386293684302355,1.23979962054686,5,-0.417487856852425,11.6181335429787,-0.28470993929917,5.896196279044043
18,5.81317139359221,85.31,4.13611027358504,1.95459830585081,3.30332449944171,18.80459976,3.87355301843376,0.132501738843513,10.248258695507,1.32945789686411,1,39.4860000610352,18.2928108762947,0.984868618243791,117.754587335722,0.0452375129448416,1.24611997565164,2,-0.282602051379043,11.1881161202582,-0.287662257279748,5.152427340857888
20,5.81591053382654,85.31,4.13715317494677,2.05373232670892,3.41846638663548,18.80459976,3.87582010879288,0.175585200422905,7.96220901236866,1.32823427677382,1,39.4879989624023,22.2883004188252,0.896720292414765,108.278339862292,0.0430724587334854,1.2294145812052,2,-0.133003998277801,11.7556157500785,-0.19568274410202,5.079876673709276
28,5.81414767986047,87.53,4.15258409381371,2.22604600480004,3.47637291357998,23.78609802,3.88980456299471,0.37857047477988,18.5706493707238,1.79509261928021,0,65.6889953613281,23.2692981937891,1.19759011279756,141.714884704237,0.0662026464608589,1.39241535587574,3,-0.0047630412153323,17.7471200364215,1.0,5.634512015109101
18,5.81334172719985,85.31,4.13564826919976,1.66261638077691,3.26538899806592,18.80459976,3.87359985686202,0.11715081974346,3.96549828372833,1.32112465492095,1,39.4860000610352,14.7304782742279,1.08054470930551,108.278339862292,0.0459751508300703,1.17620740508828,2,-0.229766494985668,10.0479959333218,-0.347296355333861,6.337242168318426
18,5.81391888953644,85.31,4.1355286662617,1.66261419976871,3.26284737965418,18.80459976,3.8742849695196,0.140636098846043,2.95216526367833,1.32194659927833,1,39.4860000610352,13.9209454967899,1.28751347663042,108.278339862292,0.0710919295106474,1.17925808880351,2,-0.0595947304935837,10.406244834094,-0.347296355333861,5.531652669587842
34,5.81601962252365,75.5,4.15365219207748,2.06532991787085,3.42252566523796,23.0721321,3.89116449948565,0.278919414550879,16.6556342427953,1.79303132965596,0,43.644998550415,30.7061834407378,0.36837421445238,141.714884704237,0.0224375364012769,1.38942221068349,2,-0.253482015149738,14.3853062057529,0.999999999999999,4.522878745280337
33,5.8154959316774,75.5,4.15355302924226,2.09853442560278,3.42621838246308,23.03249408,3.8907874966612,0.358463359725085,19.1643829776142,1.79328696302038,0,51.9019985198975,32.422832741053,-0.134456370392402,141.714884704237,0.0238124311120248,1.38925049800744,2,-0.289340544977045,15.4338295807095,1.0,4.522878745280337
32,5.81532815018943,93.96,4.15324498253418,2.1758959454489,3.43020662321051,23.08326098,3.89053710463687,0.549943903086873,26.0435462881518,1.79101283193741,0,127.555999755859,35.1746906882748,1.15599234882104,141.714884704237,0.0331426438357231,1.3845872020489,2,-0.401498803654793,15.9784674803276,1.0,5.023650020996727
28,5.81323949554472,87.53,4.15195394985239,2.16063905761529,3.45015185202459,23.79758676,3.88897037266855,0.300888587054213,18.6221394818927,1.79460902772189,0,56.44700050354,25.9108408651256,1.17510659875947,151.191132177667,0.0570831655446841,1.39089826457157,5,0.0040289368862969,14.7428836492081,1.0,5.133122185662502
28,5.81368944132382,87.53,4.1520033151725,2.2260366479828,3.45215255698364,23.78645788,3.88940317391876,0.512926621110397,12.3531442726865,1.79463712731839,0,66.890998840332,20.5887344472318,1.40987339113856,141.714884704237,0.305002957811139,1.39052093682435,4,-0.0814905671649567,17.727391487512,1.0,5.350665141287858
28,5.81453848678124,87.53,4.15326680946537,2.45732732694227,3.47931962787487,23.78609802,3.89010114906234,0.371371277030618,24.8008490598675,1.795326957538,0,65.6879959106445,28.7730794243455,0.971904190935247,141.714884704237,0.0363597505878831,1.39390567887265,4,-0.0402219652085992,18.146432089348,1.0644192198189,5.681936665037238
15,5.81125322650018,97.34,4.13475133881326,1.66292203595855,3.28885756640853,19.56969244,3.87193075363286,0.202191500051465,5.71612880057871,1.3311389130238,1,41.7719993591309,12.1047762257373,0.840658686148453,117.754587335722,0.128195229669029,1.23892321953237,3,-0.236745277161757,12.7868208601978,-0.28803009272022,5.333482019445119
16,5.81140586599502,97.34,4.13528572637701,1.95470970080358,3.31133988866773,19.56969244,3.87206966876579,0.162365785581055,10.5251226043611,1.33536802950307,1,41.7719993591309,13.8319459826424,0.801280347545487,117.754587335722,0.0438058685051972,1.27078693339068,4,-0.247557974656975,14.0009360203563,-0.258471441703616,5.958607314841775
15,5.81247834220892,97.34,4.13605424467827,2.21077153535078,3.43120189369052,19.56969244,3.873050844848,0.157027746496187,14.7643916879279,1.33484222938355,1,41.7729988098145,16.3641472278316,0.803419214986665,108.278339862292,0.0406976834990784,1.26304051991749,4,-0.370108822019254,13.3062032158341,0.0,5.042871802323187
15,5.81211967277179,97.34,4.13538020541474,1.95471200210744,3.31220138129809,19.56969244,3.87274577813731,0.180034600932836,7.20324345479329,1.33347690967536,1,41.7729988098145,10.86490657308,1.21400466830762,108.278339862292,0.0744921423573324,1.25536893970824,3,-0.170938001918316,13.0737568927202,-0.165750644474172,4.9503943874050265
15,5.81112158012367,106.57,4.1350185992864,1.66296015011238,3.29893393001342,19.56969244,3.87179440033667,0.187413566126299,8.32125519928668,1.33274744174232,1,114.371006011963,15.4888492031701,1.09159636448869,117.754587335722,0.036677120545164,1.26673985824673,3,-0.501166592548703,13.2962626481535,-0.279112821428548,5.522878745280337
24,5.8247431661214,100.42,4.14243457004813,2.2213486404445,3.44055324131594,25.1449628,3.87600046494289,0.432441560499558,19.1106138296535,1.73447180864079,0,79.0750007629395,26.5607673058335,0.990949628483395,122.762389757377,0.0350104318600988,1.38467550219617,3,-0.402964599264493,17.2883723027542,1.0,5.701146923590294
24,5.83163528352519,100.42,4.14273956970928,2.35782164547267,3.44117838777594,25.1487036,3.88051565605327,0.409254863250131,13.4732894062875,1.73461549507406,0,79.0910034179688,24.2160837909666,1.40037957268813,103.809894810516,0.333331519081659,1.38441027699581,3,-0.202446001495931,17.6677899104503,1.0,6.769551078621726
24,5.8286176526699,100.42,4.14267384168471,2.31352930722683,3.44202711370798,25.13963216,3.87876893832918,0.473079393254625,16.0337064879118,1.73464904517914,0,79.076000213623,26.4495917003437,1.20352307533773,103.809894810516,0.285607057882337,1.38399399783213,4,-0.25819145275288,18.4796435917384,1.0,5.723538195826756
24,5.82835359939541,100.42,4.1427599839816,2.31925214376892,3.44278955373427,25.13963216,3.87811711494723,0.461653636519779,15.8166957678949,1.73405297513294,0,79.0750007629395,28.592656577479,1.12111355616365,103.809894810516,0.156033625155941,1.38380095506877,3,-0.318147426440062,18.3857292188246,1.0,5.809668301829708
24,5.8328910036398,100.42,4.14289990447593,2.36141813372449,3.44340219862788,25.1449628,3.88124759512283,0.474877116572629,14.6027021111872,1.73414141966222,0,79.0750007629395,27.2755432876339,1.33688818514743,94.3336473370863,0.238736294054889,1.38353950688201,3,-0.282984784885826,18.4156979747076,1.0,6.4089353929735005
19,5.81451198472529,85.31,4.13633936804563,1.95464294618545,3.30454620935272,18.85536666,3.87460905050958,0.132047501733043,6.72715368934827,1.32509922282153,1,39.4879989624023,20.7547144610617,0.621902526701361,108.278339862292,0.0524971770766162,1.21646127023861,2,-0.267740309203118,11.8862265686598,-0.262035482450363,5.671620396561262
20,5.81436220766032,94.54,4.13646212539095,1.66286783861832,3.28860259127777,18.80459976,3.87452537658404,0.185436232276557,14.0956941116229,1.32362985838645,1,95.5020027160645,17.9341724108429,0.899921092896315,108.278339862292,0.0411553021765053,1.23280321337401,2,-0.460421611145176,10.6877650182211,-0.281246647967461,4.997402019280091
18,5.8128707774013,94.54,4.13585844961748,1.95448123067908,3.32982409263198,18.85536666,3.87325221345661,0.123488085176727,3.53444125947635,1.32284492951847,1,85.9830017089844,27.7838250751432,1.65282950603844,117.754587335722,0.04327106414408,1.19486246335795,2,-0.295466741452587,8.60987025808542,-0.197074192121039,4.861697301833718
19,5.8149727873644,85.31,4.1362626577366,1.9546382774353,3.30449015851124,18.80459976,3.87517901563894,0.132084127028889,9.48276184905172,1.32591716300067,1,39.4879989624023,19.5285084419575,0.789282957699403,108.278339862292,0.0864369740536304,1.21844966167495,3,-0.123573406511202,11.8996008937655,-0.262035482450363,5.85078088734462
20,5.81367748267197,85.31,4.13650716628115,1.66261902242316,3.28257370980239,18.80459976,3.87402664694167,0.186150589806214,7.20714348719984,1.33104555927029,1,39.4860000610352,22.6516916229267,0.0285926745426764,108.278339862292,0.0440828922165504,1.30289838978866,2,-0.353064594073138,10.1863299870905,-0.34729635533386,6.086186147616283
19,5.81275485861368,94.54,4.13583631242506,1.95464755169249,3.32212682840503,18.80459976,3.87317520216834,0.150413589087756,11.1759781305415,1.32364899910498,1,95.8110008239746,19.1377054633026,1.14421488566502,117.754587335722,0.0481405839998217,1.20393855483992,2,-0.217692228006758,11.1049486738757,-0.236962407187487,6.366531544420414
19,5.81340066185761,103.77,4.13615278760333,1.66284270255545,3.29583642531677,18.80459976,3.87369915653854,0.133645453778092,11.9939695857883,1.32662089265468,1,144.111999511719,23.5754121495555,0.945352457333968,108.278339862292,0.0341702080826553,1.25848465316933,2,-0.570047289421487,11.5832192714441,-0.189010528885124,5.4156687756324695
28,5.83348653180416,88.39,4.14436380600908,2.31835415462954,3.45074773798651,24.37453948,3.88187794147431,0.392123364876943,13.5367232769403,1.73430351124209,0,64.8249969482422,37.8594636243162,0.63524225320209,103.809894810516,0.19574937926917,1.37767078978625,3,-0.221643120258526,17.5768240816539,1.14634784858361,5.966576244513051
27,5.82884265196669,97.62,4.14373203889904,2.31885718141075,3.45737529113478,24.37987012,3.87884960756297,0.385573961463626,15.0590894441476,1.73247890938404,0,105.03600692749,34.0355656152222,1.05646861876243,113.286142283947,0.196275855122124,1.37608470434034,2,-0.318187485167553,16.5489179547563,1.05151128799814,5.823908740944319
24,5.8262001950927,100.42,4.14250881671505,2.28226353042467,3.44113589582554,25.1449628,3.87716169143959,0.417041531449423,12.1786600060788,1.7347456657857,0,79.0900039672852,26.483063432705,0.828022888477495,113.286142283947,0.137494716944898,1.38435568750291,4,-0.309668480440438,18.2454847656791,1.0,5.425968732272281
25,5.82794450457889,100.42,4.14359083042212,2.35792165641575,3.46095239714779,25.1449628,3.87768092659315,0.420994183599245,20.2979840661776,1.7364634600396,0,79.0769996643066,28.8230113662828,1.0755045020375,113.286142283947,0.0358233283238925,1.3866186096398,3,-0.312294614339318,19.0822755254156,1.04852816250645,6.356547323513813
20,5.81474632169287,113.0,4.13660229475459,1.87625770267989,3.30273268521924,18.80459976,3.87473798758201,0.275898773640214,13.9984348391858,1.32809267502119,1,199.387008666992,26.2103081513823,0.232870567113274,98.8020923888614,0.0371260892762282,1.26198626158331,2,-0.725099577418553,11.3430897217803,0.30945095488312,5.812479279163537
27,5.82929552795401,88.39,4.14411439904366,2.31727760282551,3.46971676327936,24.43063702,3.87931500342817,0.392840174186686,19.0514511268003,1.73446156583257,0,64.8249969482422,36.5703622744475,0.884305069744058,113.286142283947,0.172345133259916,1.38012556537631,2,-0.216858722617054,17.9738332408236,1.0,6.251811972993799
29,5.83667318883624,88.39,4.14562575010977,2.32697989289998,3.45241539024621,24.37453948,3.88282542754443,0.385712166580681,20.4044632639318,1.73556355027145,0,64.8249969482422,35.8697895424815,0.948282651125525,103.809894810516,0.170172923699208,1.37969745325925,2,-0.145382094686397,17.7784170222351,1.15885178605818,5.935542010773082
28,5.83349753397915,88.39,4.1444796923087,2.31843330351912,3.45217947401045,24.37453948,3.88101492373067,0.387706258944733,13.5153479173466,1.73386018908105,0,64.8249969482422,39.2046067848816,0.575258545131714,103.809894810516,0.195853531995064,1.37743300778656,2,-0.295456406203836,17.5238915437832,1.14634784858361,5.943095148663527
28,5.82834984313131,97.62,4.14369101342155,2.31849173649228,3.47138510260872,24.37987012,3.87870650831822,0.422393266612,17.6538148795422,1.73250075602757,0,112.841995239258,37.79952927497,1.11599249567105,113.286142283947,0.1634069390123,1.37620539292621,2,-0.317928082433561,18.3741934959418,1.0,6.356547323513813
25,5.82623081857974,109.65,4.14306984078016,2.36198379000514,3.47567067212364,25.13963216,3.87678744836089,0.463984358131314,19.890212891726,1.73467859246781,0,144.061996459961,32.6232498588732,1.07581926472966,113.286142283947,0.0403438716830679,1.38490310948255,3,-0.4493810721671,19.5464869060947,1.0,5.421360790031928
26,5.82841288369521,100.42,4.14408832899401,2.3590286260838,3.45025231194164,25.13963216,3.878279801459,0.440956715406251,21.6135884204363,1.73846124388441,0,79.0770034790039,31.1186558863553,-0.0413409984304098,103.809894810516,0.0345456481685899,1.39064514149644,3,-0.467431612210152,17.9940987967939,1.0,6.920818753952375
24,5.82549538266317,100.42,4.14295901613733,2.22364435512553,3.46957845167883,25.1449628,3.87676548273325,0.473450499800571,20.8869572197748,1.73473960194458,0,79.0750007629395,25.2568720056571,1.29464664017031,122.762389757377,0.0681432232280116,1.38660451103471,3,-0.328039736248481,17.8978293702435,1.00000000001696,5.85078088734462
24,5.82933762965224,100.42,4.14340938313407,2.48204613111632,3.47039630077564,25.1952143,3.87837353293095,0.467596781392926,19.1652898294767,1.7337777732319,0,79.0750007629395,27.0144308147805,1.35751043388812,103.809894810516,0.0681010783163618,1.38587154344776,3,-0.203268510281185,18.5429871180933,1.14999448725717,5.7121982700697735
24,5.82946989391334,100.42,4.14321369579669,2.48204575974984,3.47003874209187,25.1952143,3.87951168065576,0.480202827726569,15.9044215800123,1.73490801040752,0,79.0900039672852,23.6203566892105,1.67169307773238,103.809894810516,0.0670050005680797,1.38610682467519,3,-0.100726774764751,18.5615425544948,1.14999448725717,7.522878745280337
29,5.8305123076314,88.39,4.14470506234312,2.31786006699792,3.42607162716512,24.38894156,3.88018376033502,0.395352134680869,18.272727061601,1.73618223029282,0,64.8249969482422,34.3966156051208,0.327642631311966,103.809894810516,0.207669226114655,1.38295306303584,2,-0.351365280196781,15.9365480895041,0.999999999999999,5.785156151952302
31,5.81665556337621,75.5,4.15260108681175,2.15363753490575,3.41653968093466,23.03249408,3.8918086404652,0.341704069364249,19.3267671149835,1.79080406171617,0,44.1470031738281,24.2866533104081,1.2719294952955,141.714884704237,0.299889265298022,1.38232749178488,2,-0.120477972870545,14.4443760498602,1.0,4.522878745280337
31,5.81544467303677,75.5,4.1526245719876,2.16037291928926,3.41834680492815,23.0721321,3.89071711717671,0.294409766165789,12.34285553527,1.79033407575896,0,51.9030017852783,28.3597454519651,0.854296249622307,141.714884704237,0.190794359461074,1.38166412045042,2,-0.0954329924461661,15.7330923736923,1.0,5.094743951251549
31,5.81726102049671,75.5,4.15270421300818,2.16094552354078,3.41898588444433,23.0213652,3.89228966914665,0.302051064298154,12.1625499177663,1.79041172025937,0,51.9030017852783,26.6726031323411,1.1604886206642,132.238637230807,0.191933782593762,1.38138116125756,2,-0.09975183558688,15.716757822231,1.0,5.13430394008393
21,5.81425414211818,85.31,4.13662176535031,1.66266534433921,3.30071634235294,18.80459976,3.87449969978489,0.129682858140905,9.3359352911476,1.3304953693792,1,39.4850006103516,19.3016454153267,0.305615470099724,108.278339862292,0.0398539210488218,1.33805590112483,2,-0.438300613148464,8.80012565728102,-0.288886855923805,5.563837352959244
27,5.8268535756994,88.39,4.14305535019494,2.15980303132572,3.39620516640032,24.37987012,3.8779054662552,0.356506777082835,13.6186728915054,1.73229681925171,0,64.8339996337891,31.6161573906535,0.622724939309273,122.762389757377,0.199712536119321,1.37590910822175,2,-0.23036307545847,15.9116068752049,1.0,5.935542010773082
27,5.83065055133837,88.39,4.14349786425147,2.31780160659455,3.40315576825572,24.37987012,3.87948531242586,0.371050017898675,13.6698754664337,1.73137106071366,0,64.8249969482422,31.5985288103878,1.37072424043836,103.809894810516,0.209499092804547,1.37503303766743,2,-0.14954315343808,15.871676918436,0.999999999999998,6.346787486224656
28,5.8282348162782,88.39,4.14379451397928,2.15372380658005,3.42959492638734,24.48088852,3.87919802694728,0.345879194119819,19.1582504041232,1.73302063347133,0,64.8340034484863,33.7695200336735,0.508528080871439,122.762389757377,0.0867419653828408,1.37849115048025,3,-0.18413086747479,17.0130495775814,1.0,5.739928612014925
28,5.83204439775843,88.39,4.14424243454904,2.32532856984541,3.43154035771681,24.43063702,3.88079840868612,0.400467318760068,20.7918437055708,1.73208293158352,0,64.8240051269531,35.7147997879715,0.881009746134443,103.809894810516,0.0844417986685314,1.37765210342078,3,-0.102049652220721,17.6037405014834,1.13415953856464,5.790484985457369
28,5.83212639571965,88.39,4.14403559826777,2.30624295166041,3.43105814503686,24.37987012,3.88199629141592,0.377812774751137,17.0489982781854,1.73319469232145,0,64.8240051269531,33.3489033424763,0.738615237183232,103.809894810516,0.33394506843451,1.37774142787851,4,-0.101073652560141,18.0464437918147,1.14174591154977,6.180456064458132
28,5.83635419783927,88.39,4.14426318555106,2.34754217669457,3.43247978639995,24.43063702,3.8844503040716,0.447691598129563,17.9048450084895,1.73269555012627,0,64.8240051269531,34.6643418558407,1.17838463894908,94.3336473370863,0.205067751575464,1.37724297701299,3,-0.0865660504077621,18.1095235396749,1.14186452828611,4.522878745280337
28,5.83195946688001,88.39,4.14467247905592,2.33218900693056,3.44265510937766,24.37987012,3.88176306123975,0.377312213830396,18.6415712158491,1.73578034959787,0,64.8340072631836,37.7763343073813,0.0444723546529349,103.809894810516,0.0867659550895318,1.38747136277943,4,-0.292087054327143,18.0479471810881,1.14174591154977,5.554395796726403
28,5.82971130676389,88.39,4.14386940801866,2.23463430394251,3.43016984952917,24.42625612,3.88038239900526,0.364482381420624,17.7565775155018,1.73328988714944,0,64.8340034484863,33.7128419973535,0.504164787933257,113.286142283947,0.137987822794147,1.37813811183351,4,-0.107597890961869,17.9775181530669,1.0,5.7447274948966935
29,5.83146279325384,88.39,4.14496971191277,2.31636313124587,3.45477220831517,24.43063702,3.88092434725579,0.369771245503556,20.7369633487975,1.73498241658393,0,64.8339996337891,36.037497252868,0.799105245675147,113.286142283947,0.0850174821303374,1.3806585374143,3,-0.108296799726156,18.482860040683,1.14190541761012,4.897223385116559
31,5.81560889687341,75.5,4.15301729280742,2.1661329504355,3.42825562286488,23.10671168,3.89093226833589,0.324370662471336,15.9582892531845,1.79252463116911,0,51.9029998779297,27.9189654009089,0.307844973976156,141.714884704237,0.078761061125931,1.39142266303941,3,-0.26699178818746,15.7487321724896,1.0,5.150580586203101
27,5.8307172211483,88.39,4.14329334805946,2.30685861183627,3.40165538830417,24.37453948,3.88067115467724,0.386682887411976,11.2432861464555,1.73246871001678,0,64.8339996337891,31.4651326564757,0.793813165185471,103.809894810516,0.330758673328314,1.37512368381098,3,-0.109827234394039,17.0749184422176,1.0,6.045757490560675
27,5.83076636967653,88.39,4.14330559463144,2.31774669810792,3.40017237773808,24.43063702,3.88059914591982,0.419082246342798,12.7848772920383,1.732459052748,0,64.8249969482422,28.2959331803148,1.67773387479989,103.809894810516,0.209273020452289,1.37531381049918,2,-0.0587592244618963,16.0414003070947,1.0,5.939302159646388
24,5.82717703850442,100.42,4.14349598235174,2.35817626613786,3.47637538124805,25.1449628,3.87739387815855,0.440039201649475,21.2982068243095,1.73669405402002,0,79.076000213623,31.3991452569263,0.902977466995132,113.286142283947,0.0470822933419157,1.3882224830227,3,-0.345251031458956,19.2263279036844,1.0,5.563837352959244
26,5.83459495870091,100.42,4.14501359713761,2.48250548692568,3.4645745805733,25.1449628,3.88091326058825,0.425985267669067,20.9886776201832,1.7378281154453,0,79.0750007629395,30.6917261923188,0.927103629577941,103.809894810516,0.0409573141825008,1.38791215432354,3,-0.264119394970941,19.11108238109,1.24099661028294,6.958607314841775
25,5.8314054280578,100.42,4.1438636807071,2.36139434522852,3.46339507252472,25.1449628,3.87909988298095,0.420020915744639,19.3762612087876,1.73607888747842,0,79.0779991149902,33.5780961360829,0.753631445310069,103.809894810516,0.0431861919599419,1.3859618534289,3,-0.454388696977908,19.1962786273905,1.15260849260322,6.3872161432802645
25,5.83139452674303,100.42,4.14374707833975,2.36075497402266,3.4623226375013,25.1449628,3.8799703473018,0.427495509579697,18.6802929580221,1.73653464886651,0,79.0779991149902,32.4168101496446,0.954506670240343,103.809894810516,0.0788751593709109,1.38616630544181,4,-0.344779840367783,19.2272354936441,1.15260849260322,6.096910013008056
28,5.83217286640536,88.39,4.14404785822428,2.324410309026,3.43066753531044,24.37248204,3.88192129242423,0.449079559443191,19.8812977444448,1.7331849256088,0,64.8240051269531,32.4238498305004,1.1788281974163,103.809894810516,0.0841516965784717,1.37792110899416,3,-0.0138673170825615,17.7394886793092,1.13415953856464,7.397940008672037
28,5.83185604724767,88.39,4.14412241221664,2.31844000505529,3.43184798020053,24.44212576,3.88134305807518,0.366155099386156,16.8733200445353,1.73260882602476,0,64.8340034484863,35.8135882049932,0.69179119656055,103.809894810516,0.181886381825879,1.37752892533332,3,-0.121744767466339,18.0036357449441,1.14174591154977,5.543633966870957
24,5.82914722918461,100.42,4.14328854392131,2.31947303186746,3.47047910631435,25.1952143,3.87892296756504,0.503456693911264,17.59421656232,1.73431876580307,0,79.0750007629395,27.2834606410708,1.49876341113845,103.809894810516,0.155141988467163,1.38576805679317,3,-0.26259263257381,18.9753702141084,1.15388557487908,5.892790030352131
28,5.83070504824928,88.39,4.14487514676953,2.3190429687722,3.47263052400476,24.37453948,3.88063973763286,0.409880780254402,24.2668020752926,1.73520784115064,0,64.8250007629395,38.7970700160443,0.668050826061288,113.286142283947,0.0819921868064751,1.38248757047734,3,-0.118397507026176,18.9914392758559,1.13587681815818,5.795880017344075
31,5.81478518164102,75.5,4.15247942114111,2.0648012691575,3.41653099087126,23.00987646,3.89023526767361,0.288830457128083,13.3653220609487,1.79088969083348,0,51.9030017852783,25.5379810165165,0.749907199842548,151.191132177667,0.135136305105952,1.38226673646159,3,-0.0916582281484207,15.1159958192734,1.0,5.197226274708024
31,5.81509181625419,75.5,4.15316276486308,2.09176754564521,3.4560184830745,23.08326098,3.89042270922336,0.32183091992961,15.7924141631282,1.79218337271503,0,51.9740009307861,29.6209027103897,1.13297357625327,151.191132177667,0.0451662277752398,1.38654542123397,2,-0.0749850304649409,16.0983922545483,1.0,5.769551078621726
32,5.81644960402097,75.5,4.15336925527127,2.1607735705399,3.44171371438258,23.08326098,3.89130352988507,0.433023687022547,13.1158517267456,1.79183927490777,0,52.4360027313232,30.3925740283038,0.761587090833678,141.714884704237,0.0466575430424324,1.3840312485757,2,-0.313196661868268,17.0338109624144,1.0,4.522878745280337
32,5.81670529961344,75.5,4.15329963387691,2.15419740746299,3.44077959579568,23.03249408,3.89175519794987,0.436049600911845,14.6700595624977,1.79214590047572,0,52.4360027313232,29.4759140960487,0.952603371934404,141.714884704237,0.0843179171332349,1.38425624498869,3,-0.168097431603846,17.044601057299,1.0,4.522878745280337
24,5.82925215501419,100.42,4.14383743422529,2.33555585765758,3.47362351154293,25.1952143,3.87934865667996,0.513184579997442,23.1166574464816,1.7375562938595,0,79.0750007629395,29.2903722445537,1.06731159442894,103.809894810516,0.0762218741858872,1.39404859532546,4,-0.412002262802384,19.007558919901,1.15388557487908,5.935542010773082
25,5.82873771910147,100.42,4.14413542195766,2.48203944467893,3.47694380938513,25.13757472,3.87848631928311,0.465247838625333,22.1007917672495,1.73674008812211,0,79.076000213623,27.5113051515827,1.38622009884217,113.286142283947,0.0675798275983248,1.38846044064255,3,-0.28772568837609,19.6626855597035,1.15388293297155,6.251811972993799
24,5.8279669438133,100.42,4.14403996917039,2.48204060695485,3.48495164911406,25.13757472,3.87819616767853,0.481041184456907,23.0644875515991,1.73697309930048,0,79.0750007629395,30.1112054459035,1.20464273356512,113.286142283947,0.0674173251312441,1.38997064783552,3,-0.258417509356428,19.811073575975,1.15316197030883,5.756961951313706
26,5.83545301757578,100.42,4.14558186760042,2.62053246344674,3.47925444155515,25.1449628,3.88178194536237,0.472923787171652,22.7708833447361,1.7381107135233,0,79.076000213623,29.3689042111735,1.28789365907632,103.809894810516,0.0673821767120989,1.38970100210763,3,-0.172983203656052,19.7049245416639,1.24454354611385,8.0
30,5.83810293085623,88.39,4.14641243573559,2.48368985402343,3.45834928297183,24.37987012,3.8841903019564,0.396469962528409,23.8425155654919,1.73632810041233,0,64.8339996337891,37.7888466260454,0.736830859523418,103.809894810516,0.0835745512285801,1.38208603750256,3,-0.187435068278392,18.7137372316097,1.1658444630435,6.259637310505756
27,5.83045418302584,88.39,4.14337902601865,2.31812076152482,3.40436831691024,24.37987012,3.88002334773084,0.413567029364754,13.6148310504121,1.73189015679274,0,64.8249969482422,33.7827670783867,1.13882811191053,103.809894810516,0.180130770203225,1.37490078345372,2,-0.171158175849646,17.0350084162904,1.0,6.050609993355088
27,5.83494540279823,88.39,4.14351812782558,2.31843396174187,3.40632984887664,24.37987012,3.8831182452088,0.426542285996122,12.7063548377024,1.73197578306578,0,64.8249969482422,32.4774503733495,1.41184397016532,94.3336473370863,0.221213656162132,1.37460232673521,2,-0.152828423254159,17.0670405355383,1.0,5.889410289700751
27,5.83055234917572,88.39,4.14391630280689,2.31848089251678,3.4304280953133,24.37987012,3.8804396560809,0.418215352939993,16.9365718933341,1.73502850654199,0,64.8249969482422,33.8625561667205,0.976983078899324,103.809894810516,0.209505495390856,1.38543118176128,3,-0.348885527124599,16.4224440048559,1.0,6.008773924307505
27,5.82831313241548,88.39,4.14312922711044,2.23823687940535,3.39845973236002,24.37987012,3.87907139255251,0.401987743224947,15.3035493504274,1.73256274332567,0,64.8249969482422,31.6842202207295,0.917940539255542,113.286142283947,0.179452447144621,1.375538439781,3,-0.207821712902577,16.8948002956721,0.999999999999999,6.309803919971486
28,5.83005644148214,88.39,4.14420848206333,2.31686216219489,3.44889427965064,24.37987012,3.87959914525767,0.381115765234295,15.1880722535864,1.73423423865429,0,64.8339996337891,33.8834496629823,0.871274104557903,113.286142283947,0.195453749942924,1.37819793525976,2,-0.153183701547225,17.4191727332748,1.04847310026744,5.966576244513051
31,5.81412414361775,75.5,4.15243572546183,2.01687543844198,3.41586920882646,23.0213652,3.8896140463124,0.27507238069165,14.2636188537878,1.79067381476893,0,51.9020004272461,25.3982941163793,0.819131556453092,160.667379651097,0.02598245672877,1.38261561604711,2,-0.148223603132001,14.5186210202997,0.999999999999999,4.522878745280337
31,5.81527845363471,75.5,4.15268892043435,2.09343995764125,3.41800275635838,23.0721321,3.89043179097026,0.280403279798821,13.7440414693246,1.78981609784451,0,51.9740009307861,24.6853036296576,0.977757916728539,141.714884704237,0.0378716677263617,1.38178317961943,2,-0.109403711442098,15.3961115449567,1.0,5.100179497572904
25,5.83222651096667,100.42,4.14441176310075,2.4820507956446,3.47815078346394,25.1449628,3.87993221550288,0.449831713039022,17.5547517417088,1.73635367023393,0,79.0900039672852,26.7264555850548,1.27487144447621,103.809894810516,0.0659097043023522,1.38783258816439,3,-0.260586380916737,19.1842476944137,1.15388895605851,7.221848749616356
29,5.83491011155214,88.39,4.14524446382485,2.34742590519038,3.45752791070619,24.43063702,3.88235657011273,0.402985364976452,18.1842891742452,1.7346038498696,0,66.4409942626953,35.6902003690464,0.700686791071539,103.809894810516,0.0804774874385381,1.37993070302029,3,-0.283844613771536,19.4244015119862,1.15271574127189,6.337242168318426
29,5.83490956565357,88.39,4.14512708326356,2.34268625732573,3.45631997484393,24.37987012,3.88322564882506,0.401615872535738,21.6248376788093,1.73505251674139,0,64.8249969482422,39.794580673451,0.777318561224612,103.809894810516,0.0844602790362459,1.38015703688359,4,-0.172306133374209,18.9057159017325,1.15271574127188,5.609064892896621
28,5.8302434555544,97.62,4.14448801553758,2.36252515211741,3.46041174666843,24.43063702,3.88016515854926,0.388714607651588,19.7112408242884,1.73320394747468,0,93.5790061950684,38.1110518115633,1.37418636879443,113.286142283947,0.0770701372175305,1.37865489512002,3,-0.28430179576976,17.5860114348933,1.14415450437647,5.987162775294828
