L1p,SpMin1_Bh(p),RNCG,HOMA,H6v,TPSA(Tot),SpMax_B(p),SM15_AEA(bo),Eig07_AEA(ri),RDF060p,SpDiam_B(p),Tp,VE3sign_RG,F07[C-N],MATS1p,CATS3D_02_AL,H7v,SM02_AEA(ri),Eig07_EA(ed),DP15,Eig12_EA(ri),SpMin4_Bh(s),F06[C-N],Eig12_AEA(ri),SM11_EA,G2p,TIC4,SAacc,SpMin8_Bh(p),SpMax8_Bh(v),CATS3D_14_DA,RDF080e,H8s,TDB04v,Eig06_EA,B07[N-F],SpAD_Dz(m),VR2_B(p),SpMAD_B(i),NssCH2,alvo
7.31252837068396,2.06619545627947,0.150586894151745,0.777438276923076,0.100371940518328,100.3,3.95496578428625,2.04175179551789,2.97861760223671,22.0702502034002,5.88740643086387,15.3691927609509,-4.17522430973857,7,-0.0385384310153089,5,0.0328660076724958,6.06520454741165,6.06520454741165,6.32586984103322,1.0,0.931065293103387,9,2.0,13.9516372050009,0.177246816847943,270.538804938383,132.568632636984,1.09566677829357,2.74849331979554,0,21.4831436593399,0.229866528756843,2.18921673665576,2.25231916988586,1,293.376159446945,1.07323038540538,1.53518799623195,2,6.431798275933005
18.6612174449171,2.0860263639504,0.153070870033617,0.7521839904,0.107851910905194,85.31,3.87394118668875,1.54755973755737,2.48375978133153,4.02813649783267,5.81360215202647,22.5068068511614,-2.74115419292797,8,0.0267416993365248,4,0.0404797458838575,3.67563296206769,3.67563296206769,11.2688363968308,0.679503139922546,0.500273612352428,8,1.66270378483958,13.2884691664234,0.158179590939782,210.877123795495,124.584037554787,1.02964995883181,2.71659342477882,0,10.8227744462004,0.189796339557463,2.16564941578545,1.78244375820632,0,220.219078831844,1.09099694872683,1.57327933186912,0,6.468521082957745
18.7414448344759,2.08573258080707,0.150630953418243,0.7521839904,0.113729952831197,85.31,3.87594617072494,1.78229778538887,2.70683956370264,4.02025970796527,5.8157631103903,22.9750260979419,-2.74268029692436,8,0.0336337887759437,4,0.0407787359887795,5.22488835159337,5.22488835159337,11.2454507584093,0.679515658687581,0.499861550665951,8,1.66271918084832,13.410936552706,0.158179590939782,202.877123795495,124.584037554787,1.01063575550958,2.72326552006027,0,9.97722789321712,0.207935267984685,2.3175730557867,1.87938524157181,0,231.381268147315,1.08772743603762,1.55071691169832,0,5.388276691992658
20.5437499234767,2.0863418790973,0.159800840019806,0.7521839904,0.120410204370051,85.31,3.87420408920662,1.54755973755737,2.48383255587962,4.03743669080994,5.81383171869221,24.6984759806506,-2.95585926589957,8,0.0222604784196788,4,0.0485405129441552,3.67563296206769,3.67563296206769,11.2943048643727,0.679517274752758,0.632947805356888,9,1.66271730176274,13.2884691664234,0.155611391402494,226.574496950027,109.623924283774,1.10184297014141,2.76678972638656,0,11.0607903462261,0.235289713559516,2.0342412760284,1.78244375820632,0,222.119304165872,1.09100081217154,1.57245916870828,0,5.6439741428068775
19.1978828179858,2.08594024176855,0.163573424861437,0.7521839904,0.101331075250972,85.31,3.87337050789927,1.54755346745117,2.48362658442028,4.05301436860767,5.81291036290411,23.3926706160892,-2.74127406481273,8,0.0266470284477692,4,0.0458679651156349,3.67452144824141,3.67452144824141,10.7162110551746,0.679464539049028,0.50133524594031,8,1.66268778300674,13.1857718853174,0.171240638681063,202.877123795495,109.623924283774,1.06232040052899,2.71516844400827,0,9.94421307003793,0.149502619859099,2.11756515045773,1.7806580574034,0,206.689304102368,1.09451106174048,1.58491518163682,0,6.1249387366083
19.6646352389803,2.0870028368817,0.134243550335054,0.7521839904,0.138321295667378,85.31,3.87370951016758,1.69651910641302,2.65271307273733,4.7733647723058,5.81337402654049,23.4828823818165,-2.950406947182,8,0.0150029018508288,4,0.0489198733681286,4.83133959414419,4.83133959414419,12.3768897258756,0.951805957551812,0.502462310768158,8,1.954477310046,13.8659707554229,0.161972688765155,226.574496950027,154.504264096811,1.10237165876197,2.71106186208263,0,13.2118906219872,0.520885251291577,2.0717910287718,1.85398997827206,0,255.968925609093,1.08471946811323,1.56316814089109,0,5.681936665037238
41.4421463014787,2.09330762417941,0.110475722938088,0.738783943030303,0.46434413537853,97.62,3.88002156786439,2.35718527862919,3.29346031182826,9.86613975404913,5.82974957719216,46.0536833477091,-7.65122073383183,14,-0.0391212572387991,8,0.239263668543801,7.071334727584,7.071334727584,19.0139147907933,1.3250293459989,0.921870331431714,14,2.35131747555734,14.2732258691435,0.145293020839243,329.566164908021,220.642982040838,1.3701743823478,2.98066763459318,0,15.6309420616566,6.23275913782843,2.22967959551507,2.63931482984806,0,558.356704572906,1.08016444478398,1.51982871805244,0,5.882728704344236
40.5850816075545,2.09496805780448,0.096258603742711,0.740322333939394,0.422237271072755,88.39,3.8815030518489,2.26834921038088,3.22120021489705,11.1923518674152,5.83191537005261,45.6749501474706,-5.93800291090434,15,-0.0117000875686904,6,0.222509637903099,6.60116699146359,6.60116699146359,17.251358787584,1.29745983469001,0.925019334497457,14,2.32641076412346,14.1007308527263,0.159132200918605,333.510315084846,164.762754340194,1.45267122049929,3.09989369107415,0,15.7914920960394,1.77028300246322,2.06636093043592,2.39512525929446,0,474.382973175775,1.08615851262741,1.5334819586366,0,6.7447274948966935
22.3927557189748,2.08521245223812,0.145390832683488,0.850856193043478,0.135958520656468,97.34,3.87161244427657,1.54702149620521,2.48281447872464,6.17871750899665,5.81092879741412,25.7432622254248,-2.87734253881981,8,0.0187824106329185,3,0.0781112142611241,3.67237046097541,3.67237046097541,11.7411911201724,0.679718727310907,0.50276913639601,11,1.6628967328801,13.0830007341795,0.168737001330765,211.722444254544,127.634674966804,1.09851749827157,2.71516844400827,0,8.57930511029151,0.428842700482784,1.96525479406565,1.71561084106437,0,213.589488254911,1.09453169477783,1.58868127210354,0,5.943095148663527
22.3050342332064,2.08525417543728,0.133763223895318,0.850856193043478,0.151047927270853,97.34,3.87205574203491,1.71104761281999,2.66552241356662,6.20128835865412,5.81144540858591,25.6650059106412,-2.87763334426732,8,0.0168009871723548,3,0.0857255302632834,4.90686711179175,4.90686711179175,12.6622241205699,0.679775301957316,0.502259110718896,11,1.66295108513472,13.238927893189,0.156437788342072,224.477331756708,157.554901508829,1.09911789577832,2.7330513354983,0,9.30088174490406,0.710377440229354,2.0499255986488,1.95879003093318,1,243.231144169496,1.08777167940841,1.55520591404666,0,6.036212172654444
23.555285053707,2.08506564352015,0.146303706524086,0.850856193043478,0.141964595531544,97.34,3.87186479961633,1.65056858795789,2.61366209016839,6.08128424431615,5.81119089889248,27.1547243363671,-2.87835690274128,8,0.0284157833057165,3,0.0878469336277225,4.54804515296877,4.54804515296877,12.1464007320029,0.679720523771481,0.502617021023897,11,1.66289850775565,13.1271817503783,0.168737001330765,220.477331756708,127.634674966804,1.09791691125511,2.74588880286623,0,8.59476988539313,0.42676560173446,2.05571139311174,1.83588456816848,0,227.284116207135,1.09102943648782,1.5569830598523,0,5.300162274132754
23.5995943753316,2.08490830692647,0.143091485721548,0.850856193043478,0.150671603467981,97.34,3.87254010311743,1.6541474936615,2.61412583515198,5.91553921196361,5.81190257626986,27.3705223012329,-2.87876394815035,8,0.0381293583886995,3,0.0870153145802214,4.64917308397103,4.64917308397103,12.1727949648262,0.679748552911053,0.502617007143713,11,1.66293418616416,13.3111291257222,0.19153654924515,224.477331756708,127.634674966804,1.09562424031605,2.77292430581939,0,8.74375260572324,0.519229737428681,2.16860053664348,1.83623552053335,0,238.124189655436,1.08777450283788,1.55119940606591,0,5.896196279044043
19.2315483185911,2.08691350922283,0.134307147447364,0.7521839904,0.114285496880584,85.31,3.87355301843376,1.70767979137926,2.65445815835136,4.00511244583995,5.81317139359221,23.4685356640181,-2.95073678139564,8,0.0150029018508288,4,0.0473263235132863,4.91811089292111,4.91811089292111,11.830111652135,0.951944081670218,0.503367048894455,9,1.95459830585081,13.8556260629796,0.167560109227301,218.574496950027,154.504264096811,1.10188634719984,2.71516844400827,0,10.207965195554,0.528957678060349,2.043399584062,1.85625212489232,1,264.076872297681,1.08472482256905,1.56321636813228,0,5.152427340857888
19.5591124169791,2.08794321269317,0.115396358000517,0.7521839904,0.242146236483971,85.31,3.87582010879288,1.8643994809495,2.7950907312222,6.59591062064236,5.81591053382654,24.0302588886244,-3.16493362955846,8,0.0107387352149461,4,0.0613154364859349,5.51054217360109,5.51054217360109,12.271580551433,1.04238411404935,0.50298341311034,8,2.05373232670892,14.2897371330096,0.179366692236495,228.574074974296,199.384603909849,1.18936222538136,2.78038737414906,0,11.2612409355902,0.531325792902293,2.13065355848411,2.28139915552602,0,312.578187755412,1.0743922708593,1.51978028897853,0,5.079876673709276
41.4252645210591,2.09898601626382,0.0959822119974778,0.767293484516129,0.367001064359396,87.53,3.88980456299471,2.16993348096179,3.08219030360145,10.3980100251704,5.81414767986047,46.0971909996826,-9.03732534302529,10,0.0104721048351113,8,0.21320043296857,6.38210842523171,6.38210842523171,17.3275405001416,1.22094167088036,1.01883045878569,14,2.22604600480004,14.0301678022193,0.16533980134339,325.008010215235,165.987975475094,1.39246240911381,3.0259813155496,0,15.5988605099751,1.69037962542182,2.09819266137044,2.39183145091143,1,462.97668593764,1.08835164193854,1.56069326505951,0,5.634512015109101
30.7297110743541,2.09964145368162,0.130249133270545,0.697954366060606,0.363053586660236,84.73,3.89016177419709,2.13628439574805,3.09612953335169,8.50258822359166,5.814826737443,36.2762210093564,-8.9363302238406,10,-0.0228413608105929,11,0.159713366299695,6.32925033821234,6.32925033821234,14.5750918760814,1.2181864050697,1.01500904264452,11,2.22318820334964,13.743727726728,0.178042382447598,314.964955803064,158.97711267967,1.38818290985927,3.01124640257014,0,18.7817529303038,1.25398732139848,2.10516964133832,2.35407268619974,1,437.658702885292,1.09066011937108,1.57238650444301,0,4.522878745280337
33.7572566556849,2.09963830267315,0.130412421036889,0.699866145454545,0.460210790544213,84.73,3.89009636705327,2.18747228696499,3.14299016728367,7.80135293750855,5.81470678117088,38.6137705418998,-8.81752647485968,11,-0.0228413608105929,11,0.268470528987461,6.49417609521297,6.49417609521297,16.9014278910576,1.15877804075697,1.01501072005369,10,2.16577716375628,13.7363017524976,0.162480369128111,309.719843305227,158.97711267967,1.37089051934945,2.95975871948425,0,18.6775262802211,5.00033723336585,2.09107882957863,2.35716391183026,0,448.63650563933,1.0906636336335,1.57278223881553,0,4.672028376376989
17.1073042839757,2.08635950387746,0.160380919819661,0.7521839904,0.095276482753478,85.31,3.87266572847961,1.54687440356713,2.48265209085269,4.16071149353949,5.8121775097366,21.0445826639632,-2.7399813720788,8,0.021138522219689,4,0.0364606052749279,3.67142699205507,3.67142699205507,9.78729049292271,0.679372395777045,0.501722870497825,8,1.66259136666026,13.152816924873,0.158179590939782,202.877123795495,109.623924283774,1.06232040052899,2.71074676998796,0,10.9485758125617,0.154154478209023,2.02898200563364,1.66287512622467,0,192.161393690411,1.09829481397421,1.61715242874422,0,6.070581074285707
17.0604348137645,2.08646359850713,0.146777119096961,0.7521839904,0.0973330979808659,85.31,3.87384900224309,1.64066676710757,2.59028731357905,4.33209873170574,5.81373161063582,21.0118152603815,-2.74081276055174,8,0.0195365503887606,4,0.0390667834016745,4.43901142022849,4.43901142022849,10.3988642054279,0.679555464206985,0.500604407980756,8,1.66275134373897,13.3258477471335,0.158179590939782,210.877123795495,139.544150825799,1.06845170856802,2.71655730442,0,10.2491579708408,0.146609159526617,2.11726954720625,1.82335101433452,0,219.688967014985,1.09097249247853,1.57002556954493,0,5.139063379299906
17.0381499057187,2.08645048357548,0.14938087488123,0.7521839904,0.102234324113711,85.31,3.87359985686202,1.76974365320093,2.7168928583341,4.42620459952364,5.81334172719985,20.9867591094951,-2.74154156412825,8,0.0195365503887606,4,0.0365053620366297,4.96257486685741,4.96257486685741,10.7820708944303,0.679403724797583,0.500406281083722,8,1.66261638077691,13.2520767406219,0.158179590939782,202.877123795495,139.544150825799,1.07424796772333,2.71359329698762,0,9.867246897846,0.273326311214802,2.12927864996852,1.87938524157182,0,219.48587483729,1.0909883742529,1.56866148819222,0,6.337242168318426
18.5924615047917,2.08559786896648,0.158158999834749,0.7521839904,0.111661288693662,85.31,3.87532940866743,1.54750416536519,2.48346401710019,5.12700102901298,5.81507790454784,22.7435141538687,-2.7425634179746,8,0.0347038991232358,3,0.0415195670277218,3.67548185366589,3.67548185366589,10.7028836143204,0.679494040539303,0.501323819748282,8,1.66271842744642,13.3957877907694,0.158179590939782,210.877123795495,109.623924283774,1.00780811103557,2.71982789946088,0,8.73327749825166,0.234178671202376,2.25778748549409,1.7724372506955,0,214.638561606708,1.09098782961418,1.57213862968747,0,6.1938200260161125
19.8640555988824,2.08575397895544,0.160350682281801,0.7542146664,0.110537785829658,85.31,3.87435198799505,1.54755973755737,2.48371059005063,5.178418320964,5.81397275687355,23.8931195782344,-2.74177557947264,8,0.0347038991232357,4,0.0449058213976635,3.67563296206769,3.67563296206769,11.3404890054743,0.679478076438323,0.500602083881207,8,1.66269306591745,13.2884691664234,0.171240638681063,210.877123795495,109.623924283774,1.0219164643178,2.7264299927553,0,11.0067160419716,0.187466275900213,2.20538741365659,1.78244375820632,0,218.761142313098,1.0910016103582,1.57170921696202,0,5.91721462968355
18.7900840577715,2.08571046051047,0.162565111551043,0.7521839904,0.111410663493432,85.31,3.8742849695196,1.76974365320093,2.70683956370263,4.14166144618413,5.81391888953644,23.0183507889717,-2.74244520893679,8,0.0347038991232357,4,0.0374603968370327,4.96257486685741,4.96257486685741,11.0522237895125,0.679397952443448,0.500852112643221,8,1.66261419976871,13.2520767406219,0.158179590939782,202.877123795495,109.623924283774,1.00734167404945,2.71821317857263,0,10.9635264244055,0.213156122163634,2.28807181107239,1.87938524157182,0,216.745415107357,1.09100047045378,1.55212030794681,0,5.531652669587842
30.3290050523167,2.100315590279,0.118869953518586,0.699155518181818,0.238504374057226,75.5,3.89116449948565,1.9359537171361,2.91853675964846,9.61005386484823,5.81601962252365,35.9428057914246,-6.03452989257472,10,0.006841912394991,9,0.111931585567879,5.65005878132736,5.65005878132736,14.468404490773,1.05945723085516,1.01827009496403,10,2.06532991787085,13.4856235907819,0.15342793062519,329.566164908021,103.096884979026,1.39856751367591,3.05391149264218,0,17.3904494453459,0.582580140668741,1.93527377929959,2.15416782819037,0,370.480686448752,1.09841806257185,1.59868895927012,0,4.522878745280337
34.2084990061107,2.1001994768437,0.118955393491684,0.697954366060606,0.310284342318601,75.5,3.8907874966612,1.87938524157182,2.87938524157182,9.27800727333373,5.8154959316774,39.5124391825243,-5.06195679201671,10,0.006841912394991,9,0.154159181746656,5.62731081166063,5.62731081166063,15.3292883758378,1.09221311702179,1.01853795742223,10,2.09853442560278,13.4201586387343,0.168094042296078,313.566164908022,103.096884979026,1.40846947233738,3.10104971524194,0,14.4811503217196,1.01883996630382,1.93418975186841,2.18960049042689,0,372.763513330826,1.09842839974181,1.58548952104681,0,4.522878745280337
33.9868223676611,2.09968011700452,0.152393647823095,0.699492756969697,0.465661658823764,93.96,3.89053710463687,1.88811566597022,2.86196144993535,11.2876641803363,5.81532815018943,39.7774046765621,-12.5184866102062,11,-0.0521411577322847,11,0.286894357447442,5.69077803822141,5.69077803822141,15.7625208129681,1.1697190465247,1.01523260489464,11,2.1758959454489,13.4934261187947,0.159132200918605,334.265202587009,125.096660754239,1.4188153445071,2.96065541368928,1,20.7881047695417,1.67030510572455,2.05577616122695,2.26451719399736,0,414.722365386331,1.09310057896089,1.59712393356962,0,5.023650020996727
28.8588145184585,2.09889675568643,0.111841114650388,0.767664089032258,0.271863844806638,87.53,3.88897037266855,1.89960488155872,2.85284156975377,9.27078208213911,5.81323949554472,36.0665357551637,-8.4793338415309,10,0.0136468844989613,8,0.110263442322131,5.50586654999091,5.50586654999091,14.7020169189211,1.13720557174752,1.01833075488575,13,2.16063905761529,13.3156364138997,0.156316903017325,305.974784243856,121.107635662057,1.15803750066406,2.79019066472131,0,17.2425329813505,0.65997203008146,2.04945444419216,2.14320167416634,0,378.076620696119,1.09845573080612,1.58859371360417,0,5.133122185662502
39.8966232875393,2.09881867871683,0.109691432302794,0.767664089032258,0.453471359683529,87.53,3.88958856646796,1.89966166143969,2.85440585292587,9.41510269247601,5.81390911129692,44.0616275613313,-8.6016460855913,10,0.0168885689146145,8,0.294712204858658,5.66350972088193,5.66350972088193,16.633050739736,1.22012504330767,1.0182329166249,13,2.2258853474352,13.4702996501338,0.160330449351379,309.974784243856,121.107635662057,1.15781088438423,2.80622387475759,0,14.9860811582828,1.56502523727589,2.13276277957344,2.15917803859855,0,393.041584710207,1.0957171932522,1.58266050627141,0,4.799149501908922
41.8768420123953,2.09885133000887,0.111169157848155,0.767305092903226,0.474786459568521,87.53,3.88940317391876,1.9492328217144,2.90915853180656,10.0668732501948,5.81368944132382,45.8462261240354,-8.60041028695184,10,0.0168885689146145,8,0.31178613917648,5.80968920509455,5.80968920509455,17.2502123821,1.19741583344367,1.01822575877239,13,2.2260366479828,13.3969252552893,0.147463051990239,307.974784243856,121.107635662057,1.1570792629771,2.80797738637624,0,14.562578580839,1.6041441070241,2.09844609579168,2.24728483099482,0,397.759983127053,1.09571956627166,1.58139784556651,0,5.350665141287858
39.5805945394992,2.0990711683359,0.0963391729421129,0.767293484516129,0.347106032949394,87.53,3.88922086125746,2.03185888698861,3.00645887209071,9.95107666333367,5.81352319516937,44.3010090633254,-9.02178842480015,10,0.0080467915804452,8,0.19809549686475,5.90349006326854,5.90349006326854,16.9731311289317,1.21789411413621,1.0188568600694,14,2.22314854786982,13.9283275052128,0.161605331748219,323.008010215235,165.987975475094,1.39484501895566,3.0248046686409,0,12.9229731868051,1.63164176613794,2.01154090491547,2.35390152820873,1,446.076032351086,1.09068031598789,1.57264945904572,0,5.367542707815276
41.3283882391235,2.09906885319117,0.0964046439942992,0.767664089032258,0.356972821040101,87.53,3.8891833978542,2.03189891302727,3.00725605282004,9.61742061080721,5.81346864623789,45.4784948799645,-9.02967846062117,11,0.0080467915804452,8,0.22456639232119,5.88582086960403,5.88582086960403,17.9726294987723,1.21883183609373,1.01887221364214,13,2.2240811125836,13.9199597585006,0.154119655430091,317.008010215235,165.987975475094,1.36707653370018,2.9828895401273,0,14.3415198824699,3.23586271298586,1.99764563651328,2.35702828123125,0,455.383423915225,1.09068150682218,1.57315815442054,0,5.521433504406157
42.1123568895961,2.09921921010724,0.0849395497354287,0.767293484516129,0.425081274420653,87.53,3.89010114906234,2.34470524810927,3.29824033414318,11.1184957572905,5.81453848678124,46.7520709654115,-9.52330807688962,10,0.0060934829637731,8,0.240675290839326,7.12159812368595,7.12159812368595,17.6986734935142,1.38674303648955,1.0190067440647,15,2.45732732694227,14.3299263294307,0.159132200918605,328.265202587009,210.868315288131,1.41282629064932,3.10223616508421,0,15.7060483583764,2.2425520996288,2.05412388892685,2.56147512744972,1,521.55809880056,1.08203150112868,1.53861568529116,0,5.681936665037238
23.4860250150737,2.08507729453642,0.139306338433438,0.850856193043478,0.153076732167894,97.34,3.87215331650521,1.66975062184071,2.64052094587666,6.17074111181713,5.8114993688159,27.0936616632676,-2.87873548080045,8,0.0272784563098038,3,0.0958129327664825,4.71661643116515,4.71661643116515,12.8440111741185,0.679751801826549,0.502134226776001,11,1.66292802648114,13.2245318037617,0.168737001330765,222.477331756708,142.594788237817,1.09854380264318,2.7509748477232,0,9.16053008493846,0.516203131858662,2.08384740264,1.89763268520185,1,243.799546160908,1.08777615303205,1.55041522072186,0,5.36251027048749
25.6118505152341,2.08504544582534,0.148003136128507,0.850856193043478,0.167489148496169,97.34,3.87193075363286,1.66786657637627,2.63313922626519,6.59843221270595,5.81125322650018,28.8447181667436,-2.87766150968227,8,0.0287791005682758,3,0.100026099334348,4.67894940078546,4.67894940078546,13.049553206635,0.679739285094788,0.50258455391224,11,1.66292203595855,13.1177668294453,0.179995788838212,214.477331756708,127.634674966804,1.08406196418232,2.71516844400827,0,8.5875927877407,0.45445670637098,2.04998883100391,1.88308054821644,0,229.233590445005,1.0910298539294,1.5704828800514,0,5.333482019445119
24.3516684366321,2.08546367246724,0.123533899455079,0.850856193043478,0.156005991815805,97.34,3.87211114507542,1.72286732826895,2.67529287877353,6.51105518609581,5.81145934094929,28.1257865316145,-3.08779387280188,8,0.0114933768154232,3,0.0938043117897388,4.98795979456423,4.98795979456423,13.0306962882697,0.952073082954551,0.503093759356635,12,1.95470706056029,13.8306306707534,0.154039221954264,236.378501832672,172.515014779842,1.11301244535078,2.75191928633005,0,8.60885399418548,0.966198970615327,2.00473443797865,2.0,1,281.591353439493,1.08192396890789,1.53905460770451,0,5.281498311132726
25.7228243602806,2.08545128357926,0.123628172649771,0.850856193043478,0.164825579168633,97.34,3.87206966876579,1.72624014124508,2.67549888934611,6.17628959176484,5.81140586599502,28.9870902000429,-3.08671513333889,9,0.0114933768154232,3,0.114102344599324,5.00263116471281,5.00263116471281,14.1772388700515,0.952075687917982,0.50343007551463,11,1.95470970080358,13.8214001800405,0.175645012205851,230.378501832672,172.515014779842,1.10272684341886,2.71516844400826,0,10.0639552317054,2.76138470422697,1.98647664381077,2.0,0,289.852982414424,1.08192518172904,1.53969884856541,0,5.958607314841775
25.8398229568104,2.08584475145002,0.107355865937632,0.850856193043478,0.179535955013454,97.34,3.873050844848,2.0,2.96150972475825,7.67580123275432,5.81247834220892,29.7644218876704,-3.2982354961774,8,0.0063455181795398,3,0.117034467466861,5.70175287829319,5.70175287829319,13.6488291178219,1.15686642025533,0.503319171308476,13,2.21077153535078,14.2656105423117,0.162305632647406,240.568425030289,217.395354592879,1.25121921738255,2.85848065591175,0,11.380355351211,0.98871910808212,2.06012514289052,2.33445365266577,1,341.583770817991,1.07227585270814,1.49866587483255,0,5.042871802323187
25.9147082477414,2.08526639805938,0.123020180351105,0.850856193043478,0.171670918449325,97.34,3.87274577813731,1.88421308352703,2.81751766350705,6.95373342572201,5.81211967277179,29.5992400472743,-3.08832605469281,8,0.0194292983732418,3,0.110033584332844,5.48143772846791,5.48143772846791,13.4220369530997,0.952077511462652,0.50272119636466,12,1.95471200210744,13.9423590446343,0.160057089508594,238.378501832672,172.515014779842,1.10509855985458,2.77959532632739,0,11.2269650055144,0.965168712132481,2.11891404276298,2.15805633021717,1,294.336077355916,1.07927808804305,1.526027225243,0,4.9503943874050265
25.9642896638659,2.0854202267248,0.144024388622942,0.850856193043478,0.147521034934975,97.34,3.87181230063188,1.66786657637626,2.64182490555262,6.21633363799412,5.81113688629105,29.2007062475944,-3.09003451225954,9,0.0138551533179774,3,0.0958876372497963,4.67894940078547,4.67894940078547,12.7858861010585,0.679754665421681,0.622454734960986,11,1.66293063440706,13.1177668294453,0.186149695561878,230.378501832672,127.634674966804,1.10267407316398,2.71516844400827,0,10.0543143682795,0.693052563488209,1.86488204373538,1.88308054821644,0,233.098608207882,1.09102962971851,1.5710358782477,0,5.568636235841013
27.2039603044723,2.08524944045023,0.184532238023741,0.850856193043478,0.154518345782135,106.57,3.87179440033667,1.6762099698216,2.64510929684034,6.91181186720396,5.81112158012367,30.3740061385809,-3.16001309738674,8,-0.0313925562918879,5,0.0774674265065246,4.72564647679473,4.72564647679473,13.5118053392952,0.679787169324939,0.5763816991492829,12,1.66296015011238,13.1326839367442,0.153290488652678,237.328962476459,138.634562854411,1.10407351251184,2.71516844400827,0,10.7004774441559,0.716474411484045,1.9623917717051,1.90846317726957,0,251.956022088179,1.08777826627337,1.56753400289063,0,5.522878745280337
38.3980099757011,2.09228447187331,0.0977605520379153,0.811127832258064,0.430737136133314,100.42,3.87600046494289,1.9886459186502,2.93584730754335,9.94836439968026,5.8247431661214,42.2098159250438,-12.0866796164672,13,-0.0119780305598032,5,0.274005127498952,5.74560199741264,5.74560199741264,16.8771841523302,1.21578267960654,0.922823814340292,17,2.2213486404445,13.4090554599778,0.15709347966205,302.763925116828,167.813391752212,1.12151285555393,2.78337120851926,0,14.3954289944177,1.76529015682142,2.07336276865542,2.18374140823281,1,397.930055521339,1.09580214054365,1.58616936282424,0,5.701146923590294
38.2474011432428,2.09242824118356,0.0929478100131784,0.810955876129032,0.446240783121247,100.42,3.87757817682958,2.16043821835585,3.10995190444752,10.24019936405,5.82855423101921,42.0689129924345,-5.68601379962789,13,-0.0123890771746096,5,0.291578385591064,6.08413503579686,6.08413503579686,17.4412400862235,1.32656890354593,0.921235408941594,17,2.35891800252362,13.486724506794,0.15709347966205,302.763925116828,197.733618294237,1.12151549716426,2.78454347212087,0,13.4898910528882,3.65242604644259,2.14687237502233,2.30363725023694,1,436.659126709808,1.09068542146324,1.55242450927471,0,5.235077015350112
40.3195355953637,2.09103003531457,0.0967985314564983,0.811248503225806,0.407563643837066,100.42,3.88051565605327,2.15461556103823,3.09752440700694,10.4669986354368,5.83163528352519,44.5218585223447,-5.65959177464841,13,-0.0020538505047235,4,0.214305243572816,6.09102740156653,6.09102740156653,17.2216105417725,1.29152335610816,0.922432505730654,17,2.35782164547267,13.602038833378,0.169372076872468,310.763925116828,167.813391752212,1.12149806539616,2.8060148758377,0,17.2940518072837,1.72835588916919,2.24118177894608,2.28601901507977,1,431.4582818487,1.09068164911587,1.55598539374771,0,6.769551078621726
42.4576033034627,2.0913009199319,0.0977475994138074,0.810955876129032,0.469742051578318,100.42,3.87876893832918,2.17305375675117,3.11982549364105,10.968875561967,5.8286176526699,46.2885782584191,-5.65768724877486,13,-0.0020538505047235,5,0.32359867968602,6.13142869807592,6.13142869807592,17.8714185241595,1.2629734919958,0.922319354417291,17,2.31352930722683,13.5156141938329,0.152864446129798,310.763925116828,167.813391752212,1.12147025884219,2.79525952290822,0,14.7351911834777,2.19371387763856,2.20273093018342,2.39457420638389,1,436.233325565559,1.09072087771337,1.55567739049573,0,5.723538195826756
41.2611174771627,2.09122472469306,0.0986923525887486,0.811127832258064,0.465039525396607,100.42,3.878698246441,2.16043821835584,3.10551565239557,9.91929115176267,5.82866881412825,45.2847954020302,-5.69490043451993,13,-0.0020538505047235,5,0.313863007102775,6.08413503579688,6.08413503579688,17.5408234148185,1.32624678457606,0.922351579779621,17,2.35882387544311,13.486724506794,0.15709347966205,302.763925116828,167.813391752212,1.12149001145248,2.81472820061683,0,13.4442753031654,2.64415768896645,2.2633454670415,2.30363725023695,1,433.867572775549,1.09071812203819,1.54122921372196,0,7.221848749616356
40.3636843652899,2.0917472751288,0.0945863660265337,0.810955876129032,0.463183802023814,100.42,3.87811711494723,2.17305375675117,3.12084322927971,9.83016073140164,5.82835359939541,44.1733665071777,-5.66186460770524,13,-0.0073093252653795,5,0.318977940846182,6.13142869807592,6.13142869807592,17.7994297230381,1.27904688218053,0.921771671877701,17,2.31925214376892,13.5156141938329,0.161199088323365,310.763925116828,182.773505023224,1.12151193551324,2.79089562142517,0,13.9284692759434,2.24848453331976,2.17355743071825,2.3945742063839,1,437.706152540075,1.09070727807824,1.55685348696367,0,5.809668301829708
41.1682934382813,2.09126142626994,0.0935073998428528,0.811127832258064,0.470917279613493,100.42,3.88124759512283,2.1736480721593,3.12176127035949,9.80379359057374,5.8328910036398,45.197161070041,-5.68089364445397,13,-0.002392001402185,5,0.317463820777128,6.1358555439154,6.1358555439154,17.8399100666166,1.32940421236564,0.921460162934756,17,2.36141813372449,13.6143816464261,0.15709347966205,302.763925116828,182.773505023224,1.1214954386873,2.81472820061683,0,12.9690368777696,2.71764507976342,2.28499742452083,2.40622659371357,1,454.296530783181,1.08832349435679,1.54152364220865,0,6.4089353929735005
43.7709353534862,2.09224919650276,0.0975118141344335,0.810955876129032,0.467290016522719,100.42,3.87853571235511,2.17305375675118,3.12187063469959,9.78717363035874,5.82845156735274,47.6212894572185,-3.16803793287637,13,-0.008595569509907,5,0.313848489913212,6.13142869807592,6.13142869807592,17.8250847358462,1.29630390628339,0.925342893954904,18,2.33489350273612,13.5156141938329,0.154831067173577,327.719843305227,167.813391752212,1.25502833225131,2.85680852743833,0,14.2886039980845,2.19003287918787,2.07330778998356,2.3945742063839,1,439.611921120374,1.0907184538636,1.55618666766747,0,5.703334809738469
19.642297293838,2.08706497115682,0.128479174521818,0.7542146664,0.140318308182666,85.31,3.87460905050958,1.78086163894543,2.72630513610681,4.91726742772916,5.81451198472529,23.46333129371,-2.95072706419043,8,0.0144164403809051,4,0.05102315503106,5.32265932206994,5.32265932206994,12.4053023379064,0.952000077771527,0.501256147457605,8,1.95464294618545,13.9742845338688,0.161972688765155,226.574496950027,169.464377367824,1.10239611541689,2.71659598229739,0,9.67493704103601,0.303040354350355,2.1228158139133,2.16846292643853,0,269.117411943009,1.08186309249974,1.5437015582719,0,5.671620396561262
20.714432764522,2.08728002724137,0.198324582013161,0.7521839904,0.136224999016972,94.54,3.87452537658404,1.54768564020672,2.48407343335595,6.46660617575614,5.81436220766032,24.9920515340244,-3.24161123202063,8,-0.0284070575609643,6,0.0549838805103333,3.69909248904206,3.69909248904206,11.3453748214607,0.679685617876261,0.605120197337969,9,1.66286783861832,13.4195704427412,0.152564870601159,249.555901024522,120.62381217138,1.25323384471367,2.86215212193759,1,10.8255311989364,0.335554177053024,2.02723523816073,1.7816621724238,0,235.768848448913,1.08772747904329,1.56667766981845,0,4.997402019280091
16.674787399038,2.08647931227245,0.146119214896193,0.7542146664,0.104736369139776,94.54,3.87325221345661,1.77288780812167,2.71921479376077,5.85097858823775,5.8128707774013,21.5528596201137,-3.02789766866459,8,-0.028439632499086,6,0.0330482367582119,5.30460686295962,5.30460686295962,9.65300360083753,0.951811797206237,0.501397410136121,9,1.95448123067908,13.6250048017884,0.171731919799903,233.460103717878,165.504151984418,1.10237727416361,2.71107497802995,0,16.902880259004,0.306339746223005,2.12822570729429,2.12316761156401,1,274.393373712969,1.08190145600067,1.53879756224081,0,4.861697301833718
20.5308243998018,2.08651415006922,0.133642365596854,0.7521839904,0.140738110386806,85.31,3.87517901563894,1.78086163894543,2.72383590156458,6.04583900616821,5.8149727873644,24.528878874683,-2.95120608278382,8,0.0201335545884806,4,0.0536430145588603,5.32265932206994,5.32265932206994,12.4209327890356,0.951983462633487,0.501632259485693,8,1.9546382774353,13.9742845338688,0.167560109227301,226.574496950027,154.504264096811,1.10222071646398,2.72658701042516,0,10.1440380678216,0.320874130724776,2.1905706952096,2.16846292643853,0,267.807201340354,1.08187848846613,1.53676600159351,0,5.85078088734462
19.729264756532,2.08769753705472,0.157063715313508,0.7521839904,0.146739148570582,85.31,3.87402664694167,1.76974365320093,2.71847999077671,5.75348186275282,5.81367748267197,24.1757429306927,-3.17687627043402,8,0.0136354739696728,4,0.0508823937776017,4.9625748668574,4.9625748668574,10.8858659362399,0.679406836357181,0.718665916907533,8,1.66261902242316,13.2520767406218,0.164291815289034,228.574074974296,109.623924283774,1.17435590458505,2.7569873520856,0,11.7145390003009,0.275948752603764,1.90509471949,1.87938524157182,0,223.057161684477,1.0909985982017,1.55608217338951,0,6.086186147616283
19.381628282488,2.08647003622582,0.146324749508522,0.7521839904,0.137575057854303,94.54,3.87317520216834,1.78124790400174,2.72709254975266,4.46060504043739,5.81275485861368,24.0562137706274,-3.0217680738191,9,-0.028439632499086,6,0.0494984665595023,5.32515917813156,5.32515917813156,11.7778503871634,0.952006101032661,0.501113820129819,8,1.95464755169249,13.6166387990007,0.166428834349117,225.460103717878,165.504151984418,1.10218203183052,2.71516844400827,0,10.120467437117,0.201516977215047,2.1120781458898,2.17523598481728,0,284.00051470439,1.08190512014015,1.53929880094387,0,6.366531544420414
22.5033102455493,2.08656870304183,0.17025182472354,0.7521839904,0.0955981946066523,103.77,3.87369915653854,1.61089146183021,2.52182085523948,7.37501174052927,5.81340066185761,26.8865457327059,-3.3232235081722,9,-0.0705886139165121,6,0.0368207823833479,4.16905551075453,4.16905551075453,12.1147062479653,0.679657314340932,0.578795335671293,9,1.66284270255545,13.3381922415032,0.151861153330863,248.568425030289,131.623700058987,1.25285601531812,2.85638153790508,1,10.4950437118618,0.305987291832061,2.06273591239815,1.78571350324728,0,256.08849297675,1.08471602746926,1.57168678818885,0,5.4156687756324695
38.0816060386029,2.09305075387095,0.0945166876968622,0.738622408484848,0.413293322336224,88.39,3.88187794147431,2.28373098819587,3.21957201853388,9.73251571595473,5.83348653180416,42.7820803241985,-7.17863901415644,14,-0.0086976315663807,6,0.213246160808664,6.90142878594206,6.90142878594206,17.1892867560682,1.2167131018575,0.922072194521243,14,2.31835415462954,14.116468859975,0.147463051990239,313.219896741693,179.722867611206,1.33003540046841,2.98465949061489,0,16.2981540598081,2.40181495620153,2.27571739685531,2.5130419501484,0,470.93427267989,1.08609798301829,1.54297869936962,0,5.966576244513051
35.5458977497044,2.09301384624112,0.120992514189746,0.738783943030303,0.365822024054871,97.62,3.87884960756297,2.28778436108732,3.24150689093684,8.83442083808097,5.82884265196669,40.2717490520136,-7.39607673438275,13,-0.0400205241748473,8,0.160441437304745,6.90862034714165,6.90862034714165,16.3557389728795,1.27909362662141,0.921118491503839,15,2.31885718141075,13.821115819095,0.16338294362394,320.456988133062,190.722755498813,1.38275031243081,3.01167417624524,0,18.8618403933519,1.35151242678152,2.22953042387413,2.51960903155698,1,478.083283115207,1.08617363588686,1.54455668012764,0,5.823908740944319
41.9977629994332,2.09161171450811,0.0991199796852808,0.811127832258064,0.415021007931652,100.42,3.87716169143959,2.16415475484113,3.09835628027806,9.83206237042497,5.8262001950927,45.7696469844984,-5.62586286518762,13,-0.0036709537383116,5,0.240635370393068,5.99006889872868,5.99006889872868,17.638999318522,1.23911367360882,0.922974432799298,17,2.28226353042467,13.4346556200238,0.165276697243779,302.763925116828,167.813391752212,1.12146805703719,2.79450164818703,0,13.7365040349863,1.52567648267926,2.13835175681575,2.27339880186564,1,418.511964779697,1.09320243272542,1.56510574486108,0,5.425968732272281
41.7605971295617,2.09324728909685,0.085994871586899,0.811127832258064,0.493363805386412,100.42,3.87768092659315,2.18293741991066,3.13094358335978,10.4343818635902,5.82794450457889,45.5841820463237,-6.12744301647043,14,-0.0134200586594899,5,0.302665969852909,6.15499240648988,6.15499240648988,18.4071310922945,1.32551499282953,0.923840769565159,17,2.35792165641575,13.9997477787018,0.150869903644324,327.719843305227,212.693731565249,1.34195900356738,2.97678024466074,0,14.5345403211688,4.79187508633816,2.10177303655523,2.43772277064554,1,485.137308852779,1.08616262848821,1.54898188636552,0,6.356547323513813
21.7636131766772,2.08668915621692,0.148111299004496,0.7521839904,0.229402076504107,113.0,3.87473798758201,1.78567789193783,2.73175884552771,9.71557307154095,5.81474632169287,26.7330716088193,-3.61224470306558,9,-0.109050269000855,6,0.108680681618639,5.33661567240373,5.33661567240373,11.9174746174614,0.862079053648769,0.584346366231319,10,1.87625770267989,13.492849111816,0.163022121884134,255.893540330356,142.623587946593,1.31164957203916,2.87088961298178,1,15.7280562065089,0.371674162240963,2.10035952512407,2.06149885068464,0,282.306149377372,1.07921047152019,1.55351207152807,0,5.812479279163537
37.2370994123515,2.093654664768,0.094899665986564,0.740322333939394,0.383485639153487,88.39,3.87931500342817,2.25175593983279,3.21232144183349,7.59658665882848,5.82929552795401,41.6577121851705,-7.21030985081358,13,-0.0113158505944252,6,0.230988315883932,6.87409478353283,6.87409478353283,17.4894389995458,1.21659649360179,0.922405826990903,15,2.31727760282551,14.0143704330622,0.164314525870714,305.219896741693,179.722867611206,1.27195220662768,2.88882538814538,0,14.6612722001809,1.86770910953642,2.16076603383687,2.5105614805166,1,463.741494534604,1.08837877564342,1.56277398932866,0,6.251811972993799
38.0846616003862,2.09502005934863,0.0837234375374113,0.738622408484848,0.444376720161993,88.39,3.88282542754443,2.5072547728156,3.4504286589782,9.96756085512474,5.83667318883624,42.8510540200458,-7.70909725422475,15,-0.0116920376289829,6,0.22923199948992,7.68185337438849,7.68185337438849,17.3736372182415,1.30820730282637,0.922888297952231,14,2.32697989289998,14.3954056102867,0.16533980134339,316.253122713072,224.603207424244,1.41351336078448,3.08521947985494,0,15.4412460694066,4.00377494030357,2.22047806673857,2.66241887755998,0,528.712777661295,1.07997982078681,1.53002302787602,0,5.935542010773082
36.5063280031428,2.09385106569626,0.0915180656179078,0.738622408484848,0.410584826694162,88.39,3.88101492373067,2.28373098819587,3.22319690241629,8.59658297455426,5.83349753397915,41.2189994272011,-7.18218516585425,14,-0.0113710091732013,6,0.208722549309333,6.90142878594206,6.90142878594206,17.1486296167924,1.23241455086139,0.921716955109987,14,2.31843330351912,14.116468859975,0.156316903017325,311.219896741693,194.682980882219,1.34215028657064,2.97962829761929,0,15.2410605084279,2.39268872012396,2.22277201977008,2.51304195014839,0,472.274787754163,1.08605769047258,1.54809613673834,0,5.943095148663527
39.6962107505172,2.09246748562478,0.110427610526827,0.811127832258064,0.428898886838347,109.65,3.87693161657985,2.22771453992356,3.17779040085586,11.0189319519448,5.82672702856492,43.999272132622,-6.16923204061377,13,-0.045013038079507,7,0.253879869772228,6.47124177322363,6.47124177322363,17.3264902604398,1.33577701160591,0.922679221092893,18,2.36413867625756,13.7923309751668,0.161605331748219,335.008010215235,223.693619452856,1.38935796562102,3.01171555818875,1,17.6385560215571,1.93509030834597,2.14570430085485,2.45380840186832,1,509.526498099023,1.08408259454894,1.53133941759525,0,6.022276394711152
38.2271668225269,2.09299346952684,0.121133404872878,0.738783943030303,0.426334281845449,97.62,3.87870650831822,2.29959604240033,3.24881699738148,8.07790102981183,5.82834984313131,42.6757900149301,-7.36952184433927,14,-0.0400205241748473,8,0.206409339980276,6.89129647826457,6.89129647826457,17.8142801652987,1.24022731540046,0.921088399376263,14,2.31849173649228,13.8142447571764,0.16338294362394,312.456988133062,190.722755498813,1.36170882422431,2.96599288515728,0,15.5044527208729,1.43447785597105,2.21603615484936,2.51792788222068,0,489.347803138598,1.08618472430452,1.54493604423758,0,6.356547323513813
42.8481877743363,2.09244823997926,0.110544958735799,0.810955876129032,0.486765743671846,109.65,3.87678744836089,2.25837349510437,3.20393843492794,10.2470663765994,5.82623081857974,46.7478944649746,-6.09183542641907,14,-0.0450130380795069,7,0.263942793197053,6.56294028375128,6.56294028375128,18.7879474600241,1.3303530438918,0.922647999959283,17,2.36198379000514,13.785258545508,0.169107598406957,327.008010215235,223.693619452856,1.36488439138862,2.96597975672527,0,15.0022954404759,1.93525041439237,2.13260813658131,2.45194454815489,1,520.886354163937,1.08409362171859,1.53173662040689,0,5.421360790031928
43.0308388101597,2.09422151040059,0.0963308750250069,0.810955876129032,0.435585765572499,100.42,3.878279801459,2.16043821835584,3.11336461651101,11.5030461336304,5.82841288369521,47.2297401792617,-9.77761612277427,15,-0.013606867032665,5,0.257211891264726,6.08413503579686,6.08413503579686,17.4791898575805,1.32678336316899,0.925815021524374,17,2.3590286260838,13.486724506794,0.15275498451013,330.903660732184,167.813391752212,1.44991688738177,3.09005010431282,0,15.9116618391722,2.00097703017153,1.96960470407313,2.30363725023694,1,440.27098189552,1.09071272013782,1.54579028588326,0,6.920818753952375
42.5041751958487,2.09229262573043,0.0910605739631306,0.811127832258064,0.465112827683648,100.42,3.87676548273325,2.16993348096179,3.07860753050514,10.7082796117392,5.82549538266317,46.8900194633785,-12.8361442843363,13,-0.0088119108847452,5,0.315130201489649,6.38210842523172,6.38210842523172,17.4535412292363,1.21774749647802,0.923032914053667,18,2.22364435512553,14.0301678022193,0.146350958075862,317.719843305227,182.773505023224,1.39240317231704,3.0231274282261,0,16.3084925447878,2.17141659480031,2.12556213334379,2.39183145091143,1,462.470343207131,1.08843308932854,1.56058400567051,0,5.85078088734462
42.3500941547334,2.09243623032813,0.0868707688287794,0.812748848387097,0.48109286878741,100.42,3.87837353293095,2.29100209827345,3.24357390166428,10.9945944257752,5.82933762965224,46.7449535751929,-5.69678701192433,13,-0.0092288235237721,5,0.333905370562394,6.58016901544188,6.58016901544188,18.0084775518614,1.4442592561849,0.92143683217185,18,2.48204613111632,14.0726512030565,0.154831067173577,317.719843305227,212.693731565249,1.39270701867249,3.02315292626333,0,15.4117326723523,4.07713032311545,2.19242267274371,2.42949443669066,1,504.499224445214,1.08405020429088,1.52989500016646,0,5.7121982700697735
45.5495771074928,2.09123414170093,0.0918685022905276,0.812748848387097,0.464470171619617,100.42,3.87951168065576,2.29100209827344,3.21940907287823,10.6664938984841,5.82946989391334,50.141255282009,-5.7017650654902,13,-0.000132450001479,5,0.290639180355172,6.58016901544185,6.58016901544185,18.0398116051629,1.44135903423859,0.922558146688082,18,2.48204575974984,14.0726512030565,0.178042382447598,317.719843305227,182.773505023224,1.38789107189263,3.02318668010022,0,15.0974576646362,2.48131031985118,2.29829844276114,2.42949443669065,1,501.699397992493,1.08408052519004,1.52019571287745,0,7.522878745280337
36.698295010325,2.09470000639501,0.107598630252621,0.739058835151515,0.368063734938441,88.39,3.88018376033502,2.19622708522731,3.17401024533715,9.49322232097807,5.8305123076314,41.7959034529809,-5.42935716935368,15,-0.0114816370089501,6,0.194075572529255,6.48232737555914,6.48232737555914,15.806962973598,1.21662305114615,0.924209058483488,14,2.31786006699792,13.5256006724455,0.154119655430091,316.253122713072,134.842527798169,1.41257218885392,3.08270199691817,0,15.4025242905524,1.44530423362751,2.04003329335729,2.35050907356961,0,410.764004561544,1.09315268138798,1.55773153825151,0,5.785156151952302
30.2152133352745,2.09920015290761,0.119672194146179,0.697954366060606,0.295984577645764,75.5,3.8918086404652,1.87512577946438,2.84818942652538,9.16531861141798,5.81665556337621,35.4648630738746,-8.3115560354248,10,0.0111213886420835,8,0.166598470757169,5.63359952238012,5.63359952238012,14.5410300018719,1.10891801865859,1.01454712411897,10,2.15363753490575,13.5429417033225,0.148634337571835,295.579784091849,103.096884979026,1.15520891897221,2.80591719030666,0,18.6785573399526,0.810106105031666,2.19623576312198,2.16944158562774,0,364.077945638633,1.09841827031864,1.5990331474622,0,4.522878745280337
32.8241555194821,2.0994241493746,0.116330831337114,0.699155518181818,0.266455594139473,75.5,3.89071711717671,1.88574475353457,2.859714259552,7.56227494299381,5.81544467303677,37.4703249323873,-8.28044557341206,10,0.0094131433405839,9,0.135565896942126,5.68226078175749,5.68226078175749,15.591591612308,1.15209988585414,1.01313560727753,10,2.16037291928926,13.4510064747112,0.157894061547739,293.579784091849,118.056998250039,1.15529205573348,2.77648176707341,0,14.1233923510956,0.898573726193221,2.12943689078463,2.25314598502995,0,370.178435524637,1.09842656196336,1.60020024615011,0,5.094743951251549
32.8814519510434,2.09927559450978,0.114718111759137,0.697617127272727,0.271935043105901,75.5,3.89228966914665,1.88575434173077,2.85993272268778,7.54524652898872,5.81726102049671,37.9138925208317,-8.30925009502607,10,0.0108699083137828,9,0.136068983041936,5.68900085954173,5.68900085954173,15.5814123415224,1.15216452630353,1.01255065072381,10,2.16094552354078,13.5560310286445,0.16209579520057,285.579784091849,118.056998250039,1.15517036176555,2.81472820061683,0,13.0758274833966,0.90557470580087,2.23992465523529,2.25834619855857,0,385.442601104002,1.09567173628506,1.58212142333112,0,5.13430394008393
17.8812448771448,2.08794145987161,0.156933298971348,0.7521839904,0.109184855775123,85.31,3.87449969978489,1.70402406199931,2.67378182845933,5.3836326114122,5.81425414211818,22.7575624492362,-3.17642718770733,8,0.0136354739696728,4,0.0446979706180619,4.81201756306983,4.81201756306983,9.84962039444708,0.679454968889832,0.74673288607197,8,1.66266534433921,13.3290734355109,0.153290488652678,242.574074974296,109.623924283774,1.18658742082996,2.71107307615427,0,10.10350897197,0.237690551565055,1.90679559552536,1.88929659282082,0,221.060008925172,1.09098752129559,1.57197768111448,0,5.563837352959244
33.9487781943495,2.09283659612082,0.1093854263302,0.738783943030303,0.332527905725915,88.39,3.8779054662552,1.88574475353456,2.8575640452188,7.75922047108329,5.8268535756994,38.2890974272912,-11.5041675406517,13,-0.0105370083984099,6,0.177388669048434,5.68226078175749,5.68226078175749,15.7445400243858,1.1514796748766,0.921261927808,14,2.15980303132572,13.4510064747112,0.199182631587207,288.422865343337,134.842527798169,1.10322970306097,2.77330225424225,0,15.5463674763143,1.09960737238065,2.16190615739086,2.25314598502995,0,369.697981471477,1.09852587774446,1.6010782873108,0,5.935542010773082
31.9749349561008,2.09297577905092,0.103395116743929,0.738783943030303,0.369229468969993,88.39,3.87948531242586,2.1962270852273,3.16397736723974,8.22905025425034,5.83065055133837,36.7691272755915,-6.88939122309786,13,-0.0107251627543786,6,0.226858329498839,6.48232737555915,6.48232737555915,15.7589818953623,1.21661503546547,0.919704485715667,14,2.31780160659455,13.5256006724454,0.149243936527412,288.422865343337,164.762754340194,1.10323506640703,2.77519652348551,0,12.9739553908553,2.89483360667262,2.23799339263181,2.35050907356961,1,407.139086258421,1.09312526690405,1.56697348802994,0,6.346787486224656
36.1206706785211,2.09315556474637,0.0976861204636099,0.741845106666666,0.351978631824715,88.39,3.87919802694728,2.17916057887055,3.06171763127886,9.62677812527989,5.8282348162782,40.7944170659567,-12.1364475451162,13,-0.0112580705409692,6,0.193955822461088,6.52081793661175,6.52081793661175,16.7075937187141,1.12921457818544,0.92204487464106,14,2.15372380658005,14.0594484015751,0.160330449351379,305.219896741693,164.762754340194,1.33874192256304,2.98058857696424,0,15.0117893404199,1.28526000280344,2.18175045432664,2.3378478957785,0,430.114558016842,1.09073862631058,1.57051618667023,0,5.739928612014925
35.6496120065024,2.09329160306068,0.0928805240434246,0.740322333939394,0.424994008002152,88.39,3.88079840868612,2.26834921038088,3.20573233775169,9.93146662958557,5.83204439775843,40.4207584989364,-7.22060640406858,13,-0.0113710091732013,6,0.255101935178707,6.6011669914636,6.6011669914636,17.2127470677129,1.2951960517001,0.920467277191325,14,2.32532856984541,14.1007308527264,0.147463051990239,305.219896741693,194.682980882219,1.33877523494458,2.98058881941665,0,13.363664802916,3.13192681260749,2.25068870511937,2.39512525929446,1,470.722109192108,1.08613359450749,1.53838088820239,0,5.790484985457369
39.4489714337537,2.0922263947321,0.097673187554068,0.738783943030303,0.382595838982683,88.39,3.88199629141592,2.31448959758297,3.24344758603868,10.819131677496,5.83212639571965,44.4236945596069,-7.11051292422547,13,-0.0057570408401748,6,0.209095807646459,7.03360702634615,7.03360702634615,17.5654678662009,1.22036524669698,0.921542639605282,14,2.30624295166041,14.116468859975,0.147463051990239,311.219896741693,164.762754340194,1.3381050738485,2.98058976418735,0,15.2048163629288,1.2264994617113,2.30305806464734,2.48944749569472,0,470.345812908833,1.08616600902622,1.54223964282652,0,6.180456064458132
41.2184038394519,2.09312502937637,0.0974377606960562,0.738783943030303,0.38486614893626,88.39,3.88176306123975,2.31448959758298,3.25125370400146,9.46136414159713,5.83195946688001,46.0599678746349,-3.22588163466761,13,-0.0092750381886628,6,0.202738721447211,7.03360702634615,7.03360702634615,17.5734328363526,1.23822480052458,0.924555859420966,15,2.33218900693056,14.116468859975,0.154119655430091,330.253122713072,164.762754340194,1.3406699186955,2.98059598330474,0,14.9292300035867,1.32780998842469,2.17241679585343,2.48944749569472,0,473.747182640065,1.08616379798186,1.54289300832669,0,5.554395796726403
39.4492124638422,2.09252115135988,0.0990434644840064,0.740189579393939,0.369391628317167,88.39,3.88038239900526,2.2545374629668,3.14508706395163,9.51247764722932,5.82971130676389,44.1316481578558,-7.10458454723582,13,-0.0061899006529678,6,0.204623658710948,6.52537028544149,6.52537028544149,17.4670127947043,1.17416811007163,0.922194058006857,14,2.23463430394251,14.0728893386109,0.147463051990239,305.219896741693,164.762754340194,1.33819686974884,2.98058984506084,0,14.7105436448903,1.25245853592762,2.24268161167281,2.36333234527195,0,451.650798134319,1.08840247462786,1.55115699284045,0,5.7447274948966935
34.7082552489704,2.09956922025163,0.120744160442093,0.700203384242424,0.293456904274532,75.5,3.89093226833589,1.88574475353456,2.86064823915247,7.57702646435446,5.81560889687341,39.9630449452776,-3.12279530282764,10,0.0083834699425029,9,0.154139264137999,5.6822607817575,5.6822607817575,15.6051262570532,1.16148260047879,1.0180234426084,11,2.1661329504355,13.4510064747112,0.146899935650445,310.456988133062,103.096884979026,1.2697262353371,2.82890185752533,0,14.4194525653774,1.05426553950072,2.03390934602541,2.25314598502995,0,372.069657054688,1.09843039347452,1.59917043571758,0,5.150580586203101
37.3451266898908,2.09188505279968,0.10936921037421,0.738622408484848,0.361124329809855,88.39,3.88067115467724,2.2302890549203,3.18990772550644,8.78425196391431,5.8307172211483,41.8433125600673,-6.79517005596653,13,-0.0037913081684956,6,0.196136971611671,6.84892460811135,6.84892460811135,16.7143296725823,1.2164917621579,0.920764109826483,14,2.30685861183627,13.5534039602978,0.15871993279114,296.422865343337,134.842527798169,1.10314431423668,2.7910170953006,0,15.9211189699977,1.08175664900987,2.29573556154707,2.45180793534704,0,406.688412623898,1.09316088365039,1.56896157176509,0,6.045757490560675
34.6919405383587,2.0918104571356,0.110553330231632,0.740322333939394,0.387761505861826,88.39,3.88059914591982,2.1962270852273,3.15121265224386,7.90998580600271,5.83076636967653,39.659290691162,-6.90109361754188,13,-0.0037913081684956,6,0.246890931869422,6.48232737555915,6.48232737555915,15.8843768240674,1.21660536840802,0.9207953454798,14,2.31774669810792,13.5256006724454,0.184911354482311,288.422865343337,134.842527798169,1.10318418535591,2.81472820061683,0,12.9274638712466,1.99898994664985,2.35847418850991,2.35050907356961,0,404.339782488847,1.09315810979835,1.55439624329384,0,5.939302159646388
41.9153658705801,2.093128232789,0.0860249536033771,0.811127832258064,0.44923593325268,100.42,3.87739387815855,2.18308120703909,3.13132463433422,9.76226468259121,5.82717703850442,45.7641823556835,-5.93803299135467,13,-0.0134200586594898,5,0.288091912320535,6.14960334659494,6.14960334659494,18.5237094866832,1.32560103849683,0.92398812632003,18,2.35817626613786,13.9907042719355,0.146350958075862,319.719843305227,212.693731565249,1.27235537826379,2.88906075859218,0,14.1566630872979,2.38558644483665,2.08026875132568,2.43873387925338,1,494.615602596459,1.08618025885498,1.54901682803255,0,5.563837352959244
42.7188205560387,2.0945533137629,0.0767390456172651,0.811127832258065,0.506285162784484,100.42,3.88091326058825,2.43518978295704,3.39629040733975,12.1306861638914,5.83459495870091,46.9263455622583,-6.35479010655712,15,-0.0143421099848814,5,0.289902185317223,7.34479000091718,7.34479000091718,18.4660005530715,1.44479878611209,0.924481289050644,17,2.48250548692568,14.3792987720677,0.1599324824888,330.903660732184,257.574071378287,1.45330455984873,3.09375542280764,0,14.9364085056327,4.65970529860364,2.14501929645271,2.66477042237989,1,561.822197274252,1.07816894015177,1.51785716841906,0,6.958607314841775
41.6943924329726,2.09333860058524,0.0832369621693857,0.811127832258064,0.497611032898519,100.42,3.87909988298095,2.23996457259893,3.1563508069,10.5996750661261,5.8314054280578,45.5202972950144,-5.9903777765579,14,-0.0135715975007262,5,0.306355000010344,6.61224028779264,6.61224028779264,18.5230814268198,1.32931799471829,0.923290798073472,17,2.36139434522852,14.095124419763,0.158671710353288,327.719843305227,227.653844836262,1.34329409283261,2.97962650699678,0,14.1280533005983,4.85369561020067,2.14040991050182,2.44468191200644,1,503.698434827739,1.08396730309238,1.53503686133331,0,6.3872161432802645
43.4152730506744,2.09250978605232,0.0857101370105555,0.811127832258064,0.501900473694233,100.42,3.8799703473018,2.23996457259893,3.14485265507416,11.7208125412605,5.83139452674303,47.2687489891768,-5.98202515215981,14,-0.0092288235237721,5,0.309742238104294,6.61224028779264,6.61224028779264,18.5488125617282,1.32725162101739,0.923652167487331,17,2.36075497402266,14.095124419763,0.146350958075862,327.719843305227,212.693731565249,1.33100250222293,2.98465805980182,0,15.0876638635512,4.84925748895615,2.1917535048278,2.44468191200644,1,502.353197309104,1.08400737580291,1.53037933532976,0,6.096910013008056
37.6682475381126,2.0926470541677,0.0945166876968622,0.740670477575758,0.375560677556301,88.39,3.88134305807518,2.31448959758297,3.2475141513087,9.50368307660645,5.83185604724767,42.5386717581582,-7.15720155604234,13,-0.0086976315663807,6,0.209039317389289,7.03360702634616,7.03360702634616,17.5407937232435,1.22110750915915,0.920999613346676,14,2.31844000505529,14.1164688599749,0.156316903017325,313.219896741693,179.722867611206,1.33864738207121,2.98058926812694,0,14.5632657925632,1.37214158405429,2.27570372348031,2.48944749569472,0,471.823881144861,1.08615361737676,1.54291437659725,0,5.543633966870957
44.4702134613894,2.09175610488989,0.0883004198000314,0.812748848387097,0.498648529562438,100.42,3.87892296756504,2.36204119099647,3.30120463549596,10.5803624840749,5.82914722918461,48.8677574246784,-5.67322920692776,13,-0.0047713117850792,5,0.361490413292376,7.16310147405655,7.16310147405655,18.355783777735,1.28360822349813,0.921977353846175,18,2.31947303186746,14.0888337838216,0.154831067173577,325.719843305227,197.733618294237,1.39134034011911,3.02318857957546,0,15.8561643019883,2.67060973653455,2.21666589534606,2.49692245879965,1,505.618998047111,1.08407046473132,1.53451566892921,0,5.892790030352131
39.3651574327061,2.09395705442434,0.0859673143291468,0.738622408484848,0.426333875927992,88.39,3.88063973763286,2.33655592058377,3.27155657601747,9.45817480267212,5.83070504824928,44.1348463067619,-7.54141895859371,13,-0.0116616960611935,6,0.256484833427933,7.06213515575058,7.06213515575058,18.3730692280627,1.28574007931277,0.923201923272279,15,2.3190429687722,14.4042606475127,0.145815510528605,322.253122713072,209.643094153231,1.34101262218122,2.98059924753326,0,14.035488339815,2.11385320573665,2.178988105964,2.62508600702946,1,530.995803816069,1.08205855270267,1.53607255074136,0,5.795880017344075
32.9882979152906,2.09938233441598,0.123195894785218,0.697268983636363,0.258285546077373,75.5,3.89023526767361,1.88344639549161,2.85460345663199,7.59246932750267,5.81478518164102,38.2221431134244,-8.24798282619409,10,0.0091643295322671,9,0.134164964836604,5.64124652285205,5.64124652285205,15.0946137694291,1.05888098407536,1.01564461007325,10,2.0648012691575,13.364404048127,0.148634337571835,285.579784091849,103.096884979026,1.15501714990974,2.77636467321467,0,13.3002624830566,0.838476313608276,2.09449375545223,2.19596587664895,0,352.408285512392,1.1013350166092,1.60897290961394,0,5.197226274708024
34.100136112545,2.09988921613502,0.103707568408682,0.699144613333333,0.289146623585039,75.5,3.89055239760866,1.92027920966464,2.88596661241404,8.14670007950943,5.81529091974169,38.7815182929679,-8.77171161845964,10,0.0071873899667333,9,0.147623816399402,5.73219650379775,5.73219650379775,16.5138286290751,1.09897087529096,1.01693837991537,10,2.12176721966059,13.9604304794125,0.16338294362394,307.702100630899,147.977224792064,1.34824607039675,2.97275148821893,0,16.3512792399077,1.16636458679057,2.06217282218015,2.30235828539557,0,414.739900092864,1.09310378450725,1.59167422105863,0,4.522878745280337
34.8531738426354,2.09991777308681,0.0997588878773194,0.699492756969697,0.423817243208198,75.5,3.89130352988507,2.17916057887055,3.09812012434673,8.26701229429542,5.81644960402097,39.1874360350847,-8.7035591020631,10,0.0070673736139744,9,0.238141230042738,6.52081793661177,6.52081793661177,16.7156737216223,1.1521456772896,1.01633447842948,10,2.1607735705399,14.0594484015751,0.16338294362394,310.456988133062,162.937338063076,1.34939574830318,2.9761038122,0,13.8961741137555,1.36400832035417,2.10057902212308,2.3378478957785,0,431.946382169309,1.09061473166952,1.57650764732861,0,4.522878745280337
35.8008961172635,2.09965997635001,0.103297614591051,0.697954366060606,0.425648899596966,75.5,3.89175519794987,2.17916057887055,3.06332030596185,9.3875369829084,5.81670529961344,40.4237168749171,-8.70428532962241,10,0.0079057526624648,9,0.241603606196169,6.52081793661177,6.52081793661177,16.7267763734021,1.12948571534199,1.01681282225111,10,2.15419740746299,14.0594484015751,0.155563136688655,310.456988133062,147.977224792064,1.33881471106227,2.98194469205748,0,14.2317526095504,1.37613370125162,2.15151161150203,2.3378478957785,0,430.620353502683,1.09063426675292,1.57058324453819,0,4.522878745280337
48.0951022326159,2.0922558099583,0.0908447243955066,0.812748848387097,0.503238936714493,100.42,3.87934865667996,2.36204119099647,3.30621439311088,10.544611127264,5.82925215501419,52.5378044912513,-3.33882392074801,13,-0.006118764291786,5,0.352572636649139,7.16310147405656,7.16310147405656,18.3804798756879,1.30343101459839,0.925560738836049,19,2.33555585765758,14.0888337838216,0.167112055763168,342.903660732184,182.773505023224,1.39819961666031,3.02333427129637,0,16.2189548800231,2.60919145078136,2.1211861685925,2.49692245879965,1,507.53031246717,1.08408082889109,1.53412041039431,0,5.935542010773082
46.0410913085252,2.09325706699376,0.0807674415250543,0.810889507096774,0.532413493135552,100.42,3.87848631928311,2.38984813376807,3.32530237250068,11.1805015090892,5.82873771910147,50.4628575537567,-6.12545364976183,14,-0.010421966639918,5,0.345509490492421,7.19298805431951,7.19298805431951,18.9532381124584,1.4442499756232,0.924053370555868,18,2.48203944467893,14.3897227270984,0.167112055763168,342.903660732184,227.653844836262,1.39890617562581,3.0234335698553,0,16.4569492744493,5.24625501155927,2.14727530211347,2.58538366614229,1,556.4393946997,1.08015156415076,1.52800517117266,0,6.251811972993799
46.2114260957805,2.09313356134136,0.080793976901747,0.810889507096774,0.484784002320561,100.42,3.87819616767853,2.39049541269859,3.32620039268517,10.5179062826225,5.8279669438133,50.6474587763681,-5.93072337821076,13,-0.010421966639918,5,0.327851070432783,7.19114040271397,7.19114040271397,19.0732820654708,1.44424942945264,0.924201720847501,19,2.48204060695485,14.3836085557432,0.1599324824888,334.903660732184,227.653844836262,1.39846032913026,3.02338091660928,0,16.0810424709505,2.83095912469425,2.12754529575938,2.58695740338908,1,566.236729096109,1.08016797880997,1.52803767463091,0,5.756961951313706
47.1967577529583,2.09456508418728,0.0725489231451442,0.811127832258065,0.548875054732638,100.42,3.88178194536237,2.58204942329366,3.53130322404448,12.8717530753109,5.83545301757578,51.9671552475998,-6.3197278905768,15,-0.011529478992992,5,0.331812416821401,7.71051975127073,7.71051975127073,19.0254570112449,1.54786376704531,0.92469589126923,18,2.62053246344674,14.6616993750188,0.157598343023786,346.303972674005,272.534184649299,1.46203207072599,3.10606224250052,0,16.8618118249739,5.13657717210182,2.18370762529411,2.69586479659775,1,639.13127091132,1.07317960102682,1.50011397645572,0,8.0
40.5242923978605,2.09528030953292,0.076693175081904,0.738783943030303,0.496398828577635,88.39,3.8841903019564,2.61360437272611,3.58821406250405,11.8091547052838,5.83810293085623,45.634340428624,-7.99521079124226,15,-0.0118003227985852,6,0.222436884432345,8.424317108596309,8.424317108596309,18.2090627464501,1.44606703279168,0.923690168799914,14,2.48368985402343,14.6773767825269,0.159132200918605,333.510315084845,254.523433966269,1.45570552153161,3.10495171719693,0,15.6660813251117,2.72552750559367,2.23255053080158,2.76337484819872,0,601.371813346776,1.07475929090905,1.5074168611995,0,6.259637310505756
35.4584273360512,2.09231636091756,0.105426745819386,0.738783943030303,0.395919079162074,88.39,3.88002334773084,2.23028905492029,3.19256402773027,7.6537768254189,5.83045418302584,39.8741860797506,-6.84969151267416,13,-0.0074356202265338,6,0.257965580568053,6.84892460811135,6.84892460811135,16.6865019978612,1.21657809627185,0.920227882757108,14,2.31812076152482,13.5534039602979,0.154292604561237,276.422865343337,149.802641069182,1.10323058910767,2.78592592565099,0,14.4331869791632,1.66849446940858,2.26555566224104,2.45180793534705,0,408.167167038581,1.09314722564757,1.57042807118975,0,6.050609993355088
36.1541115788068,2.09184591237346,0.104088040628961,0.738783943030303,0.403842686961727,88.39,3.8831182452088,2.23228595465639,3.1954065135242,7.63284290182932,5.83494540279823,40.7648676239128,-6.86919962702709,13,-0.0040066111321389,6,0.258103520138169,6.85990774001652,6.85990774001652,16.7288626421072,1.23248947349683,0.919920723109514,14,2.31843396174187,13.6486776306622,0.163022121884134,285.667977841173,149.802641069182,1.10319557095089,2.81472820061683,0,13.4795690379471,2.10646123364418,2.38084488464129,2.4735269650872,0,424.140195892078,1.09063762559178,1.55393199383032,0,5.889410289700751
37.2576679855321,2.09280371723642,0.109074109765944,0.738783943030303,0.393321202614878,88.39,3.8804396560809,2.2302890549203,3.1951113650741,7.77835418570585,5.83055234917572,42.0331160735913,-3.05653903027562,13,-0.0083800351286507,6,0.247219893620404,6.84892460811133,6.84892460811133,16.2058481172107,1.22303233595287,0.923750596827762,15,2.31848089251678,13.5534039602979,0.160330449351379,313.219896741693,134.842527798169,1.25470559025427,2.85624709720982,0,13.7692597463803,1.60262973352039,2.15358527203469,2.45180793534705,0,410.082217085982,1.09315844781185,1.5693855326996,0,6.008773924307505
36.8114870638063,2.09218640060216,0.111090198931021,0.738783943030303,0.37973656560625,88.39,3.87907139255251,2.19961421583092,3.12396511651369,7.66979574536326,5.82831313241548,41.2139019085553,-6.80807844680735,13,-0.0046512500892248,6,0.223954706812187,6.05031813149528,6.05031813149528,16.5166939928805,1.18498164752822,0.921408311136148,14,2.23823687940535,13.475567705718,0.15871993279114,288.422865343337,134.842527798169,1.10313725137765,2.7895635000696,0,14.5827800363056,1.22573782571127,2.22915588974897,2.3116470859447,0,389.596376521871,1.09577852477729,1.57848693506738,0,6.309803919971486
36.8178491882623,2.09376289501069,0.0948630583449304,0.738783943030303,0.396629962399414,88.39,3.87959914525767,2.25133568857542,3.21151464876339,8.24889875998062,5.83005644148214,41.4250689482269,-7.2751249065203,14,-0.0113158505944252,6,0.202956384868319,6.8773384718708,6.8773384718708,17.0434546866758,1.21659200508758,0.922258790362865,14,2.31686216219489,14.0232033588148,0.172355309712695,313.219896741693,179.722867611206,1.34083649213641,2.97678169977731,0,15.6947888849711,2.26256770200458,2.18293128985828,2.50955711883498,0,454.331902832876,1.0883610605792,1.56273783703697,0,5.966576244513051
31.1291989008529,2.09958922659715,0.121122175946141,0.697617127272727,0.245308207964292,75.5,3.8896140463124,1.73580055272244,2.74652912796057,7.70245509692679,5.81412414361775,35.7652193305083,-7.95276768224091,10,0.0085186152634163,9,0.124656930778083,4.11973275516882,4.11973275516882,14.6072220364282,1.01049971819763,1.01516018183196,10,2.01687543844198,13.336914922924,0.16209579520057,263.579784091849,103.096884979026,1.15531661519198,2.77483398345901,0,14.2298370830954,0.840289098898325,2.03004660519372,1.91765542621527,0,333.198109776912,1.10440877535415,1.63473003588721,0,4.522878745280337
31.1643558161568,2.09963352848223,0.113889203535103,0.699155518181818,0.262321556132402,75.5,3.89043179097026,1.87938524157182,2.85174319220367,8.16319833921197,5.81527845363471,35.7443326970914,-8.22957927878313,10,0.0081859610425141,9,0.131172253962909,5.62731081166064,5.62731081166064,15.3067145001868,1.08439738783759,1.01083281835968,10,2.09343995764125,13.4201586387343,0.148634337571835,285.579784091849,133.017111521051,1.15533751629332,2.77498498242538,0,13.4381707885489,1.01445456495613,2.10300119810347,2.18960049042688,0,369.184914715936,1.09841827869645,1.59779547097997,0,5.100179497572904
44.7694460748524,2.09334837401139,0.0783298831318575,0.811127832258064,0.453002270908305,100.42,3.87993221550288,2.39734908775191,3.32861667424322,11.9043180417552,5.83222651096667,49.1881283804236,-5.98368861064207,14,-0.0105802019326311,5,0.271403190342776,7.19926249088949,7.19926249088949,18.5862784835297,1.44426498592015,0.923502318983274,18,2.4820507956446,14.455282805345,0.1599324824888,342.903660732184,242.613958107274,1.3989191181065,3.02343440341961,0,15.9801716458242,2.03848955226224,2.18260197089375,2.58817054228858,1,576.588167934125,1.07824248051016,1.51519725283101,0,7.221848749616356
41.4624665997917,2.09414241529169,0.0831829972560538,0.740322333939394,0.473857941702741,88.39,3.88235657011273,2.34813212685717,3.27729350545179,9.45205359619782,5.83491011155214,45.9397435989583,-7.48827619838027,14,-0.0116920376289829,6,0.256139961307974,7.07663049871263,7.07663049871263,18.7563079731186,1.31945551857486,0.922507109511098,14,2.34742590519038,14.4745201245052,0.161605331748219,330.253122713072,224.603207424244,1.35053106928958,2.98091268369537,0,11.4985299289134,3.626035472863,2.23570065301928,2.62617042230626,0,540.720305438563,1.08004806151258,1.52302002943675,0,6.337242168318426
40.7816356568753,2.09336158898645,0.0856529186970186,0.738783943030303,0.482605765656345,88.39,3.88322564882506,2.34813212685717,3.27556799903444,11.4202685568274,5.83490956565357,45.5828938297933,-7.58957088939595,14,-0.0094844901122552,6,0.269389418374337,7.07663049871265,7.07663049871265,18.3304041114358,1.30328954365421,0.922866157116698,14,2.34268625732573,14.4745201245053,0.169107598406957,304.253122713072,209.643094153231,1.34552237206224,2.98469891950242,0,14.9619452460715,4.39264574005106,2.28408212945,2.62617042230626,0,539.369940109555,1.08008498583308,1.51857130105325,0,5.609064892896621
35.8584050643893,2.09332913109663,0.110358521598692,0.740322333939394,0.416032133701943,97.62,3.88016515854926,2.35575376292218,3.29206227085776,10.9145120896344,5.8302434555544,41.6300622803722,-7.38602390568963,13,-0.0391212572387991,8,0.171482032402869,7.08462297783164,7.08462297783164,17.2055244652022,1.33949777923416,0.921900041638532,15,2.36252515211741,14.2775733671868,0.14962821681173,337.566164908021,220.642982040838,1.39321085655063,3.01176072305169,0,15.7411542883735,1.49876395204492,2.24101335928348,2.64394396124788,1,546.669956980921,1.08015418502305,1.51944998553973,0,5.987162775294828
