F03[C-N],L1v,RNCG,TPSA(NO),P_VSA_p_2,H6p,SM15_AEA(bo),Tp,HOMT,TPSA(Tot),SpMax_B(p),H4s,SpDiam_B(p),L1e,Eig07_AEA(ri),SpMax1_Bh(i),VE3sign_RG,Eig07_EA(ed),H7v,RDF145s,SM02_AEA(ri),SpMax1_Bh(e),SpMax5_Bh(i),F06[C-N],F01[C-N],DP15,Eig12_EA(ri),H7u,F07[C-N],L1u,DP17,SM1_Dz(m),nPyrazines,CATS3D_09_AL,SM1_Dz(e),RDF015m,J_H2,HTu,Eig15_EA,VE1sign_B(m),O-058,Mor16e,SM15_EA(ri),Qneg,MATS5e,R4e,R8e+,Wap,nS,GATS1e,SM12_AEA(dm),RDF125i,RDF150i,F07[C-S],S3K,TDB03s,alvo
10,7.31397812032684,0.150586894151745,91.92,119.433935643089,0.0963908390735381,2.04175179551789,15.3691927609509,20.2133952,100.3,3.95496578428625,16.6410466054512,5.88740643086387,7.28979730989835,2.97861760223671,4.17947390944095,-4.17522430973857,6.06520454741165,0.0328660076724958,0.0,6.06520454741165,4.1515181027797,3.46639436599873,9,5,6.32586984103322,1.0,0.139915815933435,7,7.14451063921502,5.26156647157604,1.43487021661258,0,1,1.11815344387495,17.5905780277262,62.9758781986817,34.822239821938,0.338068325392099,0.0678837867516793,3,0.331646183572067,18.1322790696473,-2.29170000180602,0.0178250325536276,1.62729280267351,0.0151177235384578,38804,1,0.521287874699329,10.2399080150948,0.0,0.0,2,4.7287847821364,13.6457009889309,6.431798275933005
9,18.9492209314067,0.153070870033617,85.31,110.910406475419,0.131162838760754,1.54755973755737,22.5068068511614,18.80459976,85.31,3.87394118668875,5.97112074593844,5.81360215202647,19.2647252421217,2.48375978133153,4.18462279930907,-2.74115419292797,3.67563296206769,0.0404797458838575,7.42023348909804,3.67563296206769,4.13557734323005,3.314174691162,8,10,11.2688363968308,0.679503139922546,0.237653187417651,8,18.5162863797223,10.8755048850475,1.09610915844999,1,5,0.899510731834149,9.37824597315,45.2644935741124,25.528021084529,-0.288978643649451,0.160346790847805,1,0.540056776820571,17.0532782987546,-2.22249998897314,0.0110590235826952,1.26416140793796,0.0218915359048143,22486,0,0.703638337171023,8.58059786560392,2.74609726053807,1.35064112889836,0,3.37090744901595,13.9878031810716,6.468521082957745
9,19.0328634219781,0.150630953418243,85.31,110.910406475419,0.139840402456291,1.78229778538887,22.9750260979419,18.80459976,85.31,3.87594617072494,6.80479008158369,5.8157631103903,19.253656128923,2.70683956370264,4.1846125907593,-2.74268029692436,5.22488835159337,0.0407787359887795,8.40586969078612,5.22488835159337,4.1356640447088,3.31379490517628,8,10,11.2454507584093,0.679515658687581,0.238733230071688,8,18.4827582185188,10.8481071925984,1.29574035277904,1,6,0.981404087762574,9.40367715994129,47.7132227166568,25.5456188275922,-0.288853824390621,0.141755169160436,1,0.51112454322588,17.0901153073,-2.25849999114871,0.111985627724743,1.27361507357525,0.0216268112848509,24859,0,0.699240553642547,8.63391620189833,2.66615033419065,1.34218861780063,0,3.57482166077679,15.3716513080283,5.388276691992658
9,20.1442680959814,0.159800840019806,85.31,110.910406475419,0.145548899779305,1.54755973755737,24.6984759806506,18.80459976,85.31,3.87420408920662,5.88730114211353,5.81383171869221,21.2777202210934,2.48383255587962,4.18495225322104,-2.95585926589957,3.67563296206769,0.0485405129441552,6.78264405708544,3.67563296206769,4.13596277149691,3.35359310978206,9,10,11.2943048643727,0.679517274752758,0.253419025244891,8,21.1351593228299,10.9020357542915,0.964928503480047,1,6,0.763559044800333,10.2460003101272,45.2644935741124,27.356095562919,-0.288978643649451,0.165011296927125,1,0.547780987378762,17.0858431604528,-2.1288999915123,0.0588782856551814,1.39327365483239,0.0202512266382658,22486,0,0.798250630890914,8.58059786560393,5.26022207710017,3.01369662757623,0,3.39327931096673,11.5468528362916,5.6439741428068775
9,18.5234552832771,0.163573424861437,85.31,110.910406475419,0.124495187771319,1.54755346745117,23.3926706160892,18.80459976,85.31,3.87337050789927,4.62598664061148,5.81291036290411,18.604781762698,2.48362658442028,4.18454361700854,-2.74127406481273,3.67452144824141,0.0458679651156349,1.69926760753675,3.67452144824141,4.13542073287751,3.305992187273,8,10,10.7162110551746,0.679464539049028,0.239261414497417,8,18.4292869867181,10.2421074065933,1.03428707811156,1,5,0.733376999779024,9.23062276345144,42.8595693729822,25.490496799536,-0.336167484097646,0.161376802352776,1,0.508317057454022,17.0082484443578,-2.07979998737574,-0.180047821572532,1.23602446328499,0.0218290385597187,20123,0,0.848572968820458,8.50180884993468,3.14703998147594,1.57620593419715,0,3.37119800993761,11.3764272177326,6.1249387366083
9,21.1613743533249,0.134243550335054,85.31,110.910406475419,0.132123587278673,1.69651910641302,23.4828823818165,18.80459976,85.31,3.87370951016758,9.35848355501896,5.81337402654049,23.0520678675773,2.65271307273733,4.18513320157173,-2.950406947182,4.83133959414419,0.0489198733681286,0.261130536745629,4.83133959414419,4.13616032971546,3.36976264907078,8,10,12.3768897258756,0.951805957551812,0.279161998156336,8,21.7584635904281,12.0904496841539,1.12073248975217,1,7,1.05556559912576,11.0035505335466,50.6583120446962,27.5121761090648,-0.288244512008532,0.16380455718362,1,0.819321811188724,17.3109341068585,-2.53420001268387,-0.132217299198163,1.45038869670185,0.0207415412250482,27704,0,0.634343427170565,8.79177351326928,5.55032897532368,2.75243978985442,0,3.80011539028695,13.5789726707547,5.681936665037238
12,45.5405471390169,0.110475722938088,97.62,132.168784606408,0.415895156765159,2.35718527862919,46.0536833477091,24.37987012,97.62,3.88002156786439,20.1871468887152,5.82974957719216,48.4910813293805,3.29346031182826,4.19186695281194,-7.65122073383183,7.071334727584,0.239263668543801,74.4385390783607,7.071334727584,4.14444666507868,3.49802046559818,14,11,19.0139147907933,1.3250293459989,0.708920908724766,14,44.7260637401834,19.5683718960981,1.67350132072349,1,6,1.50720583145083,15.6294738955162,87.9192782149658,38.8233573883035,1.14191570629509,0.18262873220052,2,2.0307669219348,17.57770911561,-3.67230000719428,-0.16759147979585,1.60375012142887,0.020458359326031,149088,0,0.636864146411614,10.1956954117583,20.7089408313987,10.16069442399,0,6.9780050158062,14.1887103749689,5.882728704344236
12,41.4681164417656,0.096258603742711,88.39,121.168896718802,0.417686216989039,2.26834921038088,45.6749501474706,24.43063702,88.39,3.8815030518489,18.0837857633435,5.83191537005261,43.9978602163825,3.22120021489705,4.19282890639965,-5.93800291090434,6.60116699146359,0.222509637903099,32.2989394469648,6.60116699146359,4.14547681139231,3.48154758637916,14,11,17.251358787584,1.29745983469001,0.769103067327394,15,42.6886575082687,17.5733933757308,1.38070376280668,1,7,1.20297230399234,16.1709538895523,77.1022348864077,40.3906651390205,1.13415953856464,0.0814094006710847,2,1.34108103462512,17.6442576078085,-3.06570002064109,-0.0699374471322308,1.64784462836055,0.0113607893194657,113578,0,0.593303938560098,9.14422328880011,25.1447327962325,19.193777786287,0,5.89130306599601,12.805164561205,6.7447274948966935
11,22.0362947838956,0.145390832683488,97.34,128.921157158449,0.154478541941262,1.54702149620521,25.7432622254248,19.56969244,97.34,3.87161244427657,4.29237411166693,5.81092879741412,23.3127698431065,2.48281447872464,4.18427839213182,-2.87734253881981,3.67237046097541,0.0781112142611241,6.67425153842937,3.67237046097541,4.13471956513554,3.35636632026297,11,12,11.7411911201724,0.679718727310907,0.322451379140471,8,23.4645849459802,11.3894498543872,0.74488537596434,1,2,0.729479109807372,9.41620358271889,43.6740367837017,26.5876444003551,-0.330333445332267,0.170150049955389,1,0.65048690258105,16.8161325258184,-2.33989998325706,-0.230487497013571,1.23590146491595,0.0227922376547871,19527,0,0.942678929246955,7.59547248644426,7.57567663587485,3.87307232412127,0,3.45122035013811,10.5835439890854,5.943095148663527
11,22.8631813169876,0.133763223895318,97.34,128.921157158449,0.151271089185397,1.71104761281999,25.6650059106412,19.56969244,97.34,3.87205574203491,9.64276044548635,5.81144540858591,24.064987239305,2.66552241356662,4.18439485707832,-2.87763334426732,4.90686711179175,0.0857255302632834,4.02256270927796,4.90686711179175,4.13491354437138,3.35758667251441,11,12,12.6622241205699,0.679775301957316,0.320566001149159,8,23.53971743604,12.4591119231368,1.0445080296749,1,1,0.992881334035899,9.66089654622992,48.6933542581072,26.5716697002979,-0.287730469179487,0.159536005825528,1,0.721290613511884,16.9270961803433,-2.5432999972254,0.0761780520459318,1.30423922007735,0.0226765621626725,24583,0,0.70895720725919,8.6080407955547,4.74926948625836,3.18973294164442,0,3.72338832135551,13.7167551712652,6.036212172654444
11,23.1714010109862,0.146303706524086,97.34,128.921157158449,0.15880194206667,1.65056858795789,27.1547243363671,19.56969244,97.34,3.87186479961633,4.8127855081038,5.81119089889248,23.6844635741049,2.61366209016839,4.18427118540634,-2.87835690274128,4.54804515296877,0.0878469336277225,6.49500945206258,4.54804515296877,4.13476947844667,3.35627898226896,11,12,12.1464007320029,0.679720523771481,0.324153730278952,8,23.5692185106018,11.8211682115522,1.01790825125313,1,2,0.825840722285404,9.43853593561501,46.1754603941803,26.4527353306571,-0.317555049059636,0.17351646772482,1,0.605201708360892,16.827631085905,-2.32529998756945,-0.267310749961482,1.2392689094016,0.0224869625740267,22050,0,0.874862684955238,7.77257111047795,8.31237168406409,3.35575566250234,0,3.78046304470711,11.253412526641,5.300162274132754
11,23.224999464125,0.143091485721548,97.34,128.921157158449,0.171695238080505,1.6541474936615,27.3705223012329,19.56969244,97.34,3.87254010311743,5.23464085869018,5.81190257626986,23.6522769185321,2.61412583515198,4.1842625894073,-2.87876394815035,4.64917308397103,0.0870153145802214,8.66883721531779,4.64917308397103,4.13483276261313,3.35627827341651,11,12,12.1727949648262,0.679748552911053,0.318496381162543,8,23.5279845771527,11.8543660352951,1.23215201459126,1,2,0.913727449471014,9.44181741134052,48.5712974785008,26.4458127265546,-0.28470993929917,0.171708243202438,1,0.49719481690536,16.8726965503534,-2.37749999761581,-0.104304041389966,1.25887756681067,0.0222330578218377,24583,0,0.835378335431811,8.61690397940351,7.73112695587916,3.35924073238793,0,3.84260098382367,12.4964417606632,5.896196279044043
9,20.4662462782889,0.134307147447364,85.31,110.910406475419,0.132501738843513,1.70767979137926,23.4685356640181,18.80459976,85.31,3.87355301843376,10.5172750657341,5.81317139359221,22.1942821615042,2.65445815835136,4.1851027616627,-2.95073678139564,4.91811089292111,0.0473263235132863,14.1338281500659,4.91811089292111,4.13611027358504,3.37042248713361,9,10,11.830111652135,0.951944081670218,0.248988962168937,8,21.1136574238499,11.4525986865008,1.12073248975222,1,6,1.05556559912579,11.0035505343972,50.8521640922371,27.522070553053,-0.287662257279748,0.148268237092363,1,0.926097191292982,17.2718751293771,-2.53300001844764,-0.183588271181197,1.47001025934283,0.0200511522136793,27704,0,0.634343427170565,8.78191926768098,10.248258695507,2.24807516344359,0,3.80011539028695,13.5976550936292,5.152427340857888
9,20.6782578714763,0.115396358000517,85.31,110.910406475419,0.175585200422905,1.8643994809495,24.0302588886244,18.80459976,85.31,3.87582010879288,11.7521165834648,5.81591053382654,22.2753781538599,2.7950907312222,4.18580476863687,-3.16493362955846,5.51054217360109,0.0613154364859349,3.90717279649051,5.51054217360109,4.13715317494677,3.45224192124438,8,10,12.271580551433,1.04238411404935,0.328382050177513,8,21.3613562064341,11.9784177596539,1.42810786393327,1,6,1.33791786137951,12.7764799516123,61.8716376974939,29.5263531282097,-0.19568274410202,0.166386572449678,1,0.857697583475216,17.6070044110399,-2.9481000341475,-0.0938604588157451,1.57796241825087,0.018078134407131,37846,0,0.62367768177423,11.2013676770388,7.96220901236866,1.56766361219576,0,4.64323025160873,15.908356305071,5.079876673709276
15,41.7683658090263,0.0959822119974778,87.53,122.394117853702,0.37857047477988,2.16993348096179,46.0971909996826,23.78609802,87.53,3.88980456299471,17.5899411596486,5.81414767986047,42.3843035043506,3.08219030360145,4.19672464017812,-9.03732534302529,6.38210842523171,0.21320043296857,79.137815023977,6.38210842523171,4.15258409381371,3.5192062657597,14,11,17.3275405001416,1.22094167088036,0.579526958931565,10,41.3797550936991,17.659750794099,1.38070376280667,0,4,1.20297230399234,15.0041239912513,75.3080943669349,37.3979996236032,1.0,0.152118889239787,2,0.973972160859201,17.4598752078153,-3.1036999989301,-0.0363535949819352,1.4755800450954,0.0158361671859304,99031,0,0.617633640874251,9.03862326460289,18.5706493707238,14.7429212721227,0,5.96621532998809,12.4858187516243,5.634512015109101
13,29.8865067090001,0.130249133270545,84.73,115.383255058278,0.361985141263343,2.13628439574805,36.2762210093564,23.03249408,84.73,3.89016177419709,11.3078691581436,5.814826737443,30.8513981944677,3.09612953335169,4.19680186351573,-8.9363302238406,6.32925033821234,0.159713366299695,24.7997013784712,6.32925033821234,4.15293818944346,3.477976354131,11,9,14.5750918760814,1.2181864050697,0.586961458189117,10,31.3910777082407,14.5479229383731,1.23054657326098,0,8,1.17214152195623,14.4894696635175,72.4208773552724,37.9164299975687,1.0,0.131763894768004,2,1.11839232769018,17.3381805339679,-3.1147999833338,-0.0984589315319923,1.35406363152459,0.0150846734673343,93919,0,0.628231175420123,9.06070319658923,17.0456491378256,7.92298140540164,0,5.94347652209451,11.4893306117012,4.522878745280337
13,35.3387240997859,0.130412421036889,84.73,115.383255058278,0.457988222165116,2.18747228696499,38.6137705418998,23.0955828,84.73,3.89009636705327,11.5072881870278,5.81470678117088,37.9109168852261,3.14299016728367,4.19679339203842,-8.81752647485968,6.49417609521297,0.268470528987461,15.979599105044,6.49417609521297,4.15291842123682,3.48613230093219,10,9,16.9014278910576,1.15877804075697,0.824673029975919,11,36.418148763379,17.214926006435,1.230546573261,0,6,1.17214152195622,14.4974471381875,72.6523973963421,37.6886036060113,1.0,0.157706388994849,2,1.02633825493755,17.3223114927089,-3.11089998111129,-0.156344586537849,1.3780298363607,0.0147265628491115,93919,0,0.628231175420123,9.05438511645932,22.6012169134569,15.4027844873517,0,5.94347652209451,11.5257738046584,4.672028376376989
9,16.915393007153,0.160380919819661,85.31,110.910406475419,0.118007011238109,1.54687440356713,21.0445826639632,18.80459976,85.31,3.87266572847961,4.32809757838478,5.8121775097366,18.1957709970769,2.48265209085269,4.18456767792944,-2.7399813720788,3.67142699205507,0.0364606052749279,0.588299865331115,3.67142699205507,4.13537406950618,3.30827630775328,8,10,9.78729049292271,0.679372395777045,0.238332163160042,8,18.2283464971521,9.18210038601078,0.674677664276273,1,6,0.660675640413014,9.23062111602528,40.3844095951115,25.5985347844815,-0.6337045591258,0.15789421967093,1,0.537976186689638,17.0018677743605,-2.1211999990046,-0.189095905928319,1.23778751016817,0.0220732708464756,17770,0,0.871841150064168,8.4897002072119,3.53588358655484,1.33285998647911,0,2.97485666173699,10.9139270304872,6.070581074285707
9,17.2891347320739,0.146777119096961,85.31,110.910406475419,0.116429286193231,1.64066676710757,21.0118152603815,18.80459976,85.31,3.87384900224309,8.69496014814417,5.81373161063582,18.5076180809982,2.59028731357905,4.18472902531285,-2.74081276055174,4.43901142022849,0.0390667834016745,9.0473085894016,4.43901142022849,4.13567972215277,3.31456479369265,8,10,10.3988642054279,0.679555464206985,0.233284027903281,8,18.249133037548,9.86904043332458,0.992955432809564,1,3,0.940436853702229,9.47134994430407,45.2005321829688,25.6208870504718,-0.306581523663058,0.205335316519209,1,0.499070992233763,17.1807358332977,-2.31780000217259,-0.142775607262186,1.29364029624848,0.0217991015469694,22486,0,0.663476836317069,8.59915882484452,3.48386478226313,1.45306592752047,0,3.25125184922589,13.9183305392442,5.139063379299906
9,17.6237355769322,0.14938087488123,85.31,110.910406475419,0.11715081974346,1.76974365320093,20.9867591094951,18.80459976,85.31,3.87359985686202,9.26518578522327,5.81334172719985,18.8486149217829,2.7168928583341,4.18471358647395,-2.74154156412825,4.96257486685741,0.0365053620366297,11.0852634761887,4.96257486685741,4.13564826919976,3.31422971602805,8,10,10.7820708944303,0.679403724797583,0.237844444126045,8,18.305509186485,10.3414439008319,0.992955432809577,1,6,0.940436853702213,9.46748657694785,45.2408580425664,25.5915185271299,-0.347296355333861,0.112736189723331,1,0.516790868833147,17.0847420770365,-2.27740001678467,0.198541717101492,1.28702426211518,0.0219381189181405,22486,0,0.663476836317069,8.569609290622,3.96549828372833,1.06556938224557,0,3.37346578296946,13.6408433812308,6.337242168318426
9,18.3887769777102,0.158158999834749,85.31,110.910406475419,0.133448212925967,1.54750416536519,22.7435141538687,18.80459976,85.31,3.87532940866743,4.89667602464483,5.81507790454784,18.5292126481435,2.48346401710019,4.18454556882735,-2.7425634179746,3.67548185366589,0.0415195670277218,12.3099695256277,3.67548185366589,4.13555446698148,3.30785458259484,8,10,10.7028836143204,0.679494040539303,0.202039497590274,8,18.1424237681099,10.2321698616336,1.18961015349008,1,6,0.856837923216451,9.25675476894076,45.0760679338407,25.883578054372,-0.288307333075758,0.158959343795884,1,0.616760818047694,17.1012123303142,-2.15099998936057,-0.0491051723775256,1.26035560027943,0.0242258574943164,22486,0,0.772211068557435,8.60821835634572,5.83062339728868,0.354531741191227,0,3.36975881038312,12.7618231296993,6.1938200260161125
9,19.5963509428749,0.160350682281801,85.31,110.910406475419,0.135964704475852,1.54755973755737,23.8931195782344,18.85536666,85.31,3.87435198799505,5.32185115388786,5.81397275687355,19.2092557638409,2.48371059005063,4.18454917910097,-2.74177557947264,3.67563296206769,0.0449058213976635,0.91342174615091,3.67563296206769,4.13552282969214,3.3070017141661,8,10,11.3404890054743,0.679478076438323,0.238591580789496,8,18.5923084219065,10.9508997421167,1.18961015349012,1,5,0.856837923216427,9.25913144981515,45.2644935741124,25.4683689760611,-0.288978643649451,0.155668166108503,1,0.477259800381764,17.0337266428652,-2.12159999646246,0.0131532790933428,1.24796232345074,0.0217610666042843,22486,0,0.772211068557435,8.58059786560392,4.13695880285948,1.31583084310844,0,3.4925028884449,12.7946318226066,5.91721462968355
9,18.5557573326857,0.162565111551043,85.31,110.910406475419,0.140636098846043,1.76974365320093,23.0183507889717,18.80459976,85.31,3.8742849695196,5.70266731870807,5.81391888953644,18.7828784434062,2.70683956370263,4.18454836773497,-2.74244520893679,4.96257486685741,0.0374603968370327,0.0090359589160521,4.96257486685741,4.1355286662617,3.30742249384492,8,10,11.0522237895125,0.679397952443448,0.238208008864021,8,18.4225837788897,10.6700929610307,1.18961015349011,1,7,0.856837923216393,9.27528582245263,45.2408580425664,25.5731264184852,-0.347296355333861,0.134972067528937,1,0.493480375811861,17.0378594243722,-2.09269998781383,0.161205291612063,1.25290314229018,0.0216953605662452,22486,0,0.772211068557435,8.569609290622,2.95216526367833,1.3506156410797,0,3.62207764165523,12.2352072872773,5.531652669587842
13,29.3795485653636,0.118869953518586,75.5,104.383367170671,0.278919414550879,1.9359537171361,35.9428057914246,23.0721321,75.5,3.89116449948565,7.10369005342845,5.81601962252365,31.0914702674653,2.91853675964846,4.1974808945453,-6.03452989257472,5.65005878132736,0.111931585567879,25.7569603781625,5.65005878132736,4.15365219207748,3.46911256704424,10,9,14.468404490773,1.05945723085516,0.436825661245507,10,31.6051302759722,14.4652492420164,0.727548607277275,0,7,0.715299985201049,15.0434188228095,62.7334097064018,38.6104839764215,0.999999999999999,0.1489084582311,2,0.475016845610961,17.5417714246263,-2.50610000640154,-0.090147211475474,1.42164738278477,0.0124090334236358,70953,0,0.711007454159241,9.03043953868366,16.6556342427953,10.8013113210192,0,4.72427218195795,10.2289313188179,4.522878745280337
13,33.3065542851964,0.118955393491684,75.5,104.383367170671,0.358463359725085,1.87938524157182,39.5124391825243,23.03249408,75.5,3.8907874966612,7.36979097636664,5.8154959316774,35.2736322158533,2.87938524157182,4.19741013761471,-5.06195679201671,5.62731081166063,0.154159181746656,11.1796412883044,5.62731081166063,4.15355302924226,3.471445737029,10,9,15.3292883758378,1.09221311702179,0.58131182733428,10,35.7289595628366,15.4498793390157,0.727548607277233,0,6,0.715299985200965,15.0423097250432,62.8363944416757,38.6981489047702,1.0,0.0943699163657112,2,0.531779741552856,17.4074335193147,-2.5042999945581,-0.0028527191965685,1.41129739882109,0.0146326835372658,70953,0,0.711007454159241,8.9341939295412,19.1643829776142,6.57509058353291,0,4.86261952091079,10.2638483889282,4.522878745280337
13,33.3083755131298,0.152393647823095,93.96,126.383142945884,0.549943903086873,1.88811566597022,39.7774046765621,23.08326098,93.96,3.89053710463687,7.81912139290617,5.81532815018943,35.5606520489659,2.86196144993535,4.19701884394372,-12.5184866102062,5.69077803822141,0.286894357447442,18.2230596662814,5.69077803822141,4.15324498253418,3.47060623088459,11,9,15.7625208129681,1.1697190465247,1.12559421388073,11,35.8348871769329,15.9573469176927,0.943438863793199,0,10,0.931376369292206,14.993481906822,69.772620252256,40.1362317726815,1.0,0.144006855466742,2,0.354890977402984,17.3977992458205,-3.22519998205826,-0.0151396684121747,1.33126309629952,0.0136135574939113,85289,0,0.792722962432685,9.03516762324915,26.0435462881518,18.4699928732691,0,5.15326173736125,11.0583282733733,5.023650020996727
15,28.0203003380735,0.111841114650388,87.53,122.394117853702,0.300888587054213,1.89960488155872,36.0665357551637,23.79758676,87.53,3.88897037266855,8.15890005839556,5.81323949554472,28.4443676876757,2.85284156975377,4.19621195675087,-8.4793338415309,5.50586654999091,0.110263442322131,26.0679169014107,5.50586654999091,4.15195394985239,3.49423122128798,13,11,14.7020169189211,1.13720557174752,0.431298101311652,10,28.5392184346257,14.7793179631331,1.05570478765684,0,6,0.872338844344948,13.2673232355826,63.8433424217472,36.2749475817453,1.0,0.15823433763857,2,0.302515355875187,17.1563851505276,-2.66359998472035,-0.164914102771387,1.28446090951821,0.0160031866404721,69245,0,0.738927057507009,8.41838047724909,18.6221394818927,6.68477465937899,0,5.25477580820206,10.7089977036611,5.133122185662502
15,38.9955929726704,0.109691432302794,87.53,122.394117853702,0.488713525922407,1.89966166143969,44.0616275613313,23.79758676,87.53,3.88958856646796,8.28238899117894,5.81390911129692,39.3972200430342,2.85440585292587,4.19620298723005,-8.6016460855913,5.66350972088193,0.294712204858658,48.1724664059368,5.66350972088193,4.15201551545649,3.49420052434925,13,11,16.633050739736,1.22012504330767,0.909651276584125,10,39.5466742756206,16.8912274078417,1.26276987483442,0,4,0.956395669370509,13.2609042045664,66.3898884313857,35.7868407175017,1.0,0.15673209168455,2,0.563735820634949,17.1890276093517,-2.71579999476671,-0.0533055535258751,1.30501412998323,0.0157728300436254,76402,0,0.715251143724236,9.03736167578036,13.6379985300362,4.53425369864156,0,5.30085500521708,11.6189260671733,4.799149501908922
15,40.9278056762081,0.111169157848155,87.53,122.394117853702,0.512926621110397,1.9492328217144,45.8462261240354,23.78645788,87.53,3.88940317391876,8.22098795341832,5.81368944132382,40.1622230496905,2.90915853180656,4.19620480452341,-8.60041028695184,5.80968920509455,0.31178613917648,38.0406972742252,5.80968920509455,4.1520033151725,3.49389045438289,13,11,17.2502123821,1.19741583344367,0.908941863144293,10,39.8229103888932,17.6199642826396,1.26276987483439,0,4,0.956395669370482,13.2744442235312,66.5817062381907,35.8059109088458,1.0,0.156929453117956,2,0.562572525842768,17.1666366882421,-2.67969999089837,-0.119795599985026,1.29263467545688,0.0158096095837603,76402,0,0.715251143724236,8.42845325744775,12.3531442726865,5.15816713888071,0,5.45268061758881,11.5263002767198,5.350665141287858
15,40.0398636177422,0.0963391729421129,87.53,122.394117853702,0.354647456042637,2.03185888698861,44.3010090633254,23.78609802,87.53,3.88922086125746,12.5669720911672,5.81352319516937,41.8180687023627,3.00645887209071,4.19673457395776,-9.02178842480015,5.90349006326854,0.19809549686475,40.8429293521343,5.90349006326854,4.15251528265014,3.51944619700617,14,11,16.9731311289317,1.21789411413621,0.581361043958781,10,41.2207457253654,17.2523082749436,1.1989100099835,0,4,1.137897102331,15.0178747884078,72.4925797733121,37.3808545953558,1.0,0.155469768890429,2,0.80345395727304,17.3984443209115,-3.09220000728965,-0.0534895231553038,1.43821624134512,0.0158491631718658,91838,0,0.615679561569662,9.03862092687771,18.8651050940153,18.192281224153,0,5.78077953145666,12.1444615288397,5.367542707815276
15,42.8779365826156,0.0964046439942992,87.53,122.394117853702,0.353989498418714,2.03189891302727,45.4784948799645,23.79758676,87.53,3.8891833978542,12.9749882613834,5.81346864623789,45.1286500885615,3.00725605282004,4.19671771802442,-9.02967846062117,5.88582086960403,0.22456639232119,64.6276137069745,5.88582086960403,4.15249387164481,3.53124549293129,13,11,17.9726294987723,1.21883183609373,0.687004465872646,11,43.6437671649797,18.408386616801,1.19891000998348,0,4,1.13789710233102,15.0082197941727,72.6925202412189,37.5168758637352,1.0,0.158514637054872,2,0.8599708929992,17.3780915815213,-3.09010000899434,-0.173138693427774,1.44692147992466,0.0167622458516855,91838,0,0.615679561569662,9.0386172760082,18.9071984189449,13.7364056823798,0,5.78077953145666,12.1658519393288,5.521433504406157
15,43.6410507070662,0.0849395497354287,87.53,122.394117853702,0.371371277030618,2.34470524810927,46.7520709654115,23.78609802,87.53,3.89010114906234,14.184926351288,5.81453848678124,45.6639557795894,3.29824033414318,4.19733999841026,-9.52330807688962,7.12159812368595,0.240675290839326,51.0873383049253,7.12159812368595,4.15326680946537,3.52430784079861,15,11,17.6986734935142,1.38674303648955,0.641416194990607,10,44.2721618722799,18.0503293156021,1.48618494393478,0,4,1.40061631062745,16.7908042063511,84.5561055289318,39.3605659375552,1.0644192198189,0.154586487952443,2,1.23863422217387,17.6536771931942,-3.50720002874732,-0.0100122024765798,1.54333859297909,0.0147960140697121,121786,0,0.598167791528649,11.2947465223127,24.8008490598675,19.9747809972965,0,6.65416839615003,13.8917872479283,5.681936665037238
11,23.9605387320833,0.139306338433438,97.34,128.921157158449,0.156614694354008,1.66975062184071,27.0936616632676,19.56969244,97.34,3.87215331650521,6.02008043342512,5.8114993688159,24.4625071695229,2.64052094587666,4.18432066557131,-2.87873548080045,4.71661643116515,0.0958129327664825,3.82351187580969,4.71661643116515,4.13485622341576,3.3575084780042,11,12,12.8440111741185,0.679751801826549,0.324770186851983,8,23.6745732357189,12.6307439002565,1.14272486328644,1,2,0.954087354568743,9.5638284396743,48.7479708644253,26.4420488832438,-0.286548873095475,0.170788596415292,1,0.724078504529155,16.8619621548268,-2.44209998473525,-0.118397798606589,1.25935207517044,0.0224811217855081,24583,0,0.756605903925589,8.37653351406078,6.45035823459476,2.59919097378861,0,3.85207300731059,13.5101661014491,5.36251027048749
11,24.5691949265137,0.148003136128507,97.34,128.921157158449,0.202191500051465,1.66786657637627,28.8447181667436,19.56969244,97.34,3.87193075363286,4.57001312572064,5.81125322650018,23.9917881014469,2.63313922626519,4.18426002540256,-2.87766150968227,4.67894940078546,0.100026099334348,4.46854579632798,4.67894940078546,4.13475133881326,3.35592306185825,11,12,13.049553206635,0.679739285094788,0.324775268789374,8,23.8022562030946,12.9238945851021,1.08380317301439,1,2,0.797507195884137,9.41620522999929,46.2444377247206,26.5495944220257,-0.28803009272022,0.169213109519048,1,0.553476121494116,16.8213890008838,-2.29859998822212,-0.173520598189247,1.23633724814685,0.0227798079749822,22050,0,0.919415633985894,7.63818964974791,5.71612880057871,3.19522298983267,0,3.8542803918199,11.0259043480088,5.333482019445119
11,25.3237376612035,0.123533899455079,97.34,128.921157158449,0.161579701926792,1.72286732826895,28.1257865316145,19.56969244,97.34,3.87211114507542,9.01646573589461,5.81145934094929,26.8713956888978,2.67529287877353,4.18474817547341,-3.08779387280188,4.98795979456423,0.0938043117897388,20.8624846708156,4.98795979456423,4.1353093702134,3.37652497919771,12,12,13.0306962882697,0.952073082954551,0.299991808071076,8,26.0060790217953,12.7960846834934,1.16623978400868,1,2,1.10243829350166,11.189133000684,54.3523635178936,28.3520811200545,-0.284054902075897,0.169947886497873,1,0.883983531089493,17.1500547458567,-2.75390001013875,-0.0736285391550356,1.43465436818924,0.020083113388175,30147,0,0.671650739118436,8.62098581986572,11.9913481104667,7.89520999038762,0,4.30364958984892,13.1479421361218,5.281498311132726
11,27.5124249723609,0.123628172649771,97.34,128.921157158449,0.162365785581055,1.72624014124508,28.9870902000429,19.56969244,97.34,3.87206966876579,9.98682663570059,5.81140586599502,29.4291945760448,2.67549888934611,4.1847310055167,-3.08671513333889,5.00263116471281,0.114102344599324,69.9226633610125,5.00263116471281,4.13528572637701,3.37795497299685,11,12,14.1772388700515,0.952075687917982,0.401684341476673,9,27.9095615739152,14.1117552928392,1.16623978400872,1,2,1.10243829350164,11.1908207203904,54.535888341441,28.5186454834397,-0.258471441703616,0.174228824995034,1,0.884098086169766,17.1238876960862,-2.75180001184344,-0.208852553728422,1.47456875162093,0.021959968432238,30147,0,0.671650739118436,8.62092955406174,10.5251226043611,6.73668204791965,0,4.30364958984892,13.1765066793832,5.958607314841775
11,27.2513996596697,0.107355865937632,97.34,128.921157158449,0.157027746496187,2.0,29.7644218876704,19.56969244,97.34,3.873050844848,11.3317725842374,5.81247834220892,28.8735271963859,2.96150972475825,4.18530770578131,-3.2982354961774,5.70175287829319,0.117034467466861,37.44829637876,5.70175287829319,4.13605424467827,3.47012131667029,13,12,13.6488291178219,1.15686642025533,0.349084614363718,8,27.7323847295995,13.4711985946691,1.46177282229578,1,2,1.3734623823045,12.9620624181601,65.9744857186037,29.992503029902,0.0,0.167530709865459,1,1.34523535835502,17.4668673148898,-3.16890003159642,-0.0171714026492101,1.54306536644848,0.017689809780633,40975,0,0.6485659460606,11.2013058383255,14.7643916879279,9.27312332789834,0,5.16794464668146,15.401564733997,5.042871802323187
11,26.7277615170787,0.123020180351105,97.34,128.921157158449,0.180034600932836,1.88421308352703,29.5992400472743,19.56969244,97.34,3.87274577813731,13.0196010141273,5.81211967277179,27.3503099966396,2.81751766350705,4.18473870136315,-3.08832605469281,5.48143772846791,0.110033584332844,64.8338079322987,5.48143772846791,4.13538020541474,3.37652497776764,12,12,13.4220369530997,0.952077511462652,0.301705785245481,8,26.1754888734622,13.2403738755468,1.35353870437991,1,2,1.16978500478867,11.1850827102071,57.043258230268,28.2686215983822,-0.165750644474172,0.165165472915757,1,1.10498371536035,17.2281457919613,-2.7654000017792,-0.0473303968881077,1.48250301053995,0.0200413135726827,32716,0,0.676569870753517,8.62102805882237,7.20324345479329,3.7605796554112,0,4.49050747590189,13.6064580343311,4.9503943874050265
11,25.3411980498604,0.144024388622942,97.34,128.921157158449,0.166978994395512,1.66786657637626,29.2007062475944,19.56969244,97.34,3.87181230063188,4.70038542153165,5.81113688629105,27.4690923995726,2.64182490555262,4.18461570523445,-3.09003451225954,4.67894940078547,0.0958876372497963,7.78640467379138,4.67894940078547,4.13510020430028,3.36721535032978,11,12,12.7858861010585,0.679754665421681,0.407226151280787,9,27.731957641578,12.6056004207912,0.74488537596436,1,2,0.729479109807328,10.4081499875878,46.2444377247206,28.4981693306438,-0.288030092720221,0.165987194281914,1,0.611871924564073,16.8562834934837,-2.36209999024868,-0.161923150098817,1.36405103377932,0.0222712007944165,22050,0,0.932907641873925,7.63818964974792,7.65109190059905,6.54860444393955,0,3.67331997278161,10.4938000835499,5.568636235841013
11,26.9560740939179,0.184532238023741,106.57,139.921045046056,0.187413566126299,1.6762099698216,30.3740061385809,19.56969244,106.57,3.87179440033667,4.80821127789211,5.81112158012367,29.3379133182671,2.64510929684034,4.18449774308736,-3.16001309738674,4.72564647679473,0.0774674265065246,13.9786341547655,4.72564647679473,4.1350185992864,3.36751996111355,12,12,13.5118053392952,0.679787169324939,0.331958614819387,8,29.3253511812166,13.4185115066302,0.856795472088271,1,3,0.84182577293132,10.3910498824738,49.591924124962,28.8392748851169,-0.279112821428548,0.168605981836931,1,0.480257623304062,16.8470500639799,-2.68299998342991,-0.0634604269553619,1.28167166214056,0.0219773435413441,24747,0,0.943162442516569,7.67974917321848,8.32125519928668,5.98547577122444,0,3.89763742808146,10.947264185482,5.522878745280337
14,38.4284212377476,0.0977605520379153,100.42,139.179647401832,0.432441560499558,1.9886459186502,42.2098159250438,25.1449628,100.42,3.87600046494289,14.4629404136583,5.8247431661214,39.803400471549,2.93584730754335,4.19071334757232,-12.0866796164672,5.74560199741264,0.274005127498952,42.0278303531995,5.74560199741264,4.14243457004813,3.48668303786693,17,13,16.8771841523302,1.21578267960654,0.80268034552781,13,39.580675791489,17.2029228923542,1.12862406273608,1,2,1.08031253149665,12.8512427779318,66.5216990079714,35.1937878746417,1.0,0.143658693987744,2,1.06681222288631,17.179308527188,-3.01860001124442,0.0647823174366787,1.31827100953022,0.0166138359073608,76402,0,0.657648526247231,8.83219529350133,19.1106138296535,5.32471935629925,0,5.15700892420949,12.9643512239952,5.701146923590294
14,39.6455801566194,0.0929478100131784,100.42,139.179647401832,0.4265662776581,2.16043821835585,42.0689129924345,25.13963216,100.42,3.87757817682958,15.4812502021436,5.82855423101921,40.9471585578895,3.10995190444752,4.19097079948892,-5.68601379962789,6.08413503579686,0.291578385591064,46.157601867291,6.08413503579686,4.14287960214159,3.4881133789886,17,13,17.4412400862235,1.32656890354593,0.79766481178366,13,39.6697284138599,17.8271166579929,1.34213346533409,1,2,1.2727336488967,13.0870757054619,72.1127637671199,35.1063781847727,1.0,0.0849870482576632,2,1.2105833169849,17.2491561092166,-3.17490001581609,0.17796619772825,1.37264042284698,0.0207280859036961,94018,0,0.629471782687592,8.83780885516455,17.3831186330258,6.3487835812886,0,5.57443283449733,14.9353439903589,5.235077015350112
14,40.264373049084,0.0967985314564983,100.42,139.179647401832,0.409254863250131,2.15461556103823,44.5218585223447,25.1487036,100.42,3.88051565605327,15.6477569224147,5.83163528352519,40.3888303983442,3.09752440700694,4.19067210101692,-5.65959177464841,6.09102740156653,0.214305243572816,31.503514427418,6.09102740156653,4.14273956970928,3.48657729643432,17,13,17.2216105417725,1.29152335610816,0.633928794340605,13,39.7182086717263,17.5707724348348,1.48473599643188,1,3,1.21348739669452,12.8791522671055,71.9199784110847,34.6618519683718,1.0,0.142101147140965,2,1.04114162262849,17.2631210720561,-3.04860000498593,0.0731792823297372,1.35270431411583,0.0252589098843411,94018,0,0.65925858955436,8.89015725995983,13.4732894062875,8.51117551226914,0,5.54478959975179,14.2988886883184,6.769551078621726
14,42.2975397298917,0.0977475994138074,100.42,139.179647401832,0.473079393254625,2.17305375675117,46.2885782584191,25.13963216,100.42,3.87876893832918,15.1259133151332,5.8286176526699,41.1924226014376,3.11982549364105,4.19068108532467,-5.65768724877486,6.13142869807592,0.32359867968602,50.9681123728607,6.13142869807592,4.14267384168471,3.48644506178551,17,13,17.8714185241595,1.2629734919958,0.802793025681708,13,39.9928433104993,18.3282552404972,1.48473599643191,1,3,1.21348739669451,12.881371750579,72.1447268969983,35.0985736360506,1.0,0.139100118893006,2,1.0081166508786,17.2060523802576,-3.01900000870228,0.106390206835388,1.33128022606589,0.0161719388358275,94018,0,0.65925858955436,8.83901346644378,16.0337064879118,9.55056611129561,0,5.69337739727182,14.3236145360404,5.723538195826756
14,41.1626371647203,0.0986923525887486,100.42,139.179647401832,0.475790271715102,2.16043821835584,45.2847954020302,25.1449628,100.42,3.878698246441,14.6037717937191,5.82866881412825,40.7223400420166,3.10551565239557,4.19067913393615,-5.69490043451993,6.08413503579688,0.313863007102775,49.3155647248217,6.08413503579688,4.14268620301659,3.48649533757078,17,13,17.5408234148185,1.32624678457606,0.789138567705945,13,39.8010769860575,17.9493882808285,1.48473599643197,1,3,1.21348739669449,12.9056079911773,72.1127637671199,34.9638687963185,1.0,0.11282501694638,2,1.04189283153518,17.2095293276636,-2.99010000005364,0.166063544526668,1.32769521623121,0.0184462886180271,94018,0,0.65925858955436,8.83780885516458,16.6064184191989,7.73434612531254,0,5.8480189407941,13.9194006308631,7.221848749616356
14,41.2147647518387,0.0945863660265337,100.42,139.179647401832,0.461653636519779,2.17305375675117,44.1733665071777,25.13963216,100.42,3.87811711494723,15.7044217151827,5.82835359939541,41.3239211588274,3.12084322927971,4.1908070267165,-5.66186460770524,6.13142869807592,0.318977940846182,45.3014530748954,6.13142869807592,4.1427599839816,3.48774070155185,17,13,17.7994297230381,1.27904688218053,0.802694430483448,13,39.8786910279175,18.2417973440777,1.41597451522137,1,3,1.24354922343914,12.9978351011735,72.1447268969983,35.1179963470715,1.0,0.144323081108734,2,1.06732496589487,17.2225341144134,-3.11990000121295,0.0912672900714312,1.34853659903775,0.0162634003559662,94018,0,0.64218219154116,8.83901346644378,15.8166957678949,9.43877734649083,0,5.55881522660968,15.1860273581244,5.809668301829708
14,41.9689338877951,0.0935073998428528,100.42,139.179647401832,0.474877116572629,2.1736480721593,45.197161070041,25.1449628,100.42,3.88124759512283,15.6476033496091,5.8328910036398,41.541616500601,3.12176127035949,4.19078900574654,-5.68089364445397,6.1358555439154,0.317463820777128,49.7232056373657,6.1358555439154,4.14289990447593,3.48764088604248,17,13,17.8399100666166,1.32940421236564,0.788625348025021,13,39.8882373699682,18.2751911883275,1.56479613181099,1,3,1.30228755678694,13.024298821802,74.93091842988,34.9568819756396,1.0,0.119864528762816,2,1.01304523056927,17.2537206491467,-3.15590000338852,0.133448980731475,1.35132568690593,0.0183510364903604,102841,0,0.648479302241305,8.92450982711003,14.6027021111872,9.75800882348054,0,5.74719971803971,16.1861258187821,6.4089353929735005
14,43.4347554006367,0.0975118141344335,100.42,139.179647401832,0.471078155029717,2.17305375675118,47.6212894572185,25.13963216,100.42,3.87853571235511,15.6802102880364,5.82845156735274,44.9410678970437,3.12187063469959,4.19128251687362,-3.16803793287637,6.13142869807592,0.313848489913212,41.082518533671,6.13142869807592,4.14329754827986,3.49734294220139,18,13,17.8250847358462,1.29630390628339,0.814721811424632,13,44.4879298387133,18.2724453232827,1.32244893307114,1,3,1.14911527084125,13.8655894383113,72.1447268969983,37.1951779314242,1.0,0.149389124561432,2,1.15663484702844,17.2500972469199,-3.02630000375211,0.143958684966744,1.48640569723442,0.0156972621317135,94018,0,0.650641909301452,8.83901346644375,21.3375333954736,11.4107159634145,0,5.58362934858129,13.3319318102678,5.703334809738469
9,21.4691123016691,0.128479174521818,85.31,110.910406475419,0.132047501733043,1.78086163894543,23.46333129371,18.85536666,85.31,3.87460905050958,20.9125959745017,5.81451198472529,23.3312678624258,2.72630513610681,4.18522338056744,-2.95072706419043,5.32265932206994,0.05102315503106,9.89243232112829,5.32265932206994,4.13633936804563,3.36977057681199,8,10,12.4053023379064,0.952000077771527,0.2801483419521,8,21.8097321816095,12.1105487711691,1.23401692567432,1,6,1.15879759831483,11.123195457183,53.2555114019556,27.384655675323,-0.262035482450363,0.201000165953788,1,0.840819469559966,17.4538555058873,-2.64790000580251,-0.10837467119616,1.53996259021318,0.0206856015429529,30103,0,0.627402102911516,8.79832344540411,6.72715368934827,1.61155203325866,0,3.87892234145349,14.8451714818089,5.671620396561262
9,20.557646303325,0.198324582013161,94.54,121.910294363026,0.185436232276557,1.54768564020672,24.9920515340244,18.80459976,94.54,3.87452537658404,5.46813310124073,5.81436220766032,22.5826897122282,2.48407343335595,4.18533252963541,-3.24161123202063,3.69909248904206,0.0549838805103333,5.15310230868936,3.69909248904206,4.13646212539095,3.34873964651159,9,10,11.3453748214607,0.679685617876261,0.247295263316661,8,22.5332218789918,10.9565197211179,0.79425868192837,1,9,0.780562642562933,11.2034346195678,48.2677175202989,30.4880733092124,-0.281246647967461,0.178821143542104,1,0.514429136033399,17.4185783246384,-2.49490000866354,-0.0108432477896678,1.36831136938596,0.0157255101597543,25023,0,0.881705983881927,8.61250273984617,14.0956941116229,2.45992606127142,0,3.38949853832571,11.0138739190549,4.997402019280091
9,16.39949194522,0.146119214896193,94.54,121.910294363026,0.123488085176727,1.77288780812167,21.5528596201137,18.85536666,94.54,3.87325221345661,8.61831628072708,5.8128707774013,17.2588283675438,2.71921479376077,4.18487122683784,-3.02789766866459,5.30460686295962,0.0330482367582119,0.112870743835607,5.30460686295962,4.13585844961748,3.39185324324287,9,10,9.65300360083753,0.951811797206237,0.197108524690095,8,17.438274237905,9.0064019483256,1.19891000998352,1,7,1.13789710233104,10.6677316973341,54.2908621470707,28.6954942838559,-0.197074192121039,0.138192098409435,1,0.971162687547894,17.0721213941879,-2.7764999861829,-0.119772469195659,1.31095291455816,0.0176016764816625,30748,0,0.686130332038251,8.87527373259531,3.53444125947635,0.0209415625958428,0,4.45707251179466,12.3099018637178,4.861697301833718
9,21.9029676902711,0.133642365596854,85.31,110.910406475419,0.132084127028889,1.78086163894543,24.528878874683,18.80459976,85.31,3.87517901563894,14.5636596524258,5.8149727873644,23.3053427439751,2.72383590156458,4.18512098188656,-2.95120608278382,5.32265932206994,0.0536430145588603,4.99945829859147,5.32265932206994,4.1362626577366,3.36976164694814,8,10,12.4209327890356,0.951983462633487,0.280569915423611,8,21.8620953590948,12.1247429520477,1.31595236568862,1,6,1.12603288424408,10.9993659102064,53.2555114019556,27.3351214325354,-0.262035482450363,0.184334276041771,1,0.99928169293484,17.3814563528616,-2.54560000821948,-0.125031026273445,1.50155502380489,0.0205713596297692,30103,0,0.640756416733515,8.79832344540411,9.48276184905172,2.30325407680872,0,4.00329859614544,14.0582111837111,5.85078088734462
9,19.4090400535139,0.157063715313508,85.31,110.910406475419,0.186150589806214,1.76974365320093,24.1757429306927,18.80459976,85.31,3.87402664694167,5.02867712117005,5.81367748267197,21.1870431176626,2.71847999077671,4.18545819255353,-3.17687627043402,4.9625748668574,0.0508823937776017,0.0262315164300844,4.9625748668574,4.13650716628115,3.34960488393402,8,10,10.8858659362399,0.679406836357181,0.324300205463735,8,21.2629886141059,10.4681266746113,0.674677664276291,1,7,0.660675640412966,11.2145140373055,45.2408580425664,29.4723829954772,-0.34729635533386,0.0824366872663713,1,0.599459630962416,17.1615639960412,-2.1659999974072,-0.0856615591607592,1.40880336257701,0.0186266658944369,22486,0,0.858889224000038,8.56960929062202,7.20714348719984,1.99950687494597,0,3.41891106424282,10.6135872122139,6.086186147616283
9,20.6015976710826,0.146324749508522,94.54,121.910294363026,0.150413589087756,1.78124790400174,24.0562137706274,18.80459976,94.54,3.87317520216834,8.6756073813197,5.81275485861368,22.2231713635037,2.72709254975266,4.1848626847420896,-3.0217680738191,5.32515917813156,0.0494984665595023,5.24890130565372,5.32515917813156,4.13583631242506,3.38692505249059,8,10,11.7778503871634,0.952006101032661,0.232599110799634,9,21.1833374218637,11.3791818319838,1.19891000998345,1,7,1.137897102331,10.6703828708353,54.5015266764497,28.1809753633786,-0.236962407187487,0.172798766161111,1,1.36147703462847,17.051364766658,-2.77259998396039,-0.181569054866007,1.32950595474312,0.0273576019330576,30748,0,0.686130332038251,8.79740698177667,11.1759781305415,1.39900554142717,0,4.45707251179466,12.3600644145604,6.366531544420414
9,22.437244181478,0.17025182472354,103.77,132.910182250632,0.133645453778092,1.61089146183021,26.8865457327059,18.80459976,103.77,3.87369915653854,5.16891597645828,5.81340066185761,24.4240856370418,2.52182085523948,4.1850609510426,-3.3232235081722,4.16905551075453,0.0368207823833479,7.42947965563213,4.16905551075453,4.13615278760333,3.36014782207941,9,10,12.1147062479653,0.679657314340932,0.222028351730136,9,24.3249213368475,11.8109355988829,0.901055259231382,1,7,0.887603150009912,11.1683369761354,51.7777642142883,30.8274802342643,-0.189010528885124,0.153123019632532,1,0.708823203807421,17.149227710643,-2.88689998490736,-0.0466268612331792,1.22061684070385,0.0214625202665166,27574,0,0.903506333243865,8.63535475020112,11.9939695857883,1.59778120050359,0,3.71240357557014,11.6884245303389,5.4156687756324695
12,39.3077628732416,0.0945166876968622,88.39,121.168896718802,0.392123364876943,2.28373098819587,42.7820803241985,24.37453948,88.39,3.88187794147431,19.0417327317278,5.83348653180416,39.2947994580929,3.21957201853388,4.19175363626998,-7.17863901415644,6.90142878594206,0.213246160808664,133.891858101153,6.90142878594206,4.14436380600908,3.48697247257374,14,11,17.1892867560682,1.2167131018575,0.66976602625551,14,37.1228980130525,17.4991538249576,1.6107969884717,1,6,1.34867037252319,14.3431404753835,77.1309378928824,35.9674402499803,1.14634784858361,0.168860612901791,2,1.21390895552053,17.5788339645842,-3.12220001220703,-0.061231669886832,1.54368768760172,0.0179270676996493,113650,0,0.60895786298779,9.08963359319123,13.5367232769403,11.4093447093556,0,5.82896227170266,15.4206983214317,5.966576244513051
12,36.1242721533077,0.120992514189746,97.62,132.168784606408,0.385573961463626,2.28778436108732,40.2717490520136,24.37987012,97.62,3.87884960756297,12.9727670712881,5.82884265196669,36.4454603064936,3.24150689093684,4.1913238250467,-7.39607673438275,6.90862034714165,0.160441437304745,97.0472813055198,6.90862034714165,4.14373203889904,3.48361542756223,15,11,16.3557389728795,1.27909362662141,0.597745980582867,13,35.2828373131416,16.5372170559735,1.52496875580765,1,6,1.35817776839407,14.0083539581988,78.2658755898349,36.0484276834873,1.05151128799814,0.120375207510727,2,1.50472313441657,17.3324144477476,-3.35309999017045,-0.0639390792425484,1.30525307536142,0.0141902889286874,115407,0,0.64323820009533,9.10666706469321,15.0590894441476,7.60577320708919,0,6.31848380770075,14.1070080950104,5.823908740944319
14,41.2011929823448,0.0991199796852808,100.42,139.179647401832,0.417041531449423,2.16415475484113,45.7696469844984,25.1449628,100.42,3.87716169143959,14.5945777716149,5.8262001950927,40.5816875625724,3.09835628027806,4.19067210392934,-5.62586286518762,5.99006889872868,0.240635370393068,42.8065291664974,5.99006889872868,4.14250881671505,3.48629661293089,17,13,17.638999318522,1.23911367360882,0.714135501585056,13,39.9869366041668,18.0934044688892,1.37145987216145,1,2,1.12868875625054,12.8512444250516,69.3880316010506,34.8002834979024,1.0,0.147891970206823,2,0.931420259908235,17.1846541941512,-2.97719999961555,0.0581981829869909,1.31686626399687,0.0177402306650016,85205,0,0.662184934520336,8.8325104040548,12.1786600060788,8.40531732200147,0,5.57074601269891,13.298828950912,5.425968732272281
14,44.0666212569452,0.085994871586899,100.42,139.179647401832,0.420994183599245,2.18293741991066,45.5841820463237,25.1449628,100.42,3.87768092659315,17.3989488516872,5.82794450457889,46.3139009072265,3.13094358335978,4.19157943667402,-6.12744301647043,6.15499240648988,0.302665969852909,50.1991186922588,6.15499240648988,4.14359083042212,3.50285531649083,17,13,18.4071310922945,1.32551499282953,0.800787626285805,14,44.2701113442958,18.9090385804623,1.43391717753732,1,2,1.35663380370148,14.6241721957362,78.2614221084712,36.9156943428988,1.04852816250645,0.147820337686144,2,1.34894032028807,17.444178214922,-3.43160002492368,-0.0316096094152836,1.52814925637207,0.0152370144215364,113018,0,0.619791411142562,9.04319603816875,20.2979840661776,8.13064651325916,0,6.01908284879725,14.8274384539437,6.356547323513813
9,21.7044870678005,0.148111299004496,113.0,143.910070138238,0.275898773640214,1.78567789193783,26.7330716088193,18.80459976,113.0,3.87473798758201,6.17592571523089,5.81474632169287,23.4215699015806,2.73175884552771,4.18532416580035,-3.61224470306558,5.33661567240373,0.108680681618639,13.0827360883488,5.33661567240373,4.13660229475459,3.36035297992921,10,10,11.9174746174614,0.862079053648769,0.69820792097245,9,23.345766550117,11.5840650557958,0.997538866574659,1,11,0.984285772359979,12.1427060253224,57.6895090164222,33.5673204428844,0.30945095488312,0.105476373405271,1,0.216041863899406,17.304234083555,-3.31709997914732,-0.0341429375083865,1.25954303341684,0.0147615905080577,32548,0,0.915672425770692,8.68478453882083,13.9984348391858,3.62027743100126,0,4.01944467585743,12.0077955782184,5.812479279163537
12,39.0326233763346,0.094899665986564,88.39,121.168896718802,0.392840174186686,2.25175593983279,41.6577121851705,24.43063702,88.39,3.87931500342817,15.207362440979,5.82929552795401,40.16069223776,3.21232144183349,4.19170726429791,-7.21030985081358,6.87409478353283,0.230988315883932,84.5109004437128,6.87409478353283,4.14411439904366,3.50499757930313,15,11,17.4894389995458,1.21659649360179,0.721745566322016,13,37.9754678822747,17.8642940459878,1.46916383894218,1,5,1.29267025908727,14.3388704498723,74.5176233019995,36.5179360462904,1.0,0.132067853461101,2,1.05411936940991,17.4897908851332,-3.10960002243519,-0.0970892698598501,1.5347371252393,0.0152197569524406,105345,0,0.600671988568656,9.0876952384302,19.0514511268003,16.0148730449565,0,5.62930480888197,15.0709552604696,6.251811972993799
12,39.8689256624852,0.0837234375374113,88.39,121.168896718802,0.385712166580681,2.5072547728156,42.8510540200458,24.37453948,88.39,3.88282542754443,16.1727450722192,5.83667318883624,40.8214460564571,3.4504286589782,4.19277858575753,-7.70909725422475,7.68185337438849,0.22923199948992,90.4052427610768,7.68185337438849,4.14562575010977,3.49023633024492,14,11,17.3736372182415,1.30820730282637,0.698527554034326,15,38.6795119265903,17.6951840363821,1.69548716005903,1,5,1.52169899812609,16.1134185067401,86.4335171920123,37.8698274197298,1.15885178605818,0.148196331054664,2,0.870516686449978,17.7675387546789,-3.52470003813505,-0.0618063237396562,1.60705527454601,0.0155108885555744,139945,0,0.606875323440897,11.2944696437684,20.4044632639318,13.0227649208638,0,6.48734911570469,16.7842448597542,5.935542010773082
12,38.5302534607248,0.0915180656179078,88.39,121.168896718802,0.387706258944733,2.28373098819587,41.2189994272011,24.37453948,88.39,3.88101492373067,24.8689115929878,5.83349753397915,39.4098440978664,3.22319690241629,4.19192157487168,-7.18218516585425,6.90142878594206,0.208722549309333,142.531217701161,6.90142878594206,4.1444796923087,3.48933876544057,14,11,17.1486296167924,1.23241455086139,0.669308669312887,14,37.0555810890353,17.450366496317,1.55043073185404,1,6,1.37498060121958,14.4644729050835,77.1309378928824,35.9940053256503,1.14634784858361,0.183534009181896,2,0.91463969034288,17.6386441886662,-3.22450000979006,-0.0558963485524851,1.57996422502738,0.0180792889099468,113650,0,0.602945969162507,9.08963359319125,13.5153479173466,11.3928678050178,0,5.69809553820572,16.0193970142922,5.943095148663527
14,40.6779929434789,0.110427610526827,109.65,150.179535289438,0.428831528071339,2.22771453992356,43.999272132622,25.1449628,109.65,3.87693161657985,18.2430346214074,5.82672702856492,42.2516449999242,3.17779040085586,4.19112686793798,-6.16923204061377,6.47124177322363,0.253879869772228,92.3672635366096,6.47124177322363,4.14311114104298,3.49781810514778,18,13,17.3264902604398,1.33577701160591,0.758293017279252,13,41.3056018364543,17.6492713716902,1.49166737669958,1,2,1.41820476510939,14.2910045318915,82.3373352743883,37.524541477108,1.05158860179856,0.117274616057548,2,1.8389255362579,17.238463768937,-3.67389999842271,-0.0385094655277101,1.36529261044637,0.0154300702771938,123688,0,0.658101508458227,9.0747540137822,22.6373499184911,7.20080130288966,0,6.73410837667846,13.9065822309916,6.022276394711152
12,40.2865046623878,0.121133404872878,97.62,132.168784606408,0.422393266612,2.29959604240033,42.6757900149301,24.37987012,97.62,3.87870650831822,13.5827351784014,5.82834984313131,41.5484505154745,3.24881699738148,4.19130682399476,-7.36952184433927,6.89129647826457,0.206409339980276,96.4798594722199,6.89129647826457,4.14369101342155,3.49505123649654,14,11,17.8142801652987,1.24022731540046,0.678175015091048,14,39.1592543920076,18.2388163135135,1.52496875580765,1,5,1.35817776839406,14.0083539587662,78.5133124451726,36.9957535791842,1.0,0.162039326355846,2,1.35637634607999,17.316458210821,-3.34919998794794,-0.107424755279517,1.38623059997902,0.025760716389596,115407,0,0.64323820009533,9.090366004258,17.6538148795422,16.7448613541394,0,6.31848380770075,14.1447739509735,6.356547323513813
14,45.5517381599523,0.110544958735799,109.65,150.179535289438,0.463984358131314,2.25837349510437,46.7478944649746,25.13963216,109.65,3.87678744836089,18.6522351342294,5.82623081857974,48.0481438031848,3.20393843492794,4.19110977982313,-6.09183542641907,6.56294028375128,0.263942793197053,62.8338558633219,6.56294028375128,4.14306984078016,3.50483773457049,17,13,18.7879474600241,1.3303530438918,0.780256424981081,14,45.7174966781375,19.3449549676565,1.49166737669959,1,2,1.41820476510942,14.289971999043,82.5909609546291,37.9187645901063,1.0,0.161604277311487,2,1.70913569332188,17.2209218906166,-3.6699999962002,-0.0769134624740794,1.41724546914502,0.0271554112214185,123688,0,0.658101508458227,9.04597121307852,19.890212891726,11.6448338846823,0,6.73410837667846,13.9431916617623,5.421360790031928
14,42.8574116620636,0.0963308750250069,100.42,139.179647401832,0.440956715406251,2.16043821835584,47.2297401792617,25.13963216,100.42,3.878279801459,14.4445220824076,5.82841288369521,45.3449666017914,3.11336461651101,4.19206165269903,-9.77761612277427,6.08413503579686,0.257211891264726,44.0770056500688,6.08413503579686,4.14408832899401,3.49658191824975,17,13,17.4791898575805,1.32678336316899,0.81484168296627,15,45.1658773089152,17.8736287627094,1.12862406273609,1,3,1.08031253149662,14.8341027490714,72.1127637671199,38.7615871073717,1.0,0.0503130842877241,2,1.12130029775038,17.3146991021385,-3.06340000964701,0.105942902943861,1.45541853713345,0.0150670103263071,94018,0,0.648495922930545,8.83780885516457,21.6135884204363,15.9862420433373,0,5.6246727509868,12.5517930942955,6.920818753952375
14,42.7229468322251,0.0910605739631306,100.42,139.179647401832,0.473450499800571,2.16993348096179,46.8900194633785,25.1449628,100.42,3.87676548273325,18.3060769195472,5.82549538266317,43.3355177029008,3.07860753050514,4.19110436959088,-12.8361442843363,6.38210842523172,0.315130201489649,88.1005716564704,6.38210842523172,4.14295901613733,3.51333643530271,18,13,17.4535412292363,1.21774749647802,0.813927541890468,13,42.4147931147975,17.8022161265187,1.41597451522133,1,3,1.24354922343911,14.3918311246202,75.3080943669349,36.9972994427091,1.00000000001696,0.148722517814768,2,1.37111716204171,17.420661081104,-3.24070001579821,-0.0450589789941877,1.48651928096732,0.0162758211897186,99031,0,0.634949978827097,9.03862326460289,20.8869572197748,8.06740167169634,0,5.9406756995557,12.9156886346099,5.85078088734462
14,43.9444233387991,0.0868707688287794,100.42,139.179647401832,0.467596781392926,2.29100209827345,46.7449535751929,25.1952143,100.42,3.87837353293095,19.5212069125486,5.82933762965224,44.4978201681507,3.24357390166428,4.19136461809068,-5.69678701192433,6.58016901544188,0.333905370562394,92.1445706079774,6.58016901544188,4.14340938313407,3.51396060356715,18,13,18.0084775518614,1.4442592561849,0.809103853904153,13,42.5021979110262,18.4170956940243,1.58027683109107,1,3,1.40925376525478,14.6161564844105,81.2343736556972,36.9090932787857,1.14999448725717,0.0897354183418684,2,1.51764862838794,17.4759363202481,-3.39700002036989,0.0661206436346632,1.54031679100977,0.0201759969682507,121447,0,0.627793398224529,9.13781498556834,19.1652898294767,9.09815233860297,0,6.36268642452548,14.792329302677,5.7121982700697735
14,45.61300091698,0.0918685022905276,100.42,139.179647401832,0.480202827726569,2.29100209827344,50.141255282009,25.1952143,100.42,3.87951168065576,19.0923255029003,5.82946989391334,44.4007238463396,3.21940907287823,4.19106977957658,-5.7017650654902,6.58016901544185,0.290639180355172,101.138666360902,6.58016901544185,4.14321369579669,3.51325381731543,18,13,18.0398116051629,1.44135903423859,0.707606963585552,13,42.7628137907414,18.4406504344344,1.69431200706213,1,4,1.35776627750534,14.432559586704,81.2343736556972,36.4549232252972,1.14999448725717,0.117732603277832,2,1.19882802867161,17.4444779539682,-3.21220000460744,0.0364625218070733,1.49663301174904,0.0162733779600296,121447,0,0.646405275527426,9.13781498556841,15.9044215800123,12.3583769459466,0,6.6435972093025,13.8249632259482,7.522878745280337
12,36.1851196633212,0.107598630252621,88.39,121.168896718802,0.395352134680869,2.19622708522731,41.7959034529809,24.38894156,88.39,3.88018376033502,9.30152861513068,5.8305123076314,38.2226749484889,3.17401024533715,4.19225339014175,-5.42935716935368,6.48232737555914,0.194075572529255,77.2577024266329,6.48232737555914,4.14470506234312,3.47229179166846,14,11,15.806962973598,1.21662305114615,0.710678589907494,15,38.2889805601597,15.9452268718375,1.17615957768048,1,8,0.995101912298434,14.5455925722222,68.3022120799288,37.5922710108822,0.999999999999999,0.0573883312187927,2,0.971876253177399,17.4020459050541,-2.74260000139475,0.062340382811439,1.41953977471421,0.0139155892448253,87481,0,0.635214190441376,8.99309752753393,18.272727061601,16.6993498625853,0,5.23996109168677,12.6981942559046,5.785156151952302
13,29.3572789641375,0.119672194146179,75.5,104.383367170671,0.341704069364249,1.87512577946438,35.4648630738746,23.03249408,75.5,3.8918086404652,7.82645971348002,5.81665556337621,30.3221486413851,2.84818942652538,4.19643830761435,-8.3115560354248,5.63359952238012,0.166598470757169,16.4622906497007,5.63359952238012,4.15260108681175,3.46307612556753,10,9,14.5410300018719,1.10891801865859,0.61704266327411,10,30.6735947807124,14.5296244163024,1.22153763550545,0,4,0.901948370158249,13.0758415619073,62.6581296286108,35.1791969758351,1.0,0.148027698779368,2,0.547944549061761,17.360551012155,-2.48929998651147,-0.0128141289132469,1.28483127851086,0.0153703731518561,70953,0,0.661077063519526,9.03418570321497,19.3267671149835,7.05733986401393,0,4.79649124618738,11.7807095337637,4.522878745280337
13,32.6397561841263,0.116330831337114,75.5,104.383367170671,0.294409766165789,1.88574475353457,37.4703249323873,23.0721321,75.5,3.89071711717671,8.70041844355229,5.81544467303677,32.8752357433463,2.859714259552,4.19651669413731,-8.28044557341206,5.68226078175749,0.135565896942126,11.3987400022748,5.68226078175749,4.1526245719876,3.46408334067828,10,9,15.591591612308,1.15209988585414,0.481907428912043,10,32.3946730183775,15.7374954407643,1.13111174675868,0,5,0.942776857109975,13.2026739350217,62.8642878112711,34.4610980025347,1.0,0.148702815807949,2,0.492313985905237,17.3237711928813,-2.56079998612404,0.018449170116581,1.2727353196901,0.016409332310593,70953,0,0.623757355703373,8.94794170448107,12.34285553527,4.95855484873597,0,4.80475056870608,12.6673809438124,5.094743951251549
13,32.7210169476813,0.114718111759137,75.5,104.383367170671,0.302051064298154,1.88575434173077,37.9138925208317,23.0213652,75.5,3.89228966914665,9.71140179021218,5.81726102049671,32.8452803444744,2.85993272268778,4.19650636815148,-8.30925009502607,5.68900085954173,0.136068983041936,12.1366832535117,5.68900085954173,4.15270421300818,3.46400035895445,10,9,15.5814123415224,1.15216452630353,0.483029490368246,10,32.3333489431159,15.7229548180793,1.32449874145299,0,5,1.02133519759349,13.2307562945299,65.4739413904814,34.4568747800191,1.0,0.136360467962552,2,0.441412378707392,17.3519998487194,-2.59679998829961,0.0930066960548708,1.2810639722267,0.0162642362034163,77742,0,0.61992364653272,9.03740547007687,12.1625499177663,4.08559866594476,0,5.00614976099589,13.6672758550771,5.13430394008393
9,17.7404317694851,0.156933298971348,85.31,110.910406475419,0.129682858140905,1.70402406199931,22.7575624492362,18.80459976,85.31,3.87449969978489,5.0237817632671,5.81425414211818,18.989221168941,2.67378182845933,4.18553280533522,-3.17642718770733,4.81201756306983,0.0446979706180619,0.597750433746964,4.81201756306983,4.13662176535031,3.37551908763051,8,10,9.84962039444708,0.679454968889832,0.257058565316147,8,18.9858659526258,9.20119510273886,0.674677664276281,1,8,0.660675640412937,11.2189908614071,45.1467345572047,29.8620366737325,-0.288886855923805,0.155736517677355,1,0.638611372770038,17.330340246919,-2.16780000925064,-0.199279807035143,1.43292027745277,0.0188504271465414,22486,0,0.858889224000038,8.59955570339906,9.3359352911476,0.0,0,3.29534140760576,10.5673488836879,5.563837352959244
12,33.6370116674555,0.1093854263302,88.39,121.168896718802,0.356506777082835,1.88574475353456,38.2890974272912,24.37987012,88.39,3.8779054662552,9.29438252846417,5.8268535756994,33.8643696490085,2.8575640452188,4.19091220355116,-11.5041675406517,5.68226078175749,0.177388669048434,79.9513373554706,5.68226078175749,4.14305535019494,3.44460604687729,14,11,15.7445400243858,1.1514796748766,0.598592927027519,13,33.460403628141,15.9076103329085,1.17615957768047,1,6,0.99510191229845,12.5685922042391,62.8642878112711,33.8033921692283,1.0,0.145161031600944,2,0.771311845710447,17.278708955262,-2.69780000299215,0.0135833118546542,1.2678480905085,0.0170958149128165,70953,0,0.643882585730115,8.94794170448107,13.6186728915054,5.73659781270044,0,4.78101838370522,13.1407397418584,5.935542010773082
12,32.9845392716072,0.103395116743929,88.39,121.168896718802,0.371050017898675,2.1962270852273,36.7691272755915,24.37987012,88.39,3.87948531242586,10.8072362968245,5.83065055133837,34.1364033148621,3.16397736723974,4.19116822142975,-6.88939122309786,6.48232737555915,0.226858329498839,77.8243311938842,6.48232737555915,4.14349786425147,3.44907928827105,14,11,15.7589818953623,1.21661503546547,0.685061010445901,13,33.1328315000589,15.8862117850228,1.38070376280662,1,7,1.20297230399236,12.8054576651397,68.3022120799288,33.9537629007569,0.999999999999998,0.0900334653435418,2,1.06764086688539,17.3421526335147,-2.85410000756383,0.17001153589139,1.32888317001672,0.0200342693419967,87481,0,0.610025473644239,8.9930975275339,13.6698754664337,5.59523626365052,0,5.19171672560495,15.1798163182599,6.346787486224656
12,35.6628701763532,0.108182419471468,88.39,121.168896718802,0.459555118660199,2.18194909348909,40.4522246008984,24.37987012,88.39,3.88238395949183,11.9498419572893,5.83369244955341,34.3914355421474,3.13331781456281,4.19087118230545,-6.84416623591097,6.62371581496481,0.322054080814322,109.81123975573,6.62371581496481,4.14335847668298,3.4442808499702,14,11,16.398508727633,1.21661529924291,0.664170768738301,13,33.3715115218233,16.6553763333136,1.51826516165375,1,6,1.13930627499569,12.5947258574605,68.1140299583116,34.5683660654759,1.0,0.143795668833847,2,0.743627593423932,17.3548853212274,-2.72779999673367,0.0383508244131677,1.33453293768736,0.0234896023269015,87481,0,0.642396287703643,9.0387984147943,15.6525745543111,11.1216520705528,0,5.17313542292699,14.5217847910276,4.633017024022149
12,37.2228971987984,0.0976861204636099,88.39,121.168896718802,0.345879194119819,2.17916057887055,40.7944170659567,24.48088852,88.39,3.87919802694728,18.94296908312,5.8282348162782,38.7779376970143,3.06171763127886,4.19146185823261,-12.1364475451162,6.52081793661175,0.193955822461088,40.3392530866169,6.52081793661175,4.14379451397928,3.46581965967087,14,11,16.7075937187141,1.12921457818544,0.638063824948585,13,37.4268725137961,16.9643809044262,1.38070376280669,1,6,1.20297230399241,14.1842213748762,71.3328065926233,35.685832226207,1.0,0.167354435648446,2,1.24581975937127,17.54876588612,-3.02090002223849,-0.116365961327588,1.49073773871577,0.0162228141550832,92442,0,0.603385214671379,9.05416474722852,19.1582504041232,8.08929315683906,0,5.4276395757168,13.2359224805205,5.739928612014925
12,37.9649998953564,0.0928805240434246,88.39,121.168896718802,0.400467318760068,2.26834921038088,40.4207584989364,24.43063702,88.39,3.88079840868612,18.8194003126156,5.83204439775843,39.4424702822159,3.20573233775169,4.19172102558298,-7.22060640406858,6.6011669914636,0.255101935178707,40.0732185166801,6.6011669914636,4.14424243454904,3.46787847539163,14,11,17.2127470677129,1.2951960517001,0.738980306603899,13,37.1465708249229,17.5261677597766,1.55043073185404,1,6,1.37498060121967,14.423926429525,77.1022348864078,36.7385827427207,1.13415953856464,0.113589505907585,2,1.45709270859735,17.5975542486741,-3.17720002681017,0.0210445477496366,1.58576401663854,0.017045917039718,113578,0,0.602945969162507,9.14422328880008,20.7918437055708,11.1632577738703,0,5.84200241259856,15.1744911251261,5.790484985457369
12,40.3184307846224,0.097673187554068,88.39,121.168896718802,0.377812774751137,2.31448959758297,44.4236945596069,24.37987012,88.39,3.88199629141592,19.9204187995797,5.83212639571965,39.720312477062,3.24344758603868,4.19142935550058,-7.11051292422547,7.03360702634615,0.209095807646459,53.5112757223028,7.03360702634615,4.14403559826777,3.46547689360805,14,11,17.5654678662009,1.22036524669698,0.637473160823497,13,37.524393280288,17.9384366816279,1.66772568830461,1,8,1.32164916762635,14.2140376380346,77.1358901815901,35.6517511249868,1.14174591154977,0.16250013850815,2,1.10379064612297,17.5673248921125,-3.02130001969635,-0.0671307040842549,1.50450434662007,0.0157042025463663,113578,0,0.61697882979731,9.14227135514131,17.0489982781854,12.378355218875,0,5.96112081185069,14.5727367675732,6.180456064458132
12,40.1959085516694,0.0934393015442376,88.39,121.168896718802,0.447691598129563,2.31801206726999,43.4517525889053,24.43063702,88.39,3.8844503040716,18.7035894538364,5.83635419783927,40.0263144359833,3.25232150356584,4.19153814851388,-7.21662064114622,7.04820780733504,0.283963722172979,33.9452581572305,7.04820780733504,4.14426318555106,3.46724928554791,14,11,17.6356705323899,1.31990256825932,0.733105614119885,13,37.361180788281,18.0042864464835,1.73483632182844,1,7,1.40170008126974,14.366953022546,80.0071146347118,36.5820257456195,1.14186452828611,0.143850022187196,2,1.19415427478562,17.6007781439611,-3.1582000143826,-0.022052528216509,1.56390328644441,0.0152666947981815,124161,0,0.618685119858131,9.57420903590196,17.9048450084895,11.8256724147423,0,6.01873554885163,16.4044602134101,4.522878745280337
12,41.9835892492916,0.0974377606960562,88.39,121.168896718802,0.377312213830396,2.31448959758298,46.0599678746349,24.37987012,88.39,3.88176306123975,20.594449242698,5.83195946688001,43.8141727739791,3.25125370400146,4.19203983818896,-3.22588163466761,7.03360702634615,0.202738721447211,42.2204569491555,7.03360702634615,4.14467247905592,3.48345123192884,15,11,17.5734328363526,1.23822480052458,0.664530663220475,13,42.2732716790592,17.9424175394609,1.53447726916737,1,7,1.2640702283745,15.1983896595268,77.13589018159,37.8373941692608,1.14174591154977,0.170993294931348,2,1.22740273508868,17.5982186123686,-3.02860001474619,-0.036952603017677,1.62804307939818,0.0151740287551252,113578,0,0.602551201814476,9.14227135514133,18.6415712158491,15.1730658078286,0,5.85333887989433,13.5849301911104,5.554395796726403
12,39.712661754228,0.0990434644840064,88.39,121.168896718802,0.364482381420624,2.2545374629668,44.1316481578558,24.42625612,88.39,3.88038239900526,19.2270833173142,5.82971130676389,39.4086532500371,3.14508706395163,4.19142028263579,-7.10458454723582,6.52537028544149,0.204623658710948,40.0676837065057,6.52537028544149,4.14386940801866,3.46525758560917,14,11,17.4670127947043,1.17416811007163,0.639204210587889,13,37.7073332842972,17.8586200086158,1.57430802045039,1,6,1.24588220740318,14.1882569220914,74.2931457141173,35.6162241205654,1.0,0.170972007287587,2,1.1661279262002,17.5524633741228,-2.97950001060963,-0.117946327695512,1.48834348374787,0.0160799822176156,103005,0,0.610596885369852,9.05867744686209,17.7565775155018,8.33941937725547,0,5.83631439618631,13.5647766086453,5.7447274948966935
12,41.9355167181047,0.0859372726038141,88.39,121.168896718802,0.369771245503556,2.33602634055712,43.9265681734014,24.43063702,88.39,3.88092434725579,24.0247010497654,5.83146279325384,44.1954141785319,3.27056258348362,4.1923395024664,-7.62412846385806,7.06477861230655,0.22161903038107,79.2094291863715,7.06477861230655,4.14496971191277,3.49229983151038,14,11,17.966274798009,1.28428273782678,0.703913104199893,14,41.3207972271867,18.3634504242967,1.62558681417341,1,6,1.45102817568649,15.9532887105125,83.4438251603007,37.7927517935657,1.14190541761012,0.169532593023605,2,1.47666514055975,17.7390445143664,-3.43390003591776,-0.136360750380815,1.7029616954988,0.0173155486723598,136338,0,0.599800131384974,11.2944994260004,20.7369633487975,11.0831243186452,0,6.28324775779322,15.056874830249,4.897223385116559
13,33.8163805082052,0.120744160442093,75.5,104.383367170671,0.324370662471336,1.88574475353456,39.9630449452776,23.10671168,75.5,3.89093226833589,8.46094126804307,5.81560889687341,34.8091119488618,2.86064823915247,4.19687553463737,-3.12279530282764,5.6822607817575,0.154139264137999,17.9358889286687,5.6822607817575,4.15301729280742,3.4727867298699,11,9,15.6051262570532,1.16148260047879,0.517268018366246,10,34.9189384786659,15.7525010211169,1.0047410730581,0,6,0.812972573628255,14.0650722368658,62.8642878112711,36.5772234374321,1.0,0.15232583031345,2,0.477047928470739,17.3487136243976,-2.4671999886632,0.0819171307278572,1.39539626489438,0.0155644524756745,70953,0,0.67782554931114,8.94794170448108,15.9582892531845,5.82786622083019,0,4.82853437014524,10.9341396853835,5.150580586203101
12,36.9201882387052,0.10936921037421,88.39,121.168896718802,0.386682887411976,2.2302890549203,41.8433125600673,24.37453948,88.39,3.88067115467724,10.2294079141267,5.8307172211483,35.0791643472844,3.18990772550644,4.19088011852427,-6.79517005596653,6.84892460811135,0.196136971611671,92.2245319141488,6.84892460811135,4.14329334805946,3.44380850494184,14,11,16.7143296725823,1.2164917621579,0.601294770478062,13,33.8118619667629,17.0057197299821,1.51826516165378,1,7,1.13930627499572,12.5987211773533,68.3332783397973,33.6970664522588,1.0,0.140909210142779,2,0.558894716190059,17.3029527229332,-2.69820000045002,0.0763136039565613,1.27832763815375,0.0168328004453488,87481,0,0.642396287703643,8.99513506199856,11.2432861464555,10.6042143366244,0,5.31104383344084,14.5472223594434,6.045757490560675
12,34.3804002426809,0.110553330231632,88.39,121.168896718802,0.419082246342798,2.1962270852273,39.659290691162,24.43063702,88.39,3.88059914591982,9.40690458533367,5.83076636967653,33.9303991936873,3.15121265224386,4.19087817770291,-6.90109361754188,6.48232737555915,0.246890931869422,78.0361822474884,6.48232737555915,4.14330559463144,3.44399923247201,14,11,15.8843768240674,1.21660536840802,0.677086880074272,13,33.2613513617358,16.0405799734609,1.51826516165378,1,8,1.13930627499564,12.6106057382119,68.3022120799288,33.804947411702,1.0,0.116159598563004,2,0.955361591591887,17.3061090681261,-2.66929999180138,0.149160888678232,1.28448696944626,0.0178139579535984,87481,0,0.642396287703643,8.99309752753392,12.7848772920383,5.02183075089036,0,5.45454132074537,14.1286014993034,5.939302159646388
14,44.3121679470925,0.0860249536033771,100.42,139.179647401832,0.440039201649475,2.18308120703909,45.7641823556835,25.1449628,100.42,3.87739387815855,20.3904077266311,5.82717703850442,46.6232507954769,3.13132463433422,4.19151260631584,-5.93803299135467,6.14960334659494,0.288091912320535,53.0699627808432,6.14960334659494,4.14349598235174,3.51455642875028,18,13,18.5237094866832,1.32560103849683,0.829085008622712,13,44.5004890721545,19.0440599829949,1.43391717753729,1,2,1.35663380370147,14.624172195408,78.4946922613826,37.2716895693253,1.0,0.129556015658783,2,1.2824042312737,17.4100824486279,-3.43040003068745,-0.0630042471706403,1.57022695763384,0.0159024871872129,113018,0,0.619791411142562,9.04064568065233,21.2982068243095,10.5492080328664,0,6.01908284879725,14.8413300507794,5.563837352959244
14,45.2283898086118,0.0767390456172651,100.42,139.179647401832,0.425985267669067,2.43518978295704,46.9263455622583,25.1449628,100.42,3.88091326058825,21.2449531595527,5.83459495870091,47.4480953350209,3.39629040733975,4.19259000614831,-6.35479010655712,7.34479000091718,0.289902185317223,48.6577186637579,7.34479000091718,4.14501359713761,3.50591594345058,17,13,18.4660005530715,1.44479878611209,0.804819076565632,15,45.3149822508885,18.9475442806031,1.66748037982804,1,2,1.57289840164311,16.3971016135189,90.7131825891039,38.5631381984722,1.24099661028294,0.146177299874439,2,1.07314930497808,17.7077521009513,-3.84550004638731,-0.0457369451399256,1.64054858392401,0.0166317426804476,149842,0,0.623715202012173,11.2944155606521,20.9886776201832,13.9464861963404,0,6.88859906718457,16.5126110262718,6.958607314841775
14,44.6942801306409,0.0832369621693857,100.42,139.179647401832,0.420020915744639,2.23996457259893,45.5202972950144,25.1449628,100.42,3.87909988298095,22.5205691395414,5.8314054280578,46.9064165713368,3.1563508069,4.1917281638574,-5.9903777765579,6.61224028779264,0.306355000010344,48.1482543531461,6.61224028779264,4.1438636807071,3.50428194385138,17,13,18.5230814268198,1.32931799471829,0.803667233059084,14,44.3432211377636,19.0240691255447,1.51798030194526,1,2,1.43403635710535,14.7481560112738,81.1770647300521,36.9256603570168,1.15260849260322,0.183805886248305,2,1.15040684765825,17.5703457087842,-3.54530001804233,-0.0316585663464065,1.61339004964945,0.015849407165091,121867,0,0.621506791256911,9.04483470043677,19.3762612087876,11.6086034901759,0,6.07010601195813,15.7593698893685,6.3872161432802645
14,45.5212473603952,0.0857101370105555,100.42,139.179647401832,0.427495509579697,2.23996457259893,47.2687489891768,25.1449628,100.42,3.8799703473018,19.5788011002938,5.83139452674303,46.796797913986,3.14485265507416,4.1915592281595,-5.98202515215981,6.61224028779264,0.309742238104294,57.9513643605223,6.61224028779264,4.14374707833975,3.50267011857931,17,13,18.5488125617282,1.32725162101739,0.801336892072256,14,44.4171168522199,19.0533282598465,1.5802768310911,1,2,1.40925376525484,14.6199875715003,81.1770647300521,36.8978558328293,1.15260849260322,0.168566347001294,2,1.43421575713021,17.5061693028924,-3.44300002045929,-0.0334892057893273,1.57718170720543,0.0158879674538858,121867,0,0.627793398224529,9.04483470043677,18.6802929580221,10.3125410430546,0,6.20587822292296,15.1798193323685,6.096910013008056
12,39.4183903756435,0.098616495920139,88.39,121.168896718802,0.449079559443191,2.26834921038088,43.5357736152754,24.37248204,88.39,3.88192129242423,17.645550540995,5.83217286640536,39.2245209942603,3.18732284335097,4.19142740703041,-7.21379390726828,6.60116699146362,0.278666881199723,31.1139684612,6.60116699146362,4.14404785822428,3.46555426729412,14,11,17.3136516755411,1.29173118200071,0.733186345920385,13,37.2748133903784,17.6498153505513,1.66772568830462,1,7,1.32164916762633,14.2403339780404,77.1022348864078,36.5914576265865,1.13415953856464,0.139133055923038,2,1.27530553545413,17.5697488676096,-2.99240001104772,-0.0221947510120262,1.54254726307955,0.0153517310674547,113578,0,0.61697882979731,9.1442232888001,19.8812977444448,9.7254936748194,0,6.11034898252564,14.1753815409939,7.397940008672037
12,39.5529433768222,0.0945166876968622,88.39,121.168896718802,0.366155099386156,2.31448959758297,42.5386717581582,24.44212576,88.39,3.88134305807518,20.5175703492164,5.83185604724767,40.1090441295904,3.2475141513087,4.19155629191363,-7.15720155604234,7.03360702634616,0.209039317389289,43.3250802328657,7.03360702634616,4.14412241221664,3.46739375364005,14,11,17.5407937232435,1.22110750915915,0.63911283575372,13,37.6542116011889,17.9021570845353,1.61079698847173,1,7,1.3486703725232,14.3415673478601,77.1358901815901,35.6158682785551,1.14174591154977,0.166814388968345,2,1.13139067679645,17.5788378184644,-3.12220001220703,-0.0612316698868321,1.51677460331119,0.0175349885518885,113578,0,0.60895786298779,9.14227135514131,16.8733200445353,11.6863919974252,0,5.82896227170266,15.4208298636723,5.543633966870957
14,45.4876161273347,0.0883004198000314,100.42,139.179647401832,0.503456693911264,2.36204119099647,48.8677574246784,25.1952143,100.42,3.87892296756504,19.5757077220877,5.82914722918461,44.8538054306793,3.30120463549596,4.19119916636544,-5.67322920692776,7.16310147405655,0.361490413292376,91.35622799521,7.16310147405655,4.14328854392131,3.51378187124374,18,13,18.355783777735,1.28360822349813,0.814114237592621,13,42.7063179723266,18.8212633874687,1.63891904175628,1,4,1.38384135495879,14.5366163877272,81.268868068044,36.9262163451961,1.15388557487908,0.149091307282579,2,1.35151357844738,17.4547736510599,-3.34200000576675,-0.009073785609664,1.51630609462525,0.0159436299064164,121447,0,0.635895352757467,9.13608055416492,17.59421656232,12.1778916080187,0,6.34293552812071,15.0305483135898,5.892790030352131
12,42.7174076391537,0.0859673143291468,88.39,121.168896718802,0.409880780254402,2.33655592058377,44.1348463067619,24.37453948,88.39,3.88063973763286,23.3647989863397,5.83070504824928,45.169395226303,3.27155657601747,4.19227260432267,-7.54141895859371,7.06213515575058,0.256484833427933,34.7763626413111,7.06213515575058,4.14487514676953,3.50786906594379,15,11,18.3730692280627,1.28574007931277,0.781467555812344,13,41.9776012473408,18.8385231007885,1.62558681417347,1,6,1.45102817568644,15.9549073504043,83.6878247618574,38.7856349861755,1.13587681815818,0.153936165893151,2,1.54397434854397,17.7137668881221,-3.43270004168153,-0.162462954014562,1.7571654065423,0.0144435256423604,136338,0,0.599800131384974,11.2947531181952,24.2668020752926,16.8773852523799,0,6.28324775779322,15.0704737341336,5.795880017344075
13,31.9085689117876,0.123195894785218,75.5,104.383367170671,0.288830457128083,1.88344639549161,38.2221431134244,23.00987646,75.5,3.89023526767361,7.17666211298367,5.81478518164102,32.1139236673051,2.85460345663199,4.19643594235561,-8.24798282619409,5.64124652285205,0.134164964836604,9.56214932550352,5.64124652285205,4.15247942114111,3.46282542312995,10,9,15.0946137694291,1.05888098407536,0.485365920610765,10,32.2711372707807,15.1611588250507,1.07148087127602,0,5,0.784266773927389,13.0576563862633,60.285994891289,34.4607604726513,1.0,0.149008873221872,2,0.457331495128913,17.2895980416981,-2.41809998452663,-0.0893373569508269,1.24577512409355,0.016382652578402,64174,0,0.700992313447371,8.70776294580947,13.3653220609487,5.38872636736145,0,4.81710272926489,10.7799911266094,5.197226274708024
13,35.3766297856776,0.103707568408682,75.5,104.383367170671,0.285290152754146,1.92027920966464,38.7815182929679,23.07177224,75.5,3.89055239760866,12.3186716812072,5.81529091974169,37.4621020225734,2.88596661241404,4.19706108428404,-8.77171161845964,5.73219650379775,0.147623816399402,22.334098635777,5.73219650379775,4.1532061972434,3.47865764905633,10,9,16.5138286290751,1.09897087529096,0.525969205327421,10,36.2189866424202,16.7613380466216,1.1548980996787,0,6,1.09269481490413,14.8199406423028,68.5959154991729,36.2903872539046,1.0,0.151364433816271,2,0.66005613026142,17.526092772635,-2.87250000983477,-0.109251296147301,1.44563741452359,0.015793229255197,85627,0,0.582514529161163,9.05387080466768,20.5513124414206,7.19560714744496,0,5.25189963882272,12.4295392908965,4.522878745280337
13,33.9168364610293,0.103750910617322,75.5,104.383367170671,0.32183091992961,1.92056116758134,38.47699776103,23.08326098,75.5,3.89042270922336,13.6650075780083,5.81509181625419,35.7368280291263,2.88558700105381,4.19703209272029,-8.64656229879538,5.72034328044433,0.146877828400868,89.2307025652141,5.72034328044433,4.15316276486308,3.49028578427563,11,9,15.9390385221752,1.07469718219392,0.521640664137167,10,34.9644818598264,16.0976875547302,1.15489809967865,0,6,1.0926948149041,14.8199861544419,68.8089742901478,36.8049571821016,1.0,0.140063649930244,2,1.03715817927127,17.4947151193026,-2.87130001559854,-0.154645508952374,1.51741853001312,0.0151644501346031,85627,0,0.582514529161163,9.0534268769416,15.7924141631282,9.81694500125331,0,5.25189963882272,12.4438600006211,5.769551078621726
13,36.4897225796293,0.0997588878773194,75.5,104.383367170671,0.433023687022547,2.17916057887055,39.1874360350847,23.08326098,75.5,3.89130352988507,22.8625091494985,5.81644960402097,38.5349699778295,3.09812012434673,4.19715180758358,-8.7035591020631,6.52081793661177,0.238141230042738,29.1032515463838,6.52081793661177,4.15336925527127,3.47974197199114,10,9,16.7156737216223,1.1521456772896,0.82414825615734,10,37.0236424276183,16.9806465663089,1.26457860243584,0,5,1.19234546808499,14.9509915609706,71.3328065926233,37.6847278160488,1.0,0.18002615937558,2,1.01820827556518,17.6428945787382,-2.98620000295341,-0.0993592725254915,1.58809555807888,0.0136997252023022,92442,0,0.577247442694095,9.05416474722854,13.1158517267456,7.65656926795933,0,5.3212109126794,13.3621736190325,4.522878745280337
13,36.9721530278381,0.103297614591051,75.5,104.383367170671,0.436049600911845,2.17916057887055,40.4237168749171,23.03249408,75.5,3.89175519794987,16.8115851750809,5.81670529961344,38.4723834069589,3.06332030596185,4.19704875341066,-8.70428532962241,6.52081793661177,0.241603606196169,30.7399378621402,6.52081793661177,4.15329963387691,3.47851724204426,10,9,16.7267763734021,1.12948571534199,0.82394786438034,10,37.0643643704873,16.9916153824939,1.34414335885992,0,5,1.16067900741757,14.8116166934602,71.3328065926233,37.6319981529637,1.0,0.167095145796594,2,1.18579431623602,17.5833454811009,-2.88390000537038,-0.109371018170042,1.55012093630485,0.0136304629636901,92442,0,0.58570927339319,9.05416474722854,14.6700595624977,5.36420944728327,0,5.45195604021668,12.7826986174325,4.522878745280337
14,47.9329797315713,0.0908447243955066,100.42,139.179647401832,0.513184579997442,2.36204119099647,52.5378044912513,25.1952143,100.42,3.87934865667996,19.5969874135825,5.82925215501419,48.6451098138942,3.30621439311088,4.19168337736476,-3.33882392074801,7.16310147405656,0.352572636649139,87.1524700378837,7.16310147405656,4.14383743422529,3.51750504808688,19,13,18.3804798756879,1.30343101459839,0.821760198474068,13,47.4668950786421,18.8509142643407,1.56479613181096,1,4,1.30228755678691,15.4032740745615,81.268868068044,39.0807294783981,1.15388557487908,0.154060766903293,2,1.39158914742778,17.476686568919,-3.24840000830591,0.0268648213327989,1.64915243485424,0.0154080672439783,121447,0,0.632485221340699,9.13608055416491,23.1166574464816,14.1602607627136,0,6.36845679928499,13.2686991845534,5.935542010773082
14,48.5412445033166,0.0807674415250543,100.42,139.179647401832,0.465247838625333,2.38984813376807,50.4628575537567,25.13757472,100.42,3.87848631928311,21.3766178650958,5.82873771910147,50.0192362313158,3.32530237250068,4.19198413725875,-6.12545364976183,7.19298805431951,0.345509490492421,96.2731996754206,7.19298805431951,4.14413542195766,3.51961829839408,18,13,18.9532381124584,1.4442499756232,0.817090533059516,14,47.2320884716572,19.4789610361246,1.65330167608044,1,3,1.48283106116792,16.1599205151681,87.7405672188415,38.8873089596581,1.15388293297155,0.152484792078056,2,1.66066928482846,17.6343450056579,-3.65370002947748,-0.0966455314690162,1.69373098897929,0.0137441847040674,145535,0,0.621954393892151,11.2944496474893,22.1007917672495,10.8721713191195,0,6.81203477587321,14.6956039544732,6.251811972993799
14,48.8134695676217,0.080793976901747,100.42,139.179647401832,0.481041184456907,2.39049541269859,50.6474587763681,25.13757472,100.42,3.87819616767853,24.3662144409695,5.8279669438133,50.3564515886327,3.32620039268517,4.19191687896307,-5.93072337821076,7.19114040271397,0.327851070432783,99.1406047518069,7.19114040271397,4.14403996917039,3.52533519877887,19,13,19.0732820654708,1.44424942945264,0.836515805165363,13,47.4799276636879,19.6180549560467,1.65330167608048,1,3,1.48283106116797,16.1616082362138,87.9901652364404,39.1283498421935,1.15316197030883,0.134357991065831,2,1.63171691151288,17.6062377515913,-3.65250003524125,-0.122449658887621,1.73202673503326,0.0156048308492844,145535,0,0.621954393892151,11.2947033558656,23.0644875515991,13.3042443721784,0,6.81203477587321,14.7089735865683,5.756961951313706
14,49.9780655380244,0.0725489231451442,100.42,139.179647401832,0.472923787171652,2.58204942329366,51.9671552475998,25.1449628,100.42,3.88178194536237,25.393223606862,5.83545301757578,51.4541722113519,3.53130322404448,4.19301038721837,-6.3197278905768,7.71051975127073,0.331812416821401,94.6743137568366,7.71051975127073,4.14558186760042,3.52155139627661,18,13,19.0254570112449,1.54786376704531,0.819439802382917,15,48.4727230812592,19.5308870414209,1.84496842755922,1,3,1.67576857672337,17.927989453084,100.870082041137,40.5821057790021,1.24454354611385,0.149100991122837,2,1.39082336871525,17.8569662882785,-4.06760005094111,-0.0984235801352521,1.80593747264955,0.0164640875083316,192247,0,0.632457556708023,11.4460359373383,22.7708833447361,15.0415151276408,0,7.68884412984646,16.3129010148513,8.0
12,44.0413960312754,0.076693175081904,88.39,121.168896718802,0.396469962528409,2.61360437272611,45.634340428624,24.37987012,88.39,3.8841903019564,26.5390161690513,5.83810293085623,46.3300262203772,3.58821406250405,4.19336269480992,-7.99521079124226,8.424317108596309,0.222436884432345,124.753448634681,8.424317108596309,4.14641243573559,3.49542136766065,14,11,18.2090627464501,1.44606703279168,0.758403666162276,15,43.0748470729038,18.5987183055041,1.82214317386254,1,6,1.64961970206695,17.7357053105197,96.2572343056649,39.5496086042605,1.1658444630435,0.161705953237222,2,1.3504786562947,17.9416269173544,-3.84780005738139,-0.123184147942685,1.7980678009467,0.0183674880247477,180442,0,0.6155561314809,11.4460359373383,23.8425155654919,14.3000611765419,0,7.14681361607143,16.7064167258666,6.259637310505756
12,35.9218481191427,0.105426745819386,88.39,121.168896718802,0.413567029364754,2.23028905492029,39.8741860797506,24.37987012,88.39,3.88002334773084,10.7001566513614,5.83045418302584,35.1079711142693,3.19256402773027,4.1910053626299,-6.84969151267416,6.84892460811135,0.257965580568053,78.3708403009622,6.84892460811135,4.14337902601865,3.44815610217833,14,11,16.6865019978612,1.21657809627185,0.690222595363597,13,33.565715096599,16.9704003026967,1.45184799185934,1,6,1.17164587435153,12.7162170613638,68.3332783397972,34.489731068815,1.0,0.145846640483417,2,0.727586551028482,17.31792364499,-2.79909999296069,0.0640824215913003,1.32099752206166,0.0154774870513814,87481,0,0.623453724759049,8.99513506199856,13.6148310504121,14.3135243730392,0,5.18175238681237,15.4395099258703,6.050609993355088
12,36.5868821123514,0.104088040628961,88.39,121.168896718802,0.426542285996122,2.23228595465639,40.7648676239128,24.37987012,88.39,3.8831182452088,10.6550549988274,5.83494540279823,35.3120584971223,3.1954065135242,4.19098744154318,-6.86919962702709,6.85990774001652,0.258103520138169,83.5257838191665,6.85990774001652,4.14351812782558,3.44785021037771,14,11,16.7288626421072,1.23248947349683,0.679740264111965,13,33.5762413965257,17.0058063532176,1.59578513598032,1,6,1.23462809258555,12.7416482484156,71.0450841753298,34.3210958841198,1.0,0.1229354947578,2,0.736229086924425,17.3463126689899,-2.83509999513626,0.117234746513929,1.32506882403693,0.0165363247406956,95760,0,0.629692706128805,9.04466321784169,12.7063548377024,11.0721318199633,0,5.38267619038436,16.474581214113,5.889410289700751
12,36.658537054443,0.109074109765944,88.39,121.168896718802,0.418215352939993,2.2302890549203,42.0331160735913,24.37987012,88.39,3.8804396560809,10.3809126946714,5.83055234917572,37.9179912111247,3.1951113650741,4.19147847362768,-3.05653903027562,6.84892460811133,0.247219893620404,73.5807394253329,6.84892460811133,4.14391630280689,3.4755553823569,15,11,16.2058481172107,1.22303233595287,0.706248679533973,13,37.7075011444639,16.402684310765,1.3617711091872,1,8,1.06980120681401,13.5839713983191,68.3332783397972,36.0923486738944,1.0,0.150635029094487,2,0.94814772528703,17.34301023088,-2.70549999549985,0.114675242015504,1.4461760891954,0.0147492734951726,87481,0,0.634983905055211,8.99513506199858,16.9365718933341,11.2532981764209,0,5.20558985024367,13.5116099746335,6.008773924307505
12,35.7869154784257,0.111090198931021,88.39,121.168896718802,0.401987743224947,2.19961421583092,41.2139019085553,24.37987012,88.39,3.87907139255251,9.68633838875031,5.82831313241548,34.2855385939452,3.12396511651369,4.19087118644406,-6.80807844680735,6.05031813149528,0.223954706812187,72.9632476291203,6.05031813149528,4.14312922711044,3.44327892670075,14,11,16.5166939928805,1.18498164752822,0.689223538387282,13,33.5570839704324,16.8186914884082,1.4089360916007,1,5,1.04766980993057,12.5685938516652,65.6515332985905,34.5180185980484,0.999999999999999,0.149158102586379,2,0.635499715512261,17.2835500379789,-2.65639999136329,0.0084905214791673,1.29287182617386,0.0157524857378188,79212,0,0.647656195401087,8.95122611746261,15.3035493504274,11.0041125260141,0,5.19412585593742,13.4868133139627,6.309803919971486
12,38.2181507913524,0.0948630583449304,88.39,121.168896718802,0.381115765234295,2.25133568857542,41.4250689482269,24.37987012,88.39,3.87959914525767,14.2501025690704,5.83005644148214,39.1166979419935,3.21151464876339,4.19177372649632,-7.2751249065203,6.8773384718708,0.202956384868319,118.802957909691,6.8773384718708,4.14420848206333,3.48724673184987,14,11,17.0434546866758,1.21659200508758,0.6609596996729,14,37.2485287864212,17.3451596180918,1.46916383894216,1,6,1.29267025908721,14.3415216220435,74.2900800892559,35.869990950256,1.04847310026744,0.149139753380064,2,1.00196764818769,17.5213151501073,-3.11080001667142,-0.0616122616057087,1.48619863870064,0.0181817712406684,105345,0,0.600671988568656,9.08885867408477,15.1880722535864,8.72853044858929,0,5.62930480888197,15.0567832734722,5.966576244513051
13,30.4545324954224,0.121122175946141,75.5,104.383367170671,0.27507238069165,1.73580055272244,35.7652193305083,23.0213652,75.5,3.8896140463124,6.84705242411591,5.81412414361775,31.7786016040908,2.74652912796057,4.19646051225424,-7.95276768224091,4.11973275516882,0.124656930778083,9.43237654398328,4.11973275516882,4.15243572546183,3.46316359575223,10,9,14.6072220364282,1.01049971819763,0.484670397975313,10,32.1383574642247,14.6010833137687,0.727548607277336,0,6,0.71529998520109,13.0577002512267,57.6118550437165,34.5372813115454,0.999999999999999,0.14624484312865,2,0.457216835815641,17.2847859109373,-2.4594999961555,-0.0795712100321914,1.24744613524724,0.0165117075795473,57405,0,0.71358442072673,8.6858139964735,14.2636188537878,5.2535023444241,0,4.40407319856721,10.4457304879279,4.522878745280337
13,31.3601550502592,0.113889203535103,75.5,104.383367170671,0.280403279798821,1.87938524157182,35.7443326970914,23.0721321,75.5,3.89043179097026,12.4062291058117,5.81527845363471,32.645826446183,2.85174319220367,4.19660784759008,-8.22957927878313,5.62731081166064,0.131172253962909,25.1978161245919,5.62731081166064,4.15268892043435,3.46436041796065,10,9,15.3067145001868,1.08439738783759,0.496725697199406,10,32.3279113647473,15.4175063594573,1.03168870330254,0,6,0.982003563239483,13.2919145386379,62.8363944416756,34.525720647994,1.0,0.114126408795855,2,0.562895322521141,17.3478671735466,-2.61570001393557,0.174577099691198,1.29777493315048,0.0165572724109815,70953,0,0.600131071156978,8.93419392954122,13.7440414693246,7.22393285582856,0,4.81444201528177,12.4171835752067,5.100179497572904
14,47.2539055358434,0.0783298831318575,100.42,139.179647401832,0.449831713039022,2.39734908775191,49.1881283804236,25.1449628,100.42,3.87993221550288,33.8845119893651,5.83222651096667,48.3355250304463,3.32861667424322,4.19213462360035,-5.98368861064207,7.19926249088949,0.271403190342776,131.451645678739,7.19926249088949,4.14441176310075,3.52032611340463,18,13,18.5862784835297,1.44426498592015,0.767087605403872,14,45.570268397167,19.0380914800549,1.72135488746119,1,3,1.55136378533905,16.2773561313483,90.81871797434,38.4751136566995,1.15388895605851,0.187671317169081,2,1.50308209465167,17.7397715176077,-3.76740002259612,-0.0915514354004845,1.72128601098776,0.0211512671500405,156784,0,0.627069978423221,11.2945932987873,17.5547517417088,13.5019721154407,0,6.86768580626142,15.5848479041364,7.221848749616356
12,45.6389931202095,0.0831829972560538,88.39,121.168896718802,0.402985364976452,2.34813212685717,45.9397435989583,24.43063702,88.39,3.88235657011273,29.7440755003457,5.83491011155214,48.0335939969758,3.27729350545179,4.19248933899292,-7.48827619838027,7.07663049871263,0.256139961307974,87.6063068240509,7.07663049871263,4.14524446382485,3.49412779774418,14,11,18.7563079731186,1.31945551857486,0.781190701252633,14,44.1707359413371,19.2550210172166,1.69548716005903,1,5,1.52169899812612,16.0822864827598,86.4453435464875,37.6495947109315,1.15271574127189,0.199534692868672,2,1.55390018395906,17.8344748366404,-3.5476000290364,-0.124814901763974,1.74985832300166,0.0183574409143848,146947,0,0.606875323440897,11.2946430787068,18.1842891742452,13.9928978965015,0,6.33831973878935,15.9744832013583,6.337242168318426
12,43.7749105962388,0.0856529186970186,88.39,121.168896718802,0.401615872535738,2.34813212685717,45.5828938297933,24.37987012,88.39,3.88322564882506,22.8631712621223,5.83490956565357,45.1795521591822,3.27556799903444,4.19231913917287,-7.58957088939595,7.07663049871265,0.269389418374337,38.0450819816465,7.07663049871265,4.14512708326356,3.49206128804168,14,11,18.3304041114358,1.30328954365421,0.741594196596955,14,41.7955558340992,18.7673025718232,1.74791206944777,1,6,1.49902018617168,15.9447849158959,86.4453435464875,38.5577190084111,1.15271574127188,0.186714748708633,2,1.62503232591557,17.7855666732804,-3.44530003145337,-0.134319734946172,1.77291855217556,0.0144527057971417,146947,0,0.609817983443803,11.2946430787067,21.6248376788093,15.8784494061588,0,6.47175065769475,15.4036746907283,5.609064892896621
12,37.6791443140774,0.110358521598692,97.62,132.168784606408,0.388714607651588,2.35575376292218,41.6300622803722,24.43063702,97.62,3.88016515854926,22.5333058919341,5.8302434555544,39.5019730894709,3.29206227085776,4.19188416128823,-7.38602390568963,7.08462297783164,0.171482032402869,84.8594832988865,7.08462297783164,4.14448801553758,3.48802850088124,15,11,17.2055244652022,1.33949777923416,0.613007235464418,13,37.400988181764,17.511540348708,1.67350132072343,1,7,1.5072058314508,15.6355320324311,87.654001591479,38.3191294343039,1.14415450437647,0.143322170541727,2,1.74025102203612,17.5900192911834,-3.67620000941679,-0.136443927513475,1.56443378188596,0.0143436345590548,149088,0,0.636864146411614,10.208613688453,19.7112408242884,11.2369713039834,0,6.9780050158062,14.1522084874556,5.987162775294828
