F06[C-C],L1p,H6v,L1v,F03[C-N],RNCG,SpMin1_Bh(p),H6p,Tp,F05[C-N],Tv,L1e,P_VSA_p_2,SpMax_B(p),SM15_AEA(bo),Eig07_EA,H4s,SpDiam_B(v),TPSA(Tot),CATS3D_02_AL,SpDiam_B(p),RDF115v,Eig07_AEA(ri),RDF060p,SpMin1_Bh(e),SpMax1_Bh(e),nCsp2,RDF145s,DP15,VE3sign_RG,SpMax5_Bh(i),MATS1p,H7v,SM02_AEA(ri),Eig07_EA(ed),TPSA(NO),SP17,DP17,CATS2D_08_AL,SP18,DP16,nHAcc,SpDiam_AEA(bo),RDF075p,F04[S-F],F05[N-Br],RDF065i,alvo
25,7.31252837068396,0.100371940518328,7.31397812032684,10,0.150586894151745,2.06619545627947,0.0963908390735381,15.3691927609509,7,15.321535096307,7.28979730989835,119.433935643089,3.95496578428625,2.04175179551789,2.04175179551789,16.6410466054512,5.87591823825168,100.3,5,5.88740643086387,0.262611783405263,2.97861760223671,22.0702502034002,1.98635321747897,4.1515181027797,20,0.0,6.32586984103322,-4.17522430973857,3.46639436599873,-0.0385384310153089,0.0328660076724958,6.06520454741165,6.06520454741165,91.92,5.4805295873151,5.26156647157604,6,4.90445820414445,5.81695758452435,7,5.57517760505363,15.0460000971666,1,0,51.6498050217201,6.431798275933005
18,18.6612174449171,0.107851910905194,18.9492209314067,9,0.153070870033617,2.0860263639504,0.131162838760754,22.5068068511614,7,22.656809117069,19.2647252421217,110.910406475419,3.87394118668875,1.54755973755737,1.54755973755737,5.97112074593844,5.80003843451148,85.31,4,5.81360215202647,2.49638729108369,2.48375978133153,4.02813649783267,1.95307888375824,4.13557734323005,19,7.42023348909804,11.2688363968308,-2.74115419292797,3.314174691162,0.0267416993365248,0.0404797458838575,3.67563296206769,3.67563296206769,85.31,10.9774680049463,10.8755048850475,4,10.7342514147137,11.0977993790067,6,5.48003638055347,5.75172411518358,0,0,21.9298231643898,6.468521082957745
18,18.7414448344759,0.113729952831197,19.0328634219781,9,0.150630953418243,2.08573258080707,0.139840402456291,22.9750260979419,7,23.1010011262075,19.253656128923,110.910406475419,3.87594617072494,1.78229778538887,1.78229778538887,6.80479008158369,5.80154557549116,85.31,4,5.8157631103903,3.04776354353789,2.70683956370264,4.02025970796527,1.95258147595368,4.1356640447088,19,8.40586969078612,11.2454507584093,-2.74268029692436,3.31379490517628,0.0336337887759437,0.0407787359887795,5.22488835159337,5.22488835159337,85.31,10.9784014692148,10.8481071925984,4,10.7352078563132,11.0722084530482,6,5.48190928844314,6.0894435345943,0,0,22.6000156893973,5.388276691992658
18,20.5437499234767,0.120410204370051,20.1442680959814,9,0.159800840019806,2.0863418790973,0.145548899779305,24.6984759806506,7,24.0966731317824,21.2777202210934,110.910406475419,3.87420408920662,1.54755973755737,1.54755973755737,5.88730114211353,5.80009732348639,85.31,4,5.81383171869221,2.61057977698656,2.48383255587962,4.03743669080994,1.95747220831746,4.13596277149691,19,6.78264405708544,11.2943048643727,-2.95585926589957,3.35359310978206,0.0222604784196788,0.0485405129441552,3.67563296206769,3.67563296206769,85.31,11.0072585333932,10.9020357542915,4,10.7640268299443,11.1238854080973,5,5.48003638055348,5.72260815686839,0,0,24.6179592104612,5.6439741428068775
18,19.1978828179858,0.101331075250972,18.5234552832771,9,0.163573424861437,2.08594024176855,0.124495187771319,23.3926706160892,7,22.4940767426887,18.604781762698,110.910406475419,3.87337050789927,1.54755346745117,1.54755346745117,4.62598664061148,5.79929033303554,85.31,4,5.81291036290411,3.48794566217624,2.48362658442028,4.05301436860767,1.95408266064458,4.13542073287751,19,1.69926760753675,10.7162110551746,-2.74127406481273,3.305992187273,0.0266470284477692,0.0458679651156349,3.67452144824141,3.67452144824141,85.31,10.33479108482,10.2421074065933,4,10.0449616640063,10.5051039480256,5,5.47784106358798,5.49011347404307,0,0,21.9123073636908,6.1249387366083
19,19.6646352389803,0.138321295667378,21.1613743533249,9,0.134243550335054,2.0870028368817,0.132123587278673,23.4828823818165,8,24.7066277533379,23.0520678675773,110.910406475419,3.87370951016758,1.69651910641302,1.69651910641302,9.35848355501896,5.79995619025425,85.31,4,5.81337402654049,3.52656049759849,2.65271307273733,4.7733647723058,1.95712618473005,4.13616032971546,19,0.261130536745629,12.3768897258756,-2.950406947182,3.36976264907078,0.0150029018508288,0.0489198733681286,4.83133959414419,4.83133959414419,85.31,12.1168556286449,12.0904496841539,4,11.9180799360358,12.2604228292774,8,5.48504202303024,5.99326872659364,0,0,25.2424455929293,5.681936665037238
29,41.4421463014787,0.46434413537853,45.5405471390169,12,0.110475722938088,2.09330762417941,0.415895156765159,46.0536833477091,13,49.8739500976107,48.4910813293805,132.168784606408,3.88002156786439,2.35718527862919,2.35718527862919,20.1871468887152,5.81486937916492,97.62,8,5.82974957719216,9.62338466451644,3.29346031182826,9.86613975404913,1.95774810700654,4.14444666507868,26,74.4385390783607,19.0139147907933,-7.65122073383183,3.49802046559818,-0.0391212572387991,0.239263668543801,7.071334727584,7.071334727584,97.62,19.5323430847301,19.5683718960981,6,19.7453831363499,19.3185533095114,13,5.4998304931415,9.04247216633065,0,0,33.8421039773512,5.882728704344236
30,40.5850816075545,0.422237271072755,41.4681164417656,12,0.096258603742711,2.09496805780448,0.417686216989039,45.6749501474706,15,46.2898436980635,43.9978602163825,121.168896718802,3.8815030518489,2.26834921038088,2.26834921038088,18.0837857633435,5.81701604853122,88.39,6,5.83191537005261,9.63645191590146,3.22120021489705,11.1923518674152,1.96219070540602,4.14547681139231,26,32.2989394469648,17.251358787584,-5.93800291090434,3.48154758637916,-0.0117000875686904,0.222509637903099,6.60116699146359,6.60116699146359,88.39,17.5343691010607,17.5733933757308,12,17.6375575266547,17.4396155870964,9,5.49611419443039,9.81324884127648,0,0,36.6038669357313,6.7447274948966935
15,22.3927557189748,0.135958520656468,22.0362947838956,11,0.145390832683488,2.08521245223812,0.154478541941262,25.7432622254248,10,25.1676972378121,23.3127698431065,128.921157158449,3.87161244427657,1.54702149620521,1.54702149620521,4.29237411166693,5.79768497476451,97.34,3,5.81092879741412,2.58543689283405,2.48281447872464,6.17871750899665,1.94714833430867,4.13471956513554,19,6.67425153842937,11.7411911201724,-2.87734253881981,3.35636632026297,0.0187824106329185,0.0781112142611241,3.67237046097541,3.67237046097541,97.34,11.5360960393216,11.3894498543872,1,11.3002853834317,11.5917955393326,6,5.51514264249289,5.17378226154855,0,0,22.5259726401281,5.943095148663527
15,22.3050342332064,0.151047927270853,22.8631813169876,11,0.133763223895318,2.08525417543728,0.151271089185397,25.6650059106412,10,26.0510104374739,24.064987239305,128.921157158449,3.87205574203491,1.71104761281999,1.71104761281999,9.64276044548635,5.79819064465882,97.34,3,5.81144540858591,3.00930550608103,2.66552241356662,6.20128835865412,1.94677418614307,4.13491354437138,19,4.02256270927796,12.6622241205699,-2.87763334426732,3.35758667251441,0.0168009871723548,0.0857255302632834,4.90686711179175,4.90686711179175,97.34,12.4889371145911,12.4591119231368,1,12.3381851854295,12.5863375531251,8,5.52104398007677,4.88528418603512,0,0,26.2829141213388,6.036212172654444
15,23.555285053707,0.141964595531544,23.1714010109862,11,0.146303706524086,2.08506564352015,0.15880194206667,27.1547243363671,10,26.5580984239565,23.6844635741049,128.921157158449,3.87186479961633,1.65056858795789,1.65056858795789,4.8127855081038,5.7978889352845,97.34,3,5.81119089889248,3.34171270280855,2.61366209016839,6.08128424431615,1.94701175215642,4.13476947844667,19,6.49500945206258,12.1464007320029,-2.87835690274128,3.35627898226896,0.0284157833057165,0.0878469336277225,4.54804515296877,4.54804515296877,97.34,11.8684316865371,11.8211682115522,1,11.6489991462307,12.0105750431638,6,5.51721672741606,5.38873372545988,0,0,23.346538873338,5.300162274132754
15,23.5995943753316,0.150671603467981,23.224999464125,11,0.143091485721548,2.08490830692647,0.171695238080505,27.3705223012329,10,26.7842586735816,23.6522769185321,128.921157158449,3.87254010311743,1.6541474936615,1.6541474936615,5.23464085869018,5.79839133612776,97.34,3,5.81190257626986,3.04933271434724,2.61412583515198,5.91553921196361,1.94687157595382,4.13483276261313,19,8.66883721531779,12.1727949648262,-2.87876394815035,3.35627827341651,0.0381293583886995,0.0870153145802214,4.64917308397103,4.64917308397103,97.34,11.9177668873782,11.8543660352951,1,11.7050866714065,12.0401710140387,6,5.52130343847209,5.25877767771983,0,0,22.3671795271551,5.896196279044043
18,19.2315483185911,0.114285496880584,20.4662462782889,9,0.134307147447364,2.08691350922283,0.132501738843513,23.4685356640181,7,24.6441829697795,22.1942821615042,110.910406475419,3.87355301843376,1.70767979137926,1.70767979137926,10.5172750657341,5.79975855390872,85.31,4,5.81317139359221,5.11088072850646,2.65445815835136,4.00511244583995,1.95693910680322,4.13611027358504,19,14.1338281500659,11.830111652135,-2.95073678139564,3.37042248713361,0.0150029018508288,0.0473263235132863,4.91811089292111,4.91811089292111,85.31,11.4795878071585,11.4525986865008,4,11.2382001101357,11.6675392551939,8,5.48260202084238,5.50610898108139,0,0,26.703972474121,5.152427340857888
20,19.5591124169791,0.242146236483971,20.6782578714763,9,0.115396358000517,2.08794321269317,0.175585200422905,24.0302588886244,9,25.2700951566376,22.2753781538599,110.910406475419,3.87582010879288,1.8643994809495,1.8643994809495,11.7521165834648,5.80231649066716,85.31,4,5.81591053382654,4.36715160679809,2.7950907312222,6.59591062064236,1.96087958196653,4.13715317494677,19,3.90717279649051,12.271580551433,-3.16493362955846,3.45224192124438,0.0107387352149461,0.0613154364859349,5.51054217360109,5.51054217360109,85.31,12.0327074329725,11.9784177596539,4,11.8324372108817,12.1512615496731,11,5.48958101662329,8.41483357242803,0,0,30.7469208686262,5.079876673709276
28,41.4252645210591,0.367001064359396,41.7683658090263,15,0.0959822119974778,2.09898601626382,0.37857047477988,46.0971909996826,12,46.5502738906591,42.3843035043506,122.394117853702,3.88980456299471,2.16993348096179,2.16993348096179,17.5899411596486,5.80450455555129,87.53,8,5.81414767986047,8.88453871772025,3.08219030360145,10.3980100251704,1.96618249118858,4.15258409381371,27,79.137815023977,17.3275405001416,-9.03732534302529,3.5192062657597,0.0104721048351113,0.21320043296857,6.38210842523171,6.38210842523171,87.53,17.7856319288267,17.659750794099,4,17.8907702348565,17.5208428320602,9,5.53161203101895,9.72186901606999,0,0,34.5979897433415,5.634512015109101
31,30.7297110743541,0.363053586660236,29.8865067090001,13,0.130249133270545,2.09964145368162,0.361985141263343,36.2762210093564,9,35.6719857877494,30.8513981944677,115.383255058278,3.89016177419709,2.13628439574805,2.13628439574805,11.3078691581436,5.80532074146577,84.73,11,5.814826737443,6.04925023429303,3.09612953335169,8.50258822359166,1.96921978562015,4.15293818944346,27,24.7997013784712,14.5750918760814,-8.9363302238406,3.477976354131,-0.0228413608105929,0.159713366299695,6.32925033821234,6.32925033821234,84.73,14.7580935261217,14.5479229383731,9,14.6815683511649,14.5884381133365,9,5.50231066826335,11.9318381686119,0,0,43.7137899731851,4.522878745280337
32,33.7572566556849,0.460210790544213,35.3387240997859,13,0.130412421036889,2.09963830267315,0.457988222165116,38.6137705418998,9,39.9410141605182,37.9109168852261,115.383255058278,3.89009636705327,2.18747228696499,2.18747228696499,11.5072881870278,5.80520061993716,84.73,11,5.81470678117088,8.84901700600648,3.14299016728367,7.80135293750855,1.96924880068132,4.15291842123682,27,15.979599105044,16.9014278910576,-8.81752647485968,3.48613230093219,-0.0228413608105929,0.268470528987461,6.49417609521297,6.49417609521297,84.73,17.3519386165103,17.214926006435,9,17.4404154347628,17.0856172523149,9,5.49841483979283,13.0559945399119,0,0,32.5186545160235,4.672028376376989
18,17.1073042839757,0.095276482753478,16.915393007153,9,0.160380919819661,2.08635950387746,0.118007011238109,21.0445826639632,7,20.6346846679517,18.1957709970769,110.910406475419,3.87266572847961,1.54687440356713,1.54687440356713,4.32809757838478,5.79884938551017,85.31,4,5.8121775097366,2.16831378707832,2.48265209085269,4.16071149353949,1.95456125147942,4.13537406950618,19,0.588299865331115,9.78729049292271,-2.7399813720788,3.30827630775328,0.021138522219689,0.0364606052749279,3.67142699205507,3.67142699205507,85.31,9.36216878353295,9.18210038601078,4,9.00158065891688,9.51083583811969,5,5.47573819967266,5.89228860408523,0,0,20.5721097846896,6.070581074285707
18,17.0604348137645,0.0973330979808659,17.2891347320739,9,0.146777119096961,2.08646359850713,0.116429286193231,21.0118152603815,7,21.0868522344094,18.5076180809982,110.910406475419,3.87384900224309,1.64066676710757,1.64066676710757,8.69496014814417,5.80041278783193,85.31,4,5.81373161063582,2.3005589188337,2.59028731357905,4.33209873170574,1.95261233321547,4.13567972215277,19,9.0473085894016,10.3988642054279,-2.74081276055174,3.31456479369265,0.0195365503887606,0.0390667834016745,4.43901142022849,4.43901142022849,85.31,9.95894210740069,9.86904043332458,3,9.64137966066694,10.1601125119346,7,5.48345120029379,5.86406175899293,0,0,21.3929267305171,5.139063379299906
18,17.0381499057187,0.102234324113711,17.6237355769322,9,0.14938087488123,2.08645048357548,0.11715081974346,20.9867591094951,7,21.4501850711874,18.8486149217829,110.910406475419,3.87359985686202,1.76974365320093,1.76974365320093,9.26518578522327,5.79999717021308,85.31,4,5.81334172719985,2.29670448173302,2.7168928583341,4.42620459952364,1.95275635981431,4.13564826919976,19,11.0852634761887,10.7820708944303,-2.74154156412825,3.31422971602805,0.0195365503887606,0.0365053620366297,4.96257486685741,4.96257486685741,85.31,10.4280375920944,10.3414439008319,4,10.1611236005454,10.5869479801858,7,5.48091151775246,5.78501665874946,0,0,20.5381526996991,6.337242168318426
18,18.5924615047917,0.111661288693662,18.3887769777102,9,0.158158999834749,2.08559786896648,0.133448212925967,22.7435141538687,7,22.3114251139585,18.5292126481435,110.910406475419,3.87532940866743,1.54750416536519,1.54750416536519,4.89667602464483,5.80094535626413,85.31,3,5.81507790454784,3.8164349346498,2.48346401710019,5.12700102901298,1.95313303175846,4.13555446698148,19,12.3099695256277,10.7028836143204,-2.7425634179746,3.30785458259484,0.0347038991232358,0.0415195670277218,3.67548185366589,3.67548185366589,85.31,10.3299120353803,10.2321698616336,3,10.0471259928794,10.4928888157209,5,5.48378741051325,7.93032741489296,0,0,21.1966845248516,6.1938200260161125
18,19.8640555988824,0.110537785829658,19.5963509428749,9,0.160350682281801,2.08575397895544,0.135964704475852,23.8931195782344,7,23.4299633502447,19.2092557638409,110.910406475419,3.87435198799505,1.54755973755737,1.54755973755737,5.32185115388786,5.80012048712802,85.31,4,5.81397275687355,3.55257540634476,2.48371059005063,5.178418320964,1.9533210222535,4.13552282969214,19,0.91342174615091,11.3404890054743,-2.74177557947264,3.3070017141661,0.0347038991232357,0.0449058213976635,3.67563296206769,3.67563296206769,85.31,11.0614480330908,10.9508997421167,4,10.818614634967,11.1715569958242,5,5.48003638055347,5.74306517966232,0,0,21.8479726252326,5.91721462968355
18,18.7900840577715,0.111410663493432,18.5557573326857,9,0.162565111551043,2.08571046051047,0.140636098846043,23.0183507889717,7,22.5773750859389,18.7828784434062,110.910406475419,3.8742849695196,1.76974365320093,1.76974365320093,5.70266731870807,5.80012553850698,85.31,4,5.81391888953644,3.15612269224074,2.70683956370263,4.14166144618413,1.95326945584079,4.1355286662617,19,0.0090359589160521,11.0522237895125,-2.74244520893679,3.30742249384492,0.0347038991232357,0.0374603968370327,4.96257486685741,4.96257486685741,85.31,10.7989543581133,10.6700929610307,4,10.5610313178968,10.8861877432485,5,5.48091151775246,6.42562302168456,0,0,22.3815082800365,5.531652669587842
34,30.3290050523167,0.238504374057226,29.3795485653636,13,0.118869953518586,2.100315590279,0.278919414550879,35.9428057914246,10,34.6710392451327,31.0914702674653,104.383367170671,3.89116449948565,1.9359537171361,1.9359537171361,7.10369005342845,5.80634791845735,75.5,9,5.81601962252365,7.69680587263125,2.91853675964846,9.61005386484823,1.9757816411481,4.15365219207748,27,25.7569603781625,14.468404490773,-6.03452989257472,3.46911256704424,0.006841912394991,0.111931585567879,5.65005878132736,5.65005878132736,75.5,14.6389450025323,14.4652492420164,7,14.5734686671898,14.4938443726219,5,5.49448660793416,16.5525861006768,0,0,40.8436535269561,4.522878745280337
33,34.2084990061107,0.310284342318601,33.3065542851964,13,0.118955393491684,2.1001994768437,0.358463359725085,39.5124391825243,11,38.3231481035879,35.2736322158533,104.383367170671,3.8907874966612,1.87938524157182,1.87938524157182,7.36979097636664,5.80583261413754,75.5,9,5.8154959316774,6.67547650283844,2.87938524157182,9.27800727333373,1.97510005017323,4.15355302924226,27,11.1796412883044,15.3292883758378,-5.06195679201671,3.471445737029,0.006841912394991,0.154159181746656,5.62731081166063,5.62731081166063,75.5,15.601802097435,15.4498793390157,7,15.6042304473243,15.4159247621223,5,5.49140163484902,12.5808634331039,0,0,37.6948850040403,4.522878745280337
32,33.9868223676611,0.465661658823764,33.3083755131298,13,0.152393647823095,2.09968011700452,0.549943903086873,39.7774046765621,9,38.7958620547569,35.5606520489659,126.383142945884,3.89053710463687,1.88811566597022,1.88811566597022,7.81912139290617,5.80581789094036,93.96,11,5.81532815018943,11.4732917872972,2.86196144993535,11.2876641803363,1.96901477131597,4.15324498253418,27,18.2230596662814,15.7625208129681,-12.5184866102062,3.47060623088459,-0.0521411577322847,0.286894357447442,5.69077803822141,5.69077803822141,93.96,16.208007668391,15.9573469176927,11,16.2441581656773,15.8862182476797,7,5.49346386300065,14.3977317501535,0,0,39.9245568409391,5.023650020996727
28,28.8588145184585,0.271863844806638,28.0203003380735,15,0.111841114650388,2.09889675568643,0.300888587054213,36.0665357551637,12,34.8591207309676,28.4443676876757,122.394117853702,3.88897037266855,1.89960488155872,1.89960488155872,8.15890005839556,5.80369841092013,87.53,8,5.81323949554472,6.74056677885334,2.85284156975377,9.27078208213911,1.96604169535084,4.15195394985239,27,26.0679169014107,14.7020169189211,-8.4793338415309,3.49423122128798,0.0136468844989613,0.110263442322131,5.50586654999091,5.50586654999091,87.53,14.9600936602809,14.7793179631331,4,14.9401437061008,14.7664845553981,6,5.5272307279013,14.1201231281514,0,0,35.874365595502,5.133122185662502
28,39.8966232875393,0.453471359683529,38.9955929726704,15,0.109691432302794,2.09881867871683,0.488713525922407,44.0616275613313,12,42.9270634752315,39.3972200430342,122.394117853702,3.88958856646796,1.89966166143969,1.89966166143969,8.28238899117894,5.80420664560669,87.53,8,5.81390911129692,9.58641165858474,2.85440585292587,9.41510269247601,1.96599214427825,4.15201551545649,27,48.1724664059368,16.633050739736,-8.6016460855913,3.49420052434925,0.0168885689146145,0.294712204858658,5.66350972088193,5.66350972088193,87.53,17.0400763982796,16.8912274078417,4,17.1045264688274,16.7896789336443,6,5.53131234232183,10.2007347933543,0,0,32.6658352997207,4.799149501908922
28,41.8768420123953,0.474786459568521,40.9278056762081,15,0.111169157848155,2.09885133000887,0.512926621110397,45.8462261240354,12,44.6704170150161,40.1622230496905,122.394117853702,3.88940317391876,1.9492328217144,1.9492328217144,8.22098795341832,5.8040260191448,87.53,8,5.81368944132382,9.60917887803535,2.90915853180656,10.0668732501948,1.96600624597587,4.1520033151725,27,38.0406972742252,17.2502123821,-8.60041028695184,3.49389045438289,0.0168885689146145,0.31178613917648,5.80968920509455,5.80968920509455,87.53,17.7479449861711,17.6199642826396,4,17.8743825483355,17.4618328788307,6,5.52825358080623,9.90045753403472,0,0,34.4763472744586,5.350665141287858
28,39.5805945394992,0.347106032949394,40.0398636177422,15,0.0963391729421129,2.0990711683359,0.354647456042637,44.3010090633254,12,44.8831264081902,41.8180687023627,122.394117853702,3.88922086125746,2.03185888698861,2.03185888698861,12.5669720911672,5.80401051777653,87.53,8,5.81352319516937,7.66760133792055,3.00645887209071,9.95107666333367,1.96624569182343,4.15251528265014,27,40.8429293521343,16.9731311289317,-9.02178842480015,3.51944619700617,0.0080467915804452,0.19809549686475,5.90349006326854,5.90349006326854,87.53,17.3828449013622,17.2523082749436,4,17.4559899469175,17.1401652847174,9,5.53125047794035,10.0250108027035,0,0,32.8790142534991,5.367542707815276
29,41.3283882391235,0.356972821040101,42.8779365826156,15,0.0964046439942992,2.09906885319117,0.353989498418714,45.4784948799645,13,46.8302154695584,45.1286500885615,122.394117853702,3.8891833978542,2.03189891302727,2.03189891302727,12.9749882613834,5.80395816976154,87.53,8,5.81346864623789,7.30578381483983,3.00725605282004,9.61742061080721,1.96623920016994,4.15249387164481,27,64.6276137069745,17.9726294987723,-9.02967846062117,3.53124549293129,0.0080467915804452,0.22456639232119,5.88582086960403,5.88582086960403,87.53,18.5108823219981,18.408386616801,4,18.6613589208286,18.2181343559141,9,5.52949813238281,9.85650893781492,0,0,33.8571033935902,5.521433504406157
28,42.1123568895961,0.425081274420653,43.6410507070662,15,0.0849395497354287,2.09921921010724,0.371371277030618,46.7520709654115,12,48.413879824505,45.6639557795894,122.394117853702,3.89010114906234,2.34470524810927,2.34470524810927,14.184926351288,5.80495824577415,87.53,8,5.81453848678124,9.42728847584167,3.29824033414318,11.1184957572905,1.96649315866522,4.15326680946537,27,51.0873383049253,17.6986734935142,-9.52330807688962,3.52430784079861,0.0060934829637731,0.240675290839326,7.12159812368595,7.12159812368595,87.53,18.1651970225494,18.0503293156021,4,18.2767767572871,17.9020513172152,12,5.53462979991515,10.5533325718772,0,0,37.1122861116124,5.681936665037238
15,23.4860250150737,0.153076732167894,23.9605387320833,11,0.139306338433438,2.08507729453642,0.156614694354008,27.0936616632676,10,27.3086558449001,24.4625071695229,128.921157158449,3.87215331650521,1.66975062184071,1.66975062184071,6.02008043342512,5.79815781442036,97.34,3,5.8114993688159,3.77245428425445,2.64052094587666,6.17074111181713,1.94685868499717,4.13485622341576,19,3.82351187580969,12.8440111741185,-2.87873548080045,3.3575084780042,0.0272784563098038,0.0958129327664825,4.71661643116515,4.71661643116515,97.34,12.6373302139767,12.6307439002565,1,12.4821504821947,12.7634076586591,7,5.51824095087165,5.15500376016349,0,0,26.5779809552541,5.36251027048749
15,25.6118505152341,0.167489148496169,24.5691949265137,11,0.148003136128507,2.08504544582534,0.202191500051465,28.8447181667436,10,27.6210622683384,23.9917881014469,128.921157158449,3.87193075363286,1.66786657637627,1.66786657637627,4.57001312572064,5.79788414442003,97.34,3,5.81125322650018,2.7822145556469,2.63313922626519,6.59843221270595,1.94705297065154,4.13475133881326,19,4.46854579632798,13.049553206635,-2.87766150968227,3.35592306185825,0.0287791005682758,0.100026099334348,4.67894940078546,4.67894940078546,97.34,12.9795187202737,12.9238945851021,1,12.8658330560813,13.012312784,6,5.5166207589758,4.86956108833088,0,1,23.0543957704412,5.333482019445119
15,24.3516684366321,0.156005991815805,25.3237376612035,11,0.123533899455079,2.08546367246724,0.161579701926792,28.1257865316145,10,29.0971914311877,26.8713956888978,128.921157158449,3.87211114507542,1.72286732826895,1.72286732826895,9.01646573589461,5.79818140805661,97.34,3,5.81145934094929,3.63437953047078,2.67529287877353,6.51105518609581,1.94770003496925,4.1353093702134,19,20.8624846708156,13.0306962882697,-3.08779387280188,3.37652497919771,0.0114933768154232,0.0938043117897388,4.98795979456423,4.98795979456423,97.34,12.7918444556488,12.7960846834934,1,12.6213758481468,12.9396317320046,9,5.52124171001347,5.42438767522612,0,0,22.8159889140533,5.281498311132726
16,25.7228243602806,0.164825579168633,27.5124249723609,11,0.123628172649771,2.08545128357926,0.162365785581055,28.9870902000429,11,30.5296368869007,29.4291945760448,128.921157158449,3.87206966876579,1.72624014124508,1.72624014124508,9.98682663570059,5.79812979987239,97.34,3,5.81140586599502,3.80455503944183,2.67549888934611,6.17628959176484,1.9476776718285,4.13528572637701,19,69.9226633610125,14.1772388700515,-3.08671513333889,3.37795497299685,0.0114933768154232,0.114102344599324,5.00263116471281,5.00263116471281,97.34,14.0790141392267,14.1117552928392,1,13.9896674342869,14.1714659570882,9,5.51948732543925,5.25284484049616,0,0,23.8131490793823,5.958607314841775
15,25.8398229568104,0.179535955013454,27.2513996596697,11,0.107355865937632,2.08584475145002,0.157027746496187,29.7644218876704,10,31.3755164773039,28.8735271963859,128.921157158449,3.873050844848,2.0,2.0,11.3317725842374,5.79909871583178,97.34,3,5.81247834220892,4.89968226444568,2.96150972475825,7.67580123275432,1.94871518942587,4.13605424467827,19,37.44829637876,13.6488291178219,-3.2982354961774,3.47012131667029,0.0063455181795398,0.117034467466861,5.70175287829319,5.70175287829319,97.34,13.4839001850009,13.4711985946691,1,13.3437804120697,13.5863760953809,12,5.52462516847831,5.9511695769245,0,0,27.0610386856911,5.042871802323187
15,25.9147082477414,0.171670918449325,26.7277615170787,11,0.123020180351105,2.08526639805938,0.180034600932836,29.5992400472743,10,30.4227776423942,27.3503099966396,128.921157158449,3.87274577813731,1.88421308352703,1.88421308352703,13.0196010141273,5.79866868432545,97.34,3,5.81211967277179,4.57338784193194,2.81751766350705,6.95373342572201,1.94747499108663,4.13538020541474,19,64.8338079322987,13.4220369530997,-3.08832605469281,3.37652497776764,0.0194292983732418,0.110033584332844,5.48143772846791,5.48143772846791,97.34,13.2650102836887,13.2403738755468,1,13.1248952299599,13.3574218566644,9,5.52160402005692,5.12125443844629,0,0,24.5613598481468,4.9503943874050265
16,25.9642896638659,0.147521034934975,25.3411980498604,11,0.144024388622942,2.0854202267248,0.166978994395512,29.2007062475944,11,28.3819361239065,27.4690923995726,128.921157158449,3.87181230063188,1.66786657637626,1.66786657637626,4.70038542153165,5.79785955265434,97.34,3,5.81113688629105,3.19423734429536,2.64182490555262,6.21633363799412,1.94815826769185,4.13510020430028,19,7.78640467379138,12.7858861010585,-3.09003451225954,3.36721535032978,0.0138551533179774,0.0958876372497963,4.67894940078547,4.67894940078547,97.34,12.6268551158666,12.6056004207912,1,12.4856839621699,12.7214737042995,6,5.51662075897581,4.88896674502652,0,0,24.2493652371112,5.568636235841013
15,27.2039603044723,0.154518345782135,26.9560740939179,11,0.184532238023741,2.08524944045023,0.187413566126299,30.3740061385809,10,29.9109600774334,29.3379133182671,139.921045046056,3.87179440033667,1.6762099698216,1.6762099698216,4.80821127789211,5.79786863424449,106.57,5,5.81112158012367,3.07366880190235,2.64510929684034,6.91181186720396,1.94700907843017,4.1350185992864,19,13.9786341547655,13.5118053392952,-3.16001309738674,3.36751996111355,-0.0313925562918879,0.0774674265065246,4.72564647679473,4.72564647679473,106.57,13.5029695308994,13.4185115066302,1,13.4010884276455,13.4912410531746,7,5.51786148455809,4.69827513261292,0,0,27.2859930775771,5.522878745280337
24,38.3980099757011,0.430737136133314,38.4284212377476,14,0.0977605520379153,2.09228447187331,0.432441560499558,42.2098159250438,15,42.1236387681967,39.803400471549,139.179647401832,3.87600046494289,1.9886459186502,1.9886459186502,14.4629404136583,5.81053820021251,100.42,5,5.8247431661214,7.8988858684255,2.93584730754335,9.94836439968026,1.94979386570679,4.14243457004813,26,42.0278303531995,16.8771841523302,-12.0866796164672,3.48668303786693,-0.0119780305598032,0.274005127498952,5.74560199741264,5.74560199741264,100.42,17.3223247133072,17.2029228923542,5,17.4237754190964,17.0667636899102,9,5.53105333869288,8.25894453423034,0,0,34.8154225757727,5.701146923590294
24,38.2474011432428,0.446240783121247,39.6455801566194,14,0.0929478100131784,2.09242824118356,0.4265662776581,42.0689129924345,15,43.4100364550994,40.9471585578895,139.179647401832,3.87757817682958,2.16043821835585,2.16043821835585,15.4812502021436,5.814397461068,100.42,5,5.82855423101921,7.89398774143099,3.10995190444752,10.24019936405,1.94919752938169,4.14287960214159,26,46.157601867291,17.4412400862235,-5.68601379962789,3.4881133789886,-0.0123890771746096,0.291578385591064,6.08413503579686,6.08413503579686,100.42,17.7534436892716,17.8271166579929,5,17.8899289745101,17.6607758001147,11,5.53122493788346,8.24016872699198,0,0,35.0800791359099,5.235077015350112
24,40.3195355953637,0.407563643837066,40.264373049084,14,0.0967985314564983,2.09103003531457,0.409254863250131,44.5218585223447,15,44.3462486567572,40.3888303983442,139.179647401832,3.88051565605327,2.15461556103823,2.15461556103823,15.6477569224147,5.81701976593981,100.42,4,5.83163528352519,8.195206886172,3.09752440700694,10.4669986354368,1.94931657791967,4.14273956970928,26,31.503514427418,17.2216105417725,-5.65959177464841,3.48657729643432,-0.0020538505047235,0.214305243572816,6.09102740156653,6.09102740156653,100.42,17.5456832717568,17.5707724348348,7,17.6634231712836,17.4229610229974,9,5.53195216432981,8.7371523415601,0,0,38.5366936581157,6.769551078621726
24,42.4576033034627,0.469742051578318,42.2975397298917,14,0.0977475994138074,2.0913009199319,0.473079393254625,46.2885782584191,15,46.0224468372848,41.1924226014376,139.179647401832,3.87876893832918,2.17305375675117,2.17305375675117,15.1259133151332,5.8140785599503,100.42,5,5.8286176526699,7.9064308139731,3.11982549364105,10.968875561967,1.94937391757657,4.14267384168471,26,50.9681123728607,17.8714185241595,-5.65768724877486,3.48644506178551,-0.0020538505047235,0.32359867968602,6.13142869807592,6.13142869807592,100.42,18.2912784354794,18.3282552404972,6,18.4656894290668,18.1264170616564,9,5.53120022418496,8.98440391553464,0,0,35.6184221857559,5.723538195826756
24,41.2611174771627,0.465039525396607,41.1626371647203,14,0.0986923525887486,2.09122472469306,0.475790271715102,45.2847954020302,15,45.0678398587042,40.7223400420166,139.179647401832,3.878698246441,2.16043821835584,2.16043821835584,14.6037717937191,5.8142116842936,100.42,5,5.82866881412825,7.89513125748119,3.10551565239557,9.91929115176267,1.94935822931595,4.14268620301659,26,49.3155647248217,17.5408234148185,-5.69490043451993,3.48649533757078,-0.0020538505047235,0.313863007102775,6.08413503579688,6.08413503579688,100.42,17.9104114868401,17.9493882808285,9,18.0605443949639,17.771459878599,9,5.53122493788346,9.29232777779493,0,0,37.6123862193583,7.221848749616356
24,40.3636843652899,0.463183802023814,41.2147647518387,14,0.0945863660265337,2.0917472751288,0.461653636519779,44.1733665071777,15,44.9137298060441,41.3239211588274,139.179647401832,3.87811711494723,2.17305375675117,2.17305375675117,15.7044217151827,5.81411776109006,100.42,5,5.82835359939541,8.07275293922776,3.12084322927971,9.83016073140164,1.94929669044541,4.1427599839816,26,45.3014530748954,17.7994297230381,-5.66186460770524,3.48774070155185,-0.0073093252653795,0.318977940846182,6.13142869807592,6.13142869807592,100.42,18.1810380081563,18.2417973440777,5,18.3473693783153,18.0472728665722,10,5.53120022418494,8.79423665907411,0,0,35.7483939840445,5.809668301829708
24,41.1682934382813,0.470917279613493,41.9689338877951,14,0.0935073998428528,2.09126142626994,0.474877116572629,45.197161070041,15,45.8706351606627,41.541616500601,139.179647401832,3.88124759512283,2.1736480721593,2.1736480721593,15.6476033496091,5.81835664069892,100.42,5,5.8328910036398,8.06858664873459,3.12176127035949,9.80379359057374,1.94914322921348,4.14289990447593,26,49.7232056373657,17.8399100666166,-5.68089364445397,3.48764088604248,-0.002392001402185,0.317463820777128,6.1358555439154,6.1358555439154,100.42,18.2028738439674,18.2751911883275,7,18.3687622126349,18.0841810683275,10,5.53140714888078,9.05653815321183,0,0,37.784687376418,6.4089353929735005
24,43.7709353534862,0.467290016522719,43.4347554006367,14,0.0975118141344335,2.09224919650276,0.471078155029717,47.6212894572185,15,47.1786203864196,44.9410678970437,139.179647401832,3.87853571235511,2.17305375675118,2.17305375675118,15.6802102880364,5.8140682932687,100.42,5,5.82845156735274,8.01550191781334,3.12187063469959,9.78717363035874,1.95102510040898,4.14329754827986,26,41.082518533671,17.8250847358462,-3.16803793287637,3.49734294220139,-0.008595569509907,0.313848489913212,6.13142869807592,6.13142869807592,100.42,18.2205590857901,18.2724453232827,8,18.3896879093757,18.0754020208706,9,5.53120022418496,8.90018443910305,0,0,38.445417898397,5.703334809738469
19,19.642297293838,0.140318308182666,21.4691123016691,9,0.128479174521818,2.08706497115682,0.132047501733043,23.46333129371,8,25.0816674799927,23.3312678624258,110.910406475419,3.87460905050958,1.78086163894543,1.78086163894543,20.9125959745017,5.80107215981107,85.31,4,5.81451198472529,3.66215773785098,2.72630513610681,4.91726742772916,1.95570192401415,4.13633936804563,19,9.89243232112829,12.4053023379064,-2.95072706419043,3.36977057681199,0.0144164403809051,0.05102315503106,5.32265932206994,5.32265932206994,85.31,12.165382918368,12.1105487711691,4,11.9643323812635,12.2844916349876,9,5.48543793309721,5.81351620533271,0,0,23.0089913795335,5.671620396561262
20,20.714432764522,0.136224999016972,20.557646303325,9,0.198324582013161,2.08728002724137,0.185436232276557,24.9920515340244,7,24.5835298669262,22.5826897122282,121.910294363026,3.87452537658404,1.54768564020672,1.54768564020672,5.46813310124073,5.80084250186091,94.54,6,5.81436220766032,4.01335752616421,2.48407343335595,6.46660617575614,1.95854608306227,4.13646212539095,19,5.15310230868936,11.3453748214607,-3.24161123202063,3.34873964651159,-0.0284070575609643,0.0549838805103333,3.69909248904206,3.69909248904206,94.54,11.10113985437,10.9565197211179,6,10.8538605510931,11.1765799224532,6,5.48550993785538,7.50736609023566,0,0,25.9387512501152,4.997402019280091
18,16.674787399038,0.104736369139776,16.39949194522,9,0.146119214896193,2.08647931227245,0.123488085176727,21.5528596201137,7,21.4824348266677,17.2588283675438,121.910294363026,3.87325221345661,1.77288780812167,1.77288780812167,8.61831628072708,5.79953773759906,94.54,6,5.8128707774013,2.28901553111768,2.71921479376077,5.85097858823775,1.95368833295341,4.13585844961748,19,0.112870743835607,9.65300360083753,-3.02789766866459,3.39185324324287,-0.028439632499086,0.0330482367582119,5.30460686295962,5.30460686295962,94.54,9.14403216599742,9.0064019483256,6,8.77124169206127,9.35493239125706,9,5.49222668166539,7.79401182181516,0,0,28.6949095914374,4.861697301833718
19,20.5308243998018,0.140738110386806,21.9029676902711,9,0.133642365596854,2.08651415006922,0.132084127028889,24.528878874683,8,25.6332729072496,23.3053427439751,110.910406475419,3.87517901563894,1.78086163894543,1.78086163894543,14.5636596524258,5.80115758692167,85.31,4,5.8149727873644,4.5528987366524,2.72383590156458,6.04583900616821,1.95613130864677,4.1362626577366,19,4.99945829859147,12.4209327890356,-2.95120608278382,3.36976164694814,0.0201335545884806,0.0536430145588603,5.32265932206994,5.32265932206994,85.31,12.1828213256728,12.1247429520477,4,11.9806974282986,12.2994449159364,8,5.48543793309721,5.69737397648491,0,0,23.1126070032916,5.85078088734462
20,19.729264756532,0.146739148570582,19.4090400535139,9,0.157063715313508,2.08769753705472,0.186150589806214,24.1757429306927,9,23.6169390733847,21.1870431176626,110.910406475419,3.87402664694167,1.76974365320093,1.76974365320093,5.02867712117005,5.80008460268884,85.31,4,5.81367748267197,3.69023070190557,2.71847999077671,5.75348186275282,1.96712333764406,4.13650716628115,19,0.0262315164300844,10.8858659362399,-3.17687627043402,3.34960488393402,0.0136354739696728,0.0508823937776017,4.9625748668574,4.9625748668574,85.31,10.5730774578977,10.4681266746113,4,10.3177530337687,10.7021003258028,5,5.48091151775248,8.61519095626609,0,0,25.906718193857,6.086186147616283
19,19.381628282488,0.137575057854303,20.6015976710826,9,0.146324749508522,2.08647003622582,0.150413589087756,24.0562137706274,7,25.3171030186655,22.2231713635037,121.910294363026,3.87317520216834,1.78124790400174,1.78124790400174,8.6756073813197,5.79941906545178,94.54,6,5.81275485861368,4.25160393497714,2.72709254975266,4.46060504043739,1.95374761932064,4.13583631242506,19,5.24890130565372,11.7778503871634,-3.0217680738191,3.38692505249059,-0.028439632499086,0.0494984665595023,5.32515917813156,5.32515917813156,94.54,11.3780963236871,11.3791818319838,6,11.1254642706059,11.6044357313384,9,5.48828028620377,5.63670815071897,0,0,25.8786853028973,6.366531544420414
19,22.5033102455493,0.0955981946066523,22.437244181478,9,0.17025182472354,2.08656870304183,0.133645453778092,26.8865457327059,7,26.4626730531656,24.4240856370418,132.910182250632,3.87369915653854,1.61089146183021,1.61089146183021,5.16891597645828,5.80003477957619,103.77,6,5.81340066185761,2.94985892090873,2.52182085523948,7.37501174052927,1.9532044503847,4.13615278760333,19,7.42947965563213,12.1147062479653,-3.3232235081722,3.36014782207941,-0.0705886139165121,0.0368207823833479,4.16905551075453,4.16905551075453,103.77,11.9445471986307,11.8109355988829,8,11.735317439653,11.9889797378638,7,5.48314641231363,7.16024272685642,0,0,30.1239967251327,5.4156687756324695
28,38.0816060386029,0.413293322336224,39.3077628732416,12,0.0945166876968622,2.09305075387095,0.392123364876943,42.7820803241985,13,44.0603236070891,39.2947994580929,121.168896718802,3.88187794147431,2.28373098819587,2.28373098819587,19.0417327317278,5.81869740763526,88.39,6,5.83348653180416,8.01981984482482,3.21957201853388,9.73251571595473,1.9556316194094,4.14436380600908,26,133.891858101153,17.1892867560682,-7.17863901415644,3.48697247257374,-0.0086976315663807,0.213246160808664,6.90142878594206,6.90142878594206,88.39,17.4730680763769,17.4991538249576,7,17.5764870410065,17.3709269857038,10,5.49750794904691,8.50630309402966,0,0,32.4056220544847,5.966576244513051
27,35.5458977497044,0.365822024054871,36.1242721533077,12,0.120992514189746,2.09301384624112,0.385573961463626,40.2717490520136,12,40.9149756539452,36.4454603064936,132.168784606408,3.87884960756297,2.28778436108732,2.28778436108732,12.9727670712881,5.81422550446923,97.62,8,5.82884265196669,8.85511757382679,3.24150689093684,8.83442083808097,1.95505502251672,4.14373203889904,26,97.0472813055198,16.3557389728795,-7.39607673438275,3.48361542756223,-0.0400205241748473,0.160441437304745,6.90862034714165,6.90862034714165,97.62,16.5152684859915,16.5372170559735,8,16.5475863892658,16.4737875012277,11,5.50360291043496,9.70823107134583,0,0,39.3285344999028,5.823908740944319
24,41.9977629994332,0.415021007931652,41.2011929823448,14,0.0991199796852808,2.09161171450811,0.417041531449423,45.7696469844984,15,44.870736420969,40.5816875625724,139.179647401832,3.87716169143959,2.16415475484113,2.16415475484113,14.5945777716149,5.81168987697103,100.42,5,5.8262001950927,7.35198827037743,3.09835628027806,9.83206237042497,1.94962606390938,4.14250881671505,26,42.8065291664974,17.638999318522,-5.62586286518762,3.48629661293089,-0.0036709537383116,0.240635370393068,5.99006889872868,5.99006889872868,100.42,18.0958800791641,18.0934044688892,4,18.2674600333632,17.8921270965418,9,5.5310827921478,7.96952260922579,0,0,35.9306859132843,5.425968732272281
25,41.7605971295617,0.493363805386412,44.0666212569452,14,0.085994871586899,2.09324728909685,0.420994183599245,45.5841820463237,16,47.7750039383234,46.3139009072265,139.179647401832,3.87768092659315,2.18293741991066,2.18293741991066,17.3989488516872,5.81372127447898,100.42,5,5.82794450457889,8.15177738351886,3.13094358335978,10.4343818635902,1.95084327760725,4.14359083042212,26,50.1991186922588,18.4071310922945,-6.12744301647043,3.50285531649083,-0.0134200586594899,0.302665969852909,6.15499240648988,6.15499240648988,100.42,18.8538464789763,18.9090385804623,5,19.0441154802254,18.6849183686801,12,5.53132342351712,8.56990630079402,0,0,39.389616030923,6.356547323513813
20,21.7636131766772,0.229402076504107,21.7044870678005,9,0.148111299004496,2.08668915621692,0.275898773640214,26.7330716088193,7,26.4055271515048,23.4215699015806,143.910070138238,3.87473798758201,1.78567789193783,1.78567789193783,6.17592571523089,5.80142461922543,113.0,6,5.81474632169287,4.34907803619546,2.73175884552771,9.71557307154095,1.95263775856324,4.13660229475459,19,13.0827360883488,11.9174746174614,-3.61224470306558,3.36035297992921,-0.109050269000855,0.108680681618639,5.33661567240373,5.33661567240373,113.0,11.7358047688198,11.5840650557958,10,11.5173088644948,11.7764103195757,8,5.48576137667709,8.15304381852564,0,0,30.5679102201298,5.812479279163537
27,37.2370994123515,0.383485639153487,39.0326233763346,12,0.094899665986564,2.093654664768,0.392840174186686,41.6577121851705,12,43.3751887855263,40.16069223776,121.168896718802,3.87931500342817,2.25175593983279,2.25175593983279,15.207362440979,5.81468607146613,88.39,6,5.82929552795401,7.66023342504342,3.21232144183349,7.59658665882848,1.95584867207872,4.14411439904366,26,84.5109004437128,17.4894389995458,-7.21030985081358,3.50499757930313,-0.0113158505944252,0.230988315883932,6.87409478353283,6.87409478353283,88.39,17.8227240178197,17.8642940459878,8,17.9537625423704,17.703759185165,10,5.49429865470354,8.51591121522269,0,0,36.7846737992311,6.251811972993799
29,38.0846616003862,0.444376720161993,39.8689256624852,12,0.0837234375374113,2.09502005934863,0.385712166580681,42.8510540200458,14,44.7910393792183,40.8214460564571,121.168896718802,3.88282542754443,2.5072547728156,2.5072547728156,16.1727450722192,5.82206328013969,88.39,6,5.83667318883624,8.34195954707473,3.4504286589782,9.96756085512474,1.95718958240481,4.14562575010977,26,90.4052427610768,17.3736372182415,-7.70909725422475,3.49023633024492,-0.0116920376289829,0.22923199948992,7.68185337438849,7.68185337438849,88.39,17.6529492214331,17.6951840363821,8,17.7591626769901,17.5612114220406,13,5.50209161920513,9.83482801105034,0,0,40.3606875739284,5.935542010773082
28,36.5063280031428,0.410584826694162,38.5302534607248,12,0.0915180656179078,2.09385106569626,0.387706258944733,41.2189994272011,13,43.2750911077649,39.4098440978664,121.168896718802,3.88101492373067,2.28373098819587,2.28373098819587,24.8689115929878,5.8189058655347,88.39,6,5.83349753397915,8.12644366813141,3.22319690241629,8.59658297455426,1.95552241205067,4.1444796923087,26,142.531217701161,17.1486296167924,-7.18218516585425,3.48933876544057,-0.0113710091732013,0.208722549309333,6.90142878594206,6.90142878594206,88.39,17.4095151725931,17.450366496317,6,17.5083907024049,17.3262374252189,11,5.4975079490469,8.55113418500683,0,0,32.1165888194956,5.943095148663527
24,39.6962107505172,0.428898886838347,40.6779929434789,14,0.110427610526827,2.09246748562478,0.428831528071339,43.999272132622,15,45.0998614673506,42.2516449999242,150.179535289438,3.87693161657985,2.22771453992356,2.22771453992356,18.2430346214074,5.81249834963518,109.65,7,5.82672702856492,10.0833741306593,3.17779040085586,11.0189319519448,1.9494956961486,4.14311114104298,26,92.3672635366096,17.3264902604398,-6.16923204061377,3.49781810514778,-0.045013038079507,0.253879869772228,6.47124177322363,6.47124177322363,109.65,17.638175479809,17.6492713716902,5,17.7388823409214,17.5150122384732,13,5.53115353446464,8.79474272949792,0,0,43.815467079336,6.022276394711152
28,38.2271668225269,0.426334281845449,40.2865046623878,12,0.121133404872878,2.09299346952684,0.422393266612,42.6757900149301,12,44.6513502838516,41.5484505154745,132.168784606408,3.87870650831822,2.29959604240033,2.29959604240033,13.5827351784014,5.81376255024189,97.62,8,5.82834984313131,8.72216792695505,3.24881699738148,8.07790102981183,1.95506806906903,4.14369101342155,26,96.4798594722199,17.8142801652987,-7.36952184433927,3.49505123649654,-0.0400205241748473,0.206409339980276,6.89129647826457,6.89129647826457,97.62,18.1995356506284,18.2388163135135,6,18.3554566544148,18.0531121884804,11,5.49960472918928,8.65352183687485,0,0,35.3122243800295,6.356547323513813
25,42.8481877743363,0.486765743671846,45.5517381599523,14,0.110544958735799,2.09244823997926,0.463984358131314,46.7478944649746,15,49.3759768328215,48.0481438031848,150.179535289438,3.87678744836089,2.25837349510437,2.25837349510437,18.6522351342294,5.81203003505121,109.65,7,5.82623081857974,9.20553251368195,3.20393843492794,10.2470663765994,1.94951421352252,4.14306984078016,26,62.8338558633219,18.7879474600241,-6.09183542641907,3.50483773457049,-0.0450130380795069,0.263942793197053,6.56294028375128,6.56294028375128,109.65,19.2903747874833,19.3449549676565,3,19.5080372047723,19.0930434966855,13,5.53109469446036,8.11275221362147,0,0,39.8341646180171,5.421360790031928
26,43.0308388101597,0.435585765572499,42.8574116620636,14,0.0963308750250069,2.09422151040059,0.440956715406251,47.2297401792617,17,46.8928054420107,45.3449666017914,139.179647401832,3.878279801459,2.16043821835584,2.16043821835584,14.4445220824076,5.81420472786427,100.42,5,5.82841288369521,8.36434590591849,3.11336461651101,11.5030461336304,1.9587512821223,4.14408832899401,26,44.0770056500688,17.4791898575805,-9.77761612277427,3.49658191824975,-0.013606867032665,0.257211891264726,6.08413503579686,6.08413503579686,100.42,17.8137852825485,17.8736287627094,9,17.9555055732682,17.7029151972728,9,5.53122493788346,9.01302639858334,0,0,39.953480193052,6.920818753952375
24,42.5041751958487,0.465112827683648,42.7229468322251,14,0.0910605739631306,2.09229262573043,0.473450499800571,46.8900194633785,15,47.2320874151292,43.3355177029008,139.179647401832,3.87676548273325,2.16993348096179,2.16993348096179,18.3060769195472,5.81107269056886,100.42,5,5.82549538266317,9.49115309123321,3.07860753050514,10.7082796117392,1.95035382828778,4.14295901613733,26,88.1005716564704,17.4535412292363,-12.8361442843363,3.51333643530271,-0.0088119108847452,0.315130201489649,6.38210842523172,6.38210842523172,100.42,17.9231255874072,17.8022161265187,5,18.0366089876225,17.6550748774698,10,5.53161203101893,8.50292448167299,0,0,33.0640155796296,5.85078088734462
24,42.3500941547334,0.48109286878741,43.9444233387991,14,0.0868707688287794,2.09243623032813,0.467596781392926,46.7449535751929,15,48.5254490066936,44.4978201681507,139.179647401832,3.87837353293095,2.29100209827345,2.29100209827345,19.5212069125486,5.81495574255268,100.42,5,5.82933762965224,9.48510529163662,3.24357390166428,10.9945944257752,1.94979013967964,4.14340938313407,26,92.1445706079774,18.0084775518614,-5.69678701192433,3.51396060356715,-0.0092288235237721,0.333905370562394,6.58016901544188,6.58016901544188,100.42,18.3379458499938,18.4170956940243,5,18.4859725728318,18.2399031524395,12,5.53178346421423,8.47980758632369,0,0,33.321344085018,5.7121982700697735
24,45.5495771074928,0.464470171619617,45.61300091698,14,0.0918685022905276,2.09123414170093,0.480202827726569,50.141255282009,15,50.3236556593389,44.4007238463396,139.179647401832,3.87951168065576,2.29100209827344,2.29100209827344,19.0923255029003,5.81477603843681,100.42,5,5.82946989391334,8.90895864983687,3.21940907287823,10.6664938984841,1.94994218743062,4.14321369579669,26,101.138666360902,18.0398116051629,-5.7017650654902,3.51325381731543,-0.000132450001479,0.290639180355172,6.58016901544185,6.58016901544185,100.42,18.3730114575158,18.4406504344344,9,18.5157282440685,18.2677254830415,10,5.53178346421423,9.52085572773444,0,0,35.7353454977193,7.522878745280337
29,36.698295010325,0.368063734938441,36.1851196633212,12,0.107598630252621,2.09470000639501,0.395352134680869,41.7959034529809,14,41.1299890963119,38.2226749484889,121.168896718802,3.88018376033502,2.19622708522731,2.19622708522731,9.30152861513068,5.81591194639853,88.39,6,5.8305123076314,8.75144024113833,3.17401024533715,9.49322232097807,1.96092958948438,4.14470506234312,26,77.2577024266329,15.806962973598,-5.42935716935368,3.47229179166846,-0.0114816370089501,0.194075572529255,6.48232737555914,6.48232737555914,88.39,15.906595625135,15.9452268718375,12,15.9208506039877,15.902981950105,7,5.49296260567331,9.80750433396605,0,0,35.254508219934,5.785156151952302
31,30.2152133352745,0.295984577645764,29.3572789641375,13,0.119672194146179,2.09920015290761,0.341704069364249,35.4648630738746,9,34.3233388356228,30.3221486413851,104.383367170671,3.8918086404652,1.87512577946438,1.87512577946438,7.82645971348002,5.80665807580147,75.5,8,5.81665556337621,8.86726972478489,2.84818942652538,9.16531861141798,1.96898528237592,4.15260108681175,27,16.4622906497007,14.5410300018719,-8.3115560354248,3.46307612556753,0.0111213886420835,0.166598470757169,5.63359952238012,5.63359952238012,75.5,14.725701002894,14.5296244163024,6,14.6552865685578,14.5627535780792,5,5.49407387395785,14.7427263148859,0,0,30.9192188520747,4.522878745280337
31,32.8241555194821,0.266455594139473,32.6397561841263,13,0.116330831337114,2.0994241493746,0.294409766165789,37.4703249323873,9,37.1777696298412,32.8752357433463,104.383367170671,3.89071711717671,1.88574475353457,1.88574475353457,8.70041844355229,5.80579647259438,75.5,9,5.81544467303677,5.36382140110664,2.859714259552,7.56227494299381,1.96897781836648,4.1526245719876,27,11.3987400022748,15.591591612308,-8.28044557341206,3.46408334067828,0.0094131433405839,0.135565896942126,5.68226078175749,5.68226078175749,75.5,15.8855238196685,15.7374954407643,7,15.9010016145129,15.6912384344483,6,5.49063259428861,9.71785650448063,0,0,33.6964057991323,5.094743951251549
31,32.8814519510434,0.271935043105901,32.7210169476813,13,0.114718111759137,2.09927559450978,0.302051064298154,37.9138925208317,9,37.6201507248387,32.8452803444744,104.383367170671,3.89228966914665,1.88575434173077,1.88575434173077,9.71140179021218,5.80727507478918,75.5,9,5.81726102049671,5.56808774783469,2.85993272268778,7.54524652898872,1.96877003334533,4.15270421300818,27,12.1366832535117,15.5814123415224,-8.30925009502607,3.46400035895445,0.0108699083137828,0.136068983041936,5.68900085954173,5.68900085954173,75.5,15.8791551029993,15.7229548180793,7,15.8955123934335,15.6787424201651,6,5.49230834912445,10.178905138144,0,0,34.392095044968,5.13430394008393
21,17.8812448771448,0.109184855775123,17.7404317694851,9,0.156933298971348,2.08794145987161,0.129682858140905,22.7575624492362,8,22.3037461889578,18.989221168941,110.910406475419,3.87449969978489,1.70402406199931,1.70402406199931,5.0237817632671,5.80060769706017,85.31,4,5.81425414211818,3.45141190111741,2.67378182845933,5.3836326114122,1.96817209993037,4.13662176535031,19,0.597750433746964,9.84962039444708,-3.17642718770733,3.37551908763051,0.0136354739696728,0.0446979706180619,4.81201756306983,4.81201756306983,85.31,9.29502355514037,9.20119510273886,4,8.91829537801088,9.55195145802688,5,5.48421675736516,8.94397698991149,0,0,28.3557314164354,5.563837352959244
27,33.9487781943495,0.332527905725915,33.6370116674555,12,0.1093854263302,2.09283659612082,0.356506777082835,38.2890974272912,12,37.8775437517485,33.8643696490085,121.168896718802,3.8779054662552,1.88574475353456,1.88574475353456,9.29438252846417,5.81227099603051,88.39,6,5.8268535756994,7.9399100485317,2.8575640452188,7.75922047108329,1.95524957959039,4.14305535019494,26,79.9513373554706,15.7445400243858,-11.5041675406517,3.44460604687729,-0.0105370083984099,0.177388669048434,5.68226078175749,5.68226078175749,88.39,16.0505811592949,15.9076103329085,8,16.0745930000146,15.8528403726717,7,5.4906325942886,9.17973425430762,0,0,30.3230016700803,5.935542010773082
27,31.9749349561008,0.369229468969993,32.9845392716072,12,0.103395116743929,2.09297577905092,0.371050017898675,36.7691272755915,12,37.7070156066932,34.1364033148621,121.168896718802,3.87948531242586,2.1962270852273,2.1962270852273,10.8072362968245,5.81609642995089,88.39,6,5.83065055133837,8.28505367579446,3.16397736723974,8.22905025425034,1.95485925222886,4.14349786425147,26,77.8243311938842,15.7589818953623,-6.88939122309786,3.44907928827105,-0.0107251627543786,0.226858329498839,6.48232737555915,6.48232737555915,88.39,15.8318061854471,15.8862117850228,8,15.8395174040732,15.8496002099629,9,5.49296260567331,9.02753623637064,0,0,30.3779119159321,6.346787486224656
27,36.0242375729153,0.441640338817757,35.6628701763532,12,0.108182419471468,2.09162207236245,0.459555118660199,40.4522246008984,12,39.9860118301509,34.3914355421474,121.168896718802,3.88238395949183,2.18194909348909,2.18194909348909,11.9498419572893,5.81869366030282,88.39,5,5.83369244955341,9.0078458424712,3.13331781456281,8.30226233797649,1.95493655486752,4.14335847668298,26,109.81123975573,16.398508727633,-6.84416623591097,3.4442808499702,-0.0037913081684956,0.322054080814322,6.62371581496481,6.62371581496481,88.39,16.6516951012771,16.6553763333136,10,16.7308431421551,16.55314831916,7,5.49620433302743,9.27968163242755,0,0,33.8863075091978,4.633017024022149
28,36.1206706785211,0.351978631824715,37.2228971987984,12,0.0976861204636099,2.09315556474637,0.345879194119819,40.7944170659567,13,41.6413741922425,38.7779376970143,121.168896718802,3.87919802694728,2.17916057887055,2.17916057887055,18.94296908312,5.81336386443946,88.39,6,5.8282348162782,10.3164944581101,3.06171763127886,9.62677812527989,1.95788880986932,4.14379451397928,26,40.3392530866169,16.7075937187141,-12.1364475451162,3.46581965967087,-0.0112580705409692,0.193955822461088,6.52081793661175,6.52081793661175,88.39,17.1049054310219,16.9643809044262,8,17.168875478608,16.8634968119726,9,5.49565006609873,9.40777078386038,0,0,31.4994788181608,5.739928612014925
28,35.6496120065024,0.424994008002152,37.9649998953564,12,0.0928805240434246,2.09329160306068,0.400467318760068,40.4207584989364,13,42.5554036839709,39.4424702822159,121.168896718802,3.88079840868612,2.26834921038088,2.26834921038088,18.8194003126156,5.81719265470245,88.39,6,5.83204439775843,9.16025897388818,3.20573233775169,9.93146662958557,1.95758463223389,4.14424243454904,26,40.0732185166801,17.2127470677129,-7.22060640406858,3.46787847539163,-0.0113710091732013,0.255101935178707,6.6011669914636,6.6011669914636,88.39,17.4733919503084,17.5261677597766,8,17.5713071703377,17.3967891899119,11,5.49611419443038,9.03901402116641,0,0,31.7267772081269,5.790484985457369
28,39.4489714337537,0.382595838982683,40.3184307846224,12,0.097673187554068,2.0922263947321,0.377812774751137,44.4236945596069,13,45.0551665203238,39.720312477062,121.168896718802,3.88199629141592,2.31448959758297,2.31448959758297,19.9204187995797,5.81689758158877,88.39,6,5.83212639571965,10.1013595350438,3.24344758603868,10.819131677496,1.95767733928672,4.14403559826777,26,53.5112757223028,17.5654678662009,-7.11051292422547,3.46547689360805,-0.0057570408401748,0.209095807646459,7.03360702634615,7.03360702634615,88.39,17.9124911284708,17.9384366816279,9,18.0431890037865,17.7790444019831,9,5.49599974112637,9.75400232547003,0,0,32.7000170379504,6.180456064458132
28,38.4895032025102,0.451955333028758,40.1959085516694,12,0.0934393015442376,2.09218740119937,0.447691598129563,43.4517525889053,13,44.9072103168615,40.0263144359833,121.168896718802,3.8844503040716,2.31801206726999,2.31801206726999,18.7035894538364,5.82112538047579,88.39,6,5.83635419783927,9.34312253335633,3.25232150356584,9.49799570083696,1.95755743916443,4.14426318555106,26,33.9452581572305,17.6356705323899,-7.21662064114622,3.46724928554791,-0.0059057615284017,0.283963722172979,7.04820780733504,7.04820780733504,88.39,17.9541861453472,18.0042864464835,10,18.0849057087765,17.8472792633172,10,5.49644210303802,9.84908323110299,0,0,34.423314852929,4.522878745280337
28,41.2184038394519,0.38486614893626,41.9835892492916,12,0.0974377606960562,2.09312502937637,0.377312213830396,46.0599678746349,13,46.5939368698639,43.8141727739791,121.168896718802,3.88176306123975,2.31448959758298,2.31448959758298,20.594449242698,5.81688548899367,88.39,6,5.83195946688001,10.4513173778156,3.25125370400146,9.46136414159713,1.95846153138371,4.14467247905592,26,42.2204569491555,17.5734328363526,-3.22588163466761,3.48345123192884,-0.0092750381886628,0.202738721447211,7.03360702634615,7.03360702634615,88.39,17.8989271850007,17.9424175394609,11,18.0263287594457,17.7851826265269,9,5.49599974112635,10.0434838808761,0,0,35.1149063453678,5.554395796726403
28,39.4492124638422,0.369391628317167,39.712661754228,12,0.0990434644840064,2.09252115135988,0.364482381420624,44.1316481578558,13,44.1645746646808,39.4086532500371,121.168896718802,3.88038239900526,2.2545374629668,2.2545374629668,19.2270833173142,5.81452016202659,88.39,6,5.82971130676389,10.3225161944324,3.14508706395163,9.51247764722932,1.95780570191818,4.14386940801866,26,40.0676837065057,17.4670127947043,-7.10458454723582,3.46525758560917,-0.0061899006529678,0.204623658710948,6.52537028544149,6.52537028544149,88.39,17.8813020942679,17.8586200086158,7,18.019545413765,17.6893587070839,9,5.49574886002333,9.11590213040179,0,0,32.7054534121039,5.7447274948966935
29,38.9510677531535,0.418147589372427,41.9355167181047,12,0.0859372726038141,2.09405637219457,0.369771245503556,43.9265681734014,14,46.83079290101,44.1954141785319,121.168896718802,3.88092434725579,2.33602634055712,2.33602634055712,24.0247010497654,5.81654690478519,88.39,6,5.83146279325384,10.5806005578359,3.27056258348362,10.1016528204686,1.95838114516179,4.14496971191277,26,79.2094291863715,17.966274798009,-7.62412846385806,3.49229983151038,-0.0116616960611935,0.22161903038107,7.06477861230655,7.06477861230655,88.39,18.3339494588228,18.3634504242967,8,18.4704284382636,18.1922058468535,12,5.49753425441705,9.71646702122101,0,0,36.0608649168907,4.897223385116559
31,34.7082552489704,0.293456904274532,33.8163805082052,13,0.120744160442093,2.09956922025163,0.324370662471336,39.9630449452776,9,38.782643772461,34.8091119488618,104.383367170671,3.89093226833589,1.88574475353456,1.88574475353456,8.46094126804307,5.80583946194959,75.5,9,5.81560889687341,5.36701359421923,2.86064823915247,7.57702646435446,1.9707110064888,4.15301729280742,27,17.9358889286687,15.6051262570532,-3.12279530282764,3.4727867298699,0.0083834699425029,0.154139264137999,5.6822607817575,5.6822607817575,75.5,15.9043171905746,15.7525010211169,7,15.9203193020619,15.7055409198366,5,5.4906325942886,9.69666856676199,0,0,36.3992238329167,5.150580586203101
27,37.3451266898908,0.361124329809855,36.9201882387052,12,0.10936921037421,2.09188505279968,0.386682887411976,41.8433125600673,12,41.3263735236923,35.0791643472844,121.168896718802,3.88067115467724,2.2302890549203,2.2302890549203,10.2294079141267,5.81579013127142,88.39,6,5.8307172211483,7.96886882703109,3.18990772550644,8.78425196391431,1.95497690345384,4.14329334805946,26,92.2245319141488,16.7143296725823,-6.79517005596653,3.44380850494184,-0.0037913081684956,0.196136971611671,6.84892460811135,6.84892460811135,88.39,16.9863013259707,17.0057197299821,9,17.0826185931948,16.8864458343711,7,5.4922988443208,9.8992470218357,0,0,31.1298414571902,6.045757490560675
27,34.6919405383587,0.387761505861826,34.3804002426809,12,0.110553330231632,2.0918104571356,0.419082246342798,39.659290691162,12,39.2301209786209,33.9303991936873,121.168896718802,3.88059914591982,2.1962270852273,2.1962270852273,9.40690458533367,5.81592037013696,88.39,6,5.83076636967653,8.29301685809196,3.15121265224386,7.90998580600271,1.95496589898074,4.14330559463144,26,78.0361822474884,15.8843768240674,-6.90109361754188,3.44399923247201,-0.0037913081684956,0.246890931869422,6.48232737555915,6.48232737555915,88.39,16.0248743414196,16.0405799734609,12,16.0494190169034,15.9891817923083,7,5.49296260567331,10.076353754084,0,0,32.8966428862832,5.939302159646388
24,41.9153658705801,0.44923593325268,44.3121679470925,14,0.0860249536033771,2.093128232789,0.440039201649475,45.7641823556835,15,48.0812415215967,46.6232507954769,139.179647401832,3.87739387815855,2.18308120703909,2.18308120703909,20.3904077266311,5.81295945627786,100.42,5,5.82717703850442,8.1505426181553,3.13132463433422,9.76226468259121,1.95076114695361,4.14349598235174,26,53.0699627808432,18.5237094866832,-5.93803299135467,3.51455642875028,-0.0134200586594898,0.288091912320535,6.14960334659494,6.14960334659494,100.42,18.9871326418487,19.0440599829949,5,19.1863051518778,18.8107761714626,12,5.5311575259195,7.97050605258558,0,0,41.3191303623079,5.563837352959244
26,42.7188205560387,0.506285162784484,45.2283898086118,14,0.0767390456172651,2.0945533137629,0.425985267669067,46.9263455622583,17,49.5926289744305,47.4480953350209,139.179647401832,3.88091326058825,2.43518978295704,2.43518978295704,21.2449531595527,5.82040785974195,100.42,5,5.83459495870091,8.80588815744381,3.39629040733975,12.1306861638914,1.95299938916545,4.14501359713761,26,48.6577186637579,18.4660005530715,-6.35479010655712,3.50591594345058,-0.0143421099848814,0.289902185317223,7.34479000091718,7.34479000091718,100.42,18.8926982166491,18.9475442806031,5,19.075305805851,18.7334545518119,15,5.53219881428525,9.29620790112497,0,0,44.8826981156039,6.958607314841775
25,41.6943924329726,0.497611032898519,44.6942801306409,14,0.0832369621693857,2.09333860058524,0.420020915744639,45.5202972950144,16,48.4107844963299,46.9064165713368,139.179647401832,3.87909988298095,2.23996457259893,2.23996457259893,22.5205691395414,5.81722597240178,100.42,5,5.8314054280578,8.21835142630258,3.1563508069,10.5996750661261,1.9502296458392,4.1438636807071,26,48.1482543531461,18.5230814268198,-5.9903777765579,3.50428194385138,-0.0135715975007262,0.306355000010344,6.61224028779264,6.61224028779264,100.42,18.9654287767228,19.0240691255447,3,19.1573210437341,18.8006081686592,13,5.53170399248943,8.15780052291058,0,0,36.4352752945844,6.3872161432802645
25,43.4152730506744,0.501900473694233,45.5212473603952,14,0.0857101370105555,2.09250978605232,0.427495509579697,47.2687489891768,16,49.2717023343169,46.796797913986,139.179647401832,3.8799703473018,2.23996457259893,2.23996457259893,19.5788011002938,5.81700852102759,100.42,5,5.83139452674303,8.0856034510842,3.14485265507416,11.7208125412605,1.95040525628255,4.14374707833975,26,57.9513643605223,18.5488125617282,-5.98202515215981,3.50267011857931,-0.0092288235237721,0.309742238104294,6.61224028779264,6.61224028779264,100.42,19.0050093962216,19.0533282598465,4,19.1987977311555,18.8281240590706,12,5.53170399248943,8.04907890688431,0,0,36.5878565777136,6.096910013008056
28,38.5789003814412,0.444486409450311,39.4183903756435,12,0.098616495920139,2.09215283495727,0.449079559443191,43.5357736152754,13,44.138609574966,39.2245209942603,121.168896718802,3.88192129242423,2.26834921038088,2.26834921038088,17.645550540995,5.8170264558646,88.39,6,5.83217286640536,9.17972586048074,3.18732284335097,9.60369789806523,1.95766820803159,4.14404785822428,26,31.1139684612,17.3136516755411,-7.21379390726828,3.46555426729412,-0.0057570408401748,0.278666881199723,6.60116699146362,6.60116699146362,88.39,17.6312003257991,17.6498153505513,12,17.7428134106741,17.5088191922331,9,5.49611419443037,10.0779606583151,0,0,34.2331632263018,7.397940008672037
28,37.6682475381126,0.375560677556301,39.5529433768222,12,0.0945166876968622,2.0926470541677,0.366155099386156,42.5386717581582,13,44.1611551074529,40.1090441295904,121.168896718802,3.88134305807518,2.31448959758297,2.31448959758297,20.5175703492164,5.81692692596116,88.39,6,5.83185604724767,10.4863711917841,3.2475141513087,9.50368307660645,1.95763780967008,4.14412241221664,26,43.3250802328657,17.5407937232435,-7.15720155604234,3.46739375364005,-0.0086976315663807,0.209039317389289,7.03360702634616,7.03360702634616,88.39,17.8467842332839,17.9021570845353,8,17.9695477837021,17.7488146021235,10,5.49599974112638,9.93676942443404,0,0,32.4435736261565,5.543633966870957
24,44.4702134613894,0.498648529562438,45.4876161273347,14,0.0883004198000314,2.09175610488989,0.503456693911264,48.8677574246784,15,50.02453547785,44.8538054306793,139.179647401832,3.87892296756504,2.36204119099647,2.36204119099647,19.5757077220877,5.81467998785884,100.42,5,5.82914722918461,9.65524909014015,3.30120463549596,10.5803624840749,1.94988371262657,4.14328854392131,26,91.35622799521,18.355783777735,-5.67322920692776,3.51378187124374,-0.0047713117850792,0.361490413292376,7.16310147405655,7.16310147405655,100.42,18.7536004206391,18.8212633874687,5,18.9316808139462,18.6156933338181,11,5.53175878398383,9.02741176805627,0,0,34.007421235148,5.892790030352131
28,39.3651574327061,0.426333875927992,42.7174076391537,12,0.0859673143291468,2.09395705442434,0.409880780254402,44.1348463067619,13,47.2722220138232,45.169395226303,121.168896718802,3.88063973763286,2.33655592058377,2.33655592058377,23.3647989863397,5.81579849140336,88.39,6,5.83070504824928,9.42229972972339,3.27155657601747,9.45817480267212,1.95834682918701,4.14487514676953,26,34.7763626413111,18.3730692280627,-7.54141895859371,3.50786906594379,-0.0116616960611935,0.256484833427933,7.06213515575058,7.06213515575058,88.39,18.8034037859153,18.8385231007885,8,18.9732195337511,18.6333350305658,12,5.49632102793631,8.76346877840362,0,0,37.9669439968384,5.795880017344075
31,32.9882979152906,0.258285546077373,31.9085689117876,13,0.123195894785218,2.09938233441598,0.288830457128083,38.2221431134244,9,36.7857317164936,32.1139236673051,104.383367170671,3.89023526767361,1.88344639549161,1.88344639549161,7.17666211298367,5.80504573164109,75.5,9,5.81478518164102,7.4709162209088,2.85460345663199,7.59246932750267,1.96939112106993,4.15247942114111,27,9.56214932550352,15.0946137694291,-8.24798282619409,3.46282542312995,0.0091643295322671,0.134164964836604,5.64124652285205,5.64124652285205,75.5,15.3321757829287,15.1611588250507,7,15.3008000217622,15.1549582153993,5,5.48892458751495,9.46220590794515,0,0,33.6635316377558,5.197226274708024
32,34.100136112545,0.289146623585039,35.3766297856776,13,0.103707568408682,2.09988921613502,0.285290152754146,38.7815182929679,10,39.8287742061315,37.4621020225734,104.383367170671,3.89055239760866,1.92027920966464,1.92027920966464,12.3186716812072,5.80573480263342,75.5,9,5.81529091974169,7.28840106426659,2.88596661241404,8.14670007950943,1.97061514878725,4.1532061972434,27,22.334098635777,16.5138286290751,-8.77171161845964,3.47865764905633,0.0071873899667333,0.147623816399402,5.73219650379775,5.73219650379775,75.5,16.8919228502191,16.7613380466216,7,16.9493105591769,16.6650558427392,8,5.49527233594241,10.2148897766514,0,0,36.6926179399509,4.522878745280337
31,33.2271579679094,0.303408458190659,33.9168364610293,13,0.103750910617322,2.0998383859168,0.32183091992961,38.47699776103,9,39.2740982303122,35.7368280291263,104.383367170671,3.89042270922336,1.92056116758134,1.92056116758134,13.6650075780083,5.80553600589271,75.5,9,5.81509181625419,7.7860111077165,2.88558700105381,7.47265967809776,1.97051932601402,4.15316276486308,27,89.2307025652141,15.9390385221752,-8.64656229879538,3.49028578427563,0.0071873899667333,0.146877828400868,5.72034328044433,5.72034328044433,75.5,16.2367164425924,16.0976875547302,7,16.2510784254613,16.045500975586,8,5.49294497544774,9.28766624601976,0,0,38.3754895456211,5.769551078621726
32,34.8531738426354,0.423817243208198,36.4897225796293,13,0.0997588878773194,2.09991777308681,0.433023687022547,39.1874360350847,10,40.7186399055544,38.5349699778295,104.383367170671,3.89130352988507,2.17916057887055,2.17916057887055,22.8625091494985,5.80689324653704,75.5,9,5.81644960402097,9.08279209065799,3.09812012434673,8.26701229429542,1.97003991987355,4.15336925527127,27,29.1032515463838,16.7156737216223,-8.7035591020631,3.47974197199114,0.0070673736139744,0.238141230042738,6.52081793661177,6.52081793661177,75.5,17.119567987421,16.9806465663089,7,17.188225629989,16.8755291978978,9,5.49565006609872,10.0113877095706,0,0,34.1713419109731,4.522878745280337
32,35.8008961172635,0.425648899596966,36.9721530278381,13,0.103297614591051,2.09965997635001,0.436049600911845,40.4237168749171,10,41.3580711015275,38.4723834069589,104.383367170671,3.89175519794987,2.17916057887055,2.17916057887055,16.8115851750809,5.80692630118365,75.5,9,5.81670529961344,9.50160854512928,3.06332030596185,9.3875369829084,1.9702131107813,4.15329963387691,27,30.7399378621402,16.7267763734021,-8.70428532962241,3.47851724204426,0.0079057526624648,0.241603606196169,6.52081793661177,6.52081793661177,75.5,17.1342661902711,16.9916153824939,7,17.2026043392938,16.8866047071302,8,5.49565006609872,9.91634935914452,0,0,34.265240334929,4.522878745280337
24,48.0951022326159,0.503238936714493,47.9329797315713,14,0.0908447243955066,2.0922558099583,0.513184579997442,52.5378044912513,15,52.5135729373047,48.6451098138942,139.179647401832,3.87934865667996,2.36204119099647,2.36204119099647,19.5969874135825,5.81463312665079,100.42,5,5.82925215501419,9.59591327636405,3.30621439311088,10.544611127264,1.95150960755201,4.14383743422529,26,87.1524700378837,18.3804798756879,-3.33882392074801,3.51750504808688,-0.006118764291786,0.352572636649139,7.16310147405656,7.16310147405656,100.42,18.7918661424246,18.8509142643407,8,18.9727278117153,18.6428444818778,10,5.53175878398381,9.13931712071731,0,0,36.6902927743006,5.935542010773082
25,46.0410913085252,0.532413493135552,48.5412445033166,14,0.0807674415250543,2.09325706699376,0.465247838625333,50.4628575537567,16,53.104442700125,50.0192362313158,139.179647401832,3.87848631928311,2.38984813376807,2.38984813376807,21.3766178650958,5.81428621059178,100.42,5,5.82873771910147,9.73232576749488,3.32530237250068,11.1805015090892,1.95134584516714,4.14413542195766,26,96.2731996754206,18.9532381124584,-6.12545364976183,3.51961829839408,-0.010421966639918,0.345509490492421,7.19298805431951,7.19298805431951,100.42,19.4212388177022,19.4789610361246,5,19.6235028829719,19.2434555514791,13,5.53188181220214,8.80714961117648,0,0,37.6309242753566,6.251811972993799
24,46.2114260957805,0.484784002320561,48.8134695676217,14,0.080793976901747,2.09313356134136,0.481041184456907,50.6474587763681,15,53.4166541668249,50.3564515886327,139.179647401832,3.87819616767853,2.39049541269859,2.39049541269859,24.3662144409695,5.81352178551301,100.42,5,5.8279669438133,9.73950196014065,3.32620039268517,10.5179062826225,1.95126266979161,4.14403996917039,26,99.1406047518069,19.0732820654708,-5.93072337821076,3.52533519877887,-0.010421966639918,0.327851070432783,7.19114040271397,7.19114040271397,100.42,19.5583632824911,19.6180549560467,5,19.7697497771934,19.3730950389568,13,5.53171601979282,8.20884235362343,0,0,39.5549001754214,5.756961951313706
26,47.1967577529583,0.548875054732638,49.9780655380244,14,0.0725489231451442,2.09456508418728,0.472923787171652,51.9671552475998,17,55.120758729739,51.4541722113519,139.179647401832,3.88178194536237,2.58204942329366,2.58204942329366,25.393223606862,5.82102116841274,100.42,5,5.83545301757578,10.397320129293,3.53130322404448,12.8717530753109,1.95338525682395,4.14558186760042,26,94.6743137568366,19.0254570112449,-6.3197278905768,3.52155139627661,-0.011529478992992,0.331812416821401,7.71051975127073,7.71051975127073,100.42,19.4720143703289,19.5308870414209,5,19.6667445328916,19.3053887540651,16,5.53275693447193,9.53312964923881,0,0,43.146385237528,8.0
30,40.5242923978605,0.496398828577635,44.0413960312754,12,0.076693175081904,2.09528030953292,0.396469962528409,45.634340428624,15,49.2101332450753,46.3300262203772,121.168896718802,3.8841903019564,2.61360437272611,2.61360437272611,26.5390161690513,5.82318034824301,88.39,6,5.83810293085623,12.0904853057966,3.58821406250405,11.8091547052838,1.95933831071182,4.14641243573559,26,124.753448634681,18.2090627464501,-7.99521079124226,3.49542136766065,-0.0118003227985852,0.222436884432345,8.424317108596309,8.424317108596309,88.39,18.5619852878368,18.5987183055041,8,18.6967164578776,18.4314773906995,15,5.50226261223125,10.4467195862537,0,0,41.5712336262079,6.259637310505756
27,35.4584273360512,0.395919079162074,35.9218481191427,12,0.105426745819386,2.09231636091756,0.413567029364754,39.8741860797506,12,40.238331675145,35.1079711142693,121.168896718802,3.88002334773084,2.23028905492029,2.23028905492029,10.7001566513614,5.81582487278928,88.39,6,5.83045418302584,7.57565631578402,3.19256402773027,7.6537768254189,1.95492610280686,4.14337902601865,26,78.3708403009622,16.6865019978612,-6.84969151267416,3.44815610217833,-0.0074356202265338,0.257965580568053,6.84892460811135,6.84892460811135,88.39,16.9324444469338,16.9704003026967,8,17.0238366883363,16.855152513442,8,5.49229884432078,9.3331454584703,0,0,31.2421399877019,6.050609993355088
27,36.1541115788068,0.403842686961727,36.5868821123514,12,0.104088040628961,2.09184591237346,0.426542285996122,40.7648676239128,12,41.0856075733774,35.3120584971223,121.168896718802,3.8831182452088,2.23228595465639,2.23228595465639,10.6550549988274,5.82002040995573,88.39,6,5.83494540279823,7.57945461618953,3.1954065135242,7.63284290182932,1.95482378143594,4.14351812782558,26,83.5257838191665,16.7288626421072,-6.86919962702709,3.44785021037771,-0.0040066111321389,0.258103520138169,6.85990774001652,6.85990774001652,88.39,16.9615719326755,17.0058063532176,10,17.0524388635087,16.894010675901,8,5.4939595723708,9.59824942960991,0,0,33.2490844578732,5.889410289700751
27,37.2576679855321,0.393321202614878,36.658537054443,12,0.109074109765944,2.09280371723642,0.418215352939993,42.0331160735913,12,41.3304908248584,37.9179912111247,121.168896718802,3.8804396560809,2.2302890549203,2.2302890549203,10.3809126946714,5.81577914561276,88.39,6,5.83055234917572,8.40899813385708,3.1951113650741,7.77835418570585,1.95600280141658,4.14391630280689,26,73.5807394253329,16.2058481172107,-3.05653903027562,3.4755553823569,-0.0083800351286507,0.247219893620404,6.84892460811133,6.84892460811133,88.39,16.3718696101356,16.402684310765,11,16.4156652498,16.3314202971514,7,5.49229884432079,9.68416005447738,0,0,33.7417937521793,6.008773924307505
27,36.8114870638063,0.37973656560625,35.7869154784257,12,0.111090198931021,2.09218640060216,0.401987743224947,41.2139019085553,12,40.115417928001,34.2855385939452,121.168896718802,3.87907139255251,2.19961421583092,2.19961421583092,9.68633838875031,5.81341936036721,88.39,6,5.82831313241548,7.4178591608385,3.12396511651369,7.66979574536326,1.95514177202837,4.14312922711044,26,72.9632476291203,16.5166939928805,-6.80807844680735,3.44327892670075,-0.0046512500892248,0.223954706812187,6.05031813149528,6.05031813149528,88.39,16.8476794840221,16.8186914884082,7,16.9479208365782,16.6935401111327,7,5.49110563302912,8.51208351098131,0,0,31.5032387634003,6.309803919971486
28,36.8178491882623,0.396629962399414,38.2181507913524,12,0.0948630583449304,2.09376289501069,0.381115765234295,41.4250689482269,13,42.8699880990218,39.1166979419935,121.168896718802,3.87959914525767,2.25133568857542,2.25133568857542,14.2501025690704,5.81543862364172,88.39,6,5.83005644148214,8.19921742064905,3.21151464876339,8.24889875998062,1.95590063698104,4.14420848206333,26,118.802957909691,17.0434546866758,-7.2751249065203,3.48724673184987,-0.0113158505944252,0.202956384868319,6.8773384718708,6.8773384718708,88.39,17.3156989306143,17.3451596180918,8,17.4118902609174,17.2208725353332,10,5.49676301686904,9.48520572965759,0,0,34.8729964997284,5.966576244513051
31,31.1291989008529,0.245308207964292,30.4545324954224,13,0.121122175946141,2.09958922659715,0.27507238069165,35.7652193305083,9,34.8258217710929,31.7786016040908,104.383367170671,3.8896140463124,1.73580055272244,1.73580055272244,6.84705242411591,5.80460958587881,75.5,9,5.81412414361775,5.59032306629514,2.74652912796057,7.70245509692679,1.96958521943357,4.15243572546183,27,9.43237654398328,14.6072220364282,-7.95276768224091,3.46316359575223,0.0085186152634163,0.124656930778083,4.11973275516882,4.11973275516882,75.5,14.8621157416254,14.6010833137687,7,14.7904381508696,14.6315613597242,5,5.48783216325492,9.86082264247077,0,0,32.3184005430505,4.522878745280337
31,31.1643558161568,0.262321556132402,31.3601550502592,13,0.113889203535103,2.09963352848223,0.280403279798821,35.7443326970914,9,35.8490519033681,32.645826446183,104.383367170671,3.89043179097026,1.87938524157182,1.87938524157182,12.4062291058117,5.80577715046298,75.5,9,5.81527845363471,5.13566054758505,2.85174319220367,8.16319833921197,1.96883979387563,4.15268892043435,27,25.1978161245919,15.3067145001868,-8.22957927878313,3.46436041796065,0.0081859610425141,0.131172253962909,5.62731081166064,5.62731081166064,75.5,15.5511062185102,15.4175063594573,7,15.5472990038592,15.388612988319,7,5.49140163484899,9.09860049380209,0,0,31.9386166081703,5.100179497572904
25,44.7694460748524,0.453002270908305,47.2539055358434,14,0.0783298831318575,2.09334837401139,0.449831713039022,49.1881283804236,16,51.8021928926096,48.3355250304463,139.179647401832,3.87993221550288,2.39734908775191,2.39734908775191,33.8845119893651,5.81781208366008,100.42,5,5.83222651096667,10.6260563370401,3.32861667424322,11.9043180417552,1.95076677795165,4.14441176310075,26,131.451645678739,18.5862784835297,-5.98368861064207,3.52032611340463,-0.0105802019326311,0.271403190342776,7.19926249088949,7.19926249088949,100.42,18.965118077081,19.0380914800549,3,19.1331781805734,18.839769058052,14,5.53226235127086,9.02908471963335,0,0,34.2290680294759,7.221848749616356
29,41.4624665997917,0.473857941702741,45.6389931202095,12,0.0831829972560538,2.09414241529169,0.402985364976452,45.9397435989583,14,49.8596287429798,48.0335939969758,121.168896718802,3.88235657011273,2.34813212685717,2.34813212685717,29.7440755003457,5.82001189372739,88.39,6,5.83491011155214,8.79505548755622,3.27729350545179,9.45205359619782,1.95809491761792,4.14524446382485,26,87.6063068240509,18.7563079731186,-7.48827619838027,3.49412779774418,-0.0116920376289829,0.256139961307974,7.07663049871263,7.07663049871263,88.39,19.2165210056718,19.2550210172166,6,19.4052094139681,19.0332641075502,13,5.49816701614726,9.55329867006637,0,0,30.8733710214193,6.337242168318426
29,40.7816356568753,0.482605765656345,43.7749105962388,12,0.0856529186970186,2.09336158898645,0.401615872535738,45.5828938297933,14,48.3705055113922,45.1795521591822,121.168896718802,3.88322564882506,2.34813212685717,2.34813212685717,22.8631712621223,5.81981238878556,88.39,6,5.83490956565357,9.36591985547711,3.27556799903444,11.4202685568274,1.95817787934566,4.14512708326356,26,38.0450819816465,18.3304041114358,-7.58957088939595,3.49206128804168,-0.0094844901122552,0.269389418374337,7.07663049871265,7.07663049871265,88.39,18.7404064218516,18.7673025718232,7,18.8992378965686,18.5764909782407,12,5.49816701614723,8.84102553357758,0,0,33.2468263160932,5.609064892896621
28,35.8584050643893,0.416032133701943,37.6791443140774,12,0.110358521598692,2.09332913109663,0.388714607651588,41.6300622803722,13,43.5162250171866,39.5019730894709,132.168784606408,3.88016515854926,2.35575376292218,2.35575376292218,22.5333058919341,5.81533276180563,97.62,8,5.8302434555544,9.9731360890185,3.29206227085776,10.9145120896344,1.95773744904426,4.14448801553758,26,84.8594832988865,17.2055244652022,-7.38602390568963,3.48802850088124,-0.0391212572387991,0.171482032402869,7.08462297783164,7.08462297783164,97.62,17.5141712880053,17.511540348708,8,17.606035126226,17.3856640727579,13,5.50369748067846,11.7455744947119,0,0,35.0899309181134,5.987162775294828
