L1p,P_VSA_p_2,F06[C-C],SpMin1_Bh(p),L1v,F05[C-N],H6v,H4s,F03[C-N],TPSA(Tot),H6p,SpDiam_B(v),SM15_AEA(bo),Eig07_EA,TPSA(NO),SpDiam_B(p),RDF115v,Tv,HOMT,Eig07_AEA(ri),SpMin1_Bh(e),RDF060p,Tp,H6i,MATS1p,SpMax1_Bh(i),F01[C-N],RDF145s,SpMax5_Bh(i),SpMax1_Bh(e),H7v,H7u,Eig07_EA(ed),Eig06_AEA(bo),Eig12_EA(ri),Eig12_AEA(ri),L1u,F05[C-C],F06[C-N],DP18,HATS5s,RDF040u,GATS6v,SM14_EA(bo),SpAD_EA(bo),CATS3D_16_LL,Mor30i,E2e,nCar,RDF145u,C%,TDB01e,alvo
7.31252837068396,119.433935643089,25,2.06619545627947,7.31397812032684,7,0.100371940518328,16.6410466054512,10,100.3,0.0963908390735381,5.87591823825168,2.04175179551789,2.04175179551789,91.92,5.88740643086387,0.262611783405263,15.321535096307,20.2133952,2.97861760223671,1.98635321747897,22.0702502034002,15.3691927609509,0.696593077904272,-0.0385384310153089,4.17947390944095,5,0.0,3.46639436599873,4.1515181027797,0.0328660076724958,0.139915815933435,6.06520454741165,3.63347135608533,1.0,2.0,7.14451063921502,26,9,4.66274064050154,1.97616608170271,27.6079015568215,0.898458493250955,22.0553561292879,75.1757992486604,0,0.269165765594346,0.539774332062067,19,0.0,45.0980392156863,1.39082323237037,6.431798275933005
18.6612174449171,110.910406475419,18,2.0860263639504,18.9492209314067,7,0.107851910905194,5.97112074593844,9,85.31,0.131162838760754,5.80003843451148,1.54755973755737,1.54755973755737,85.31,5.81360215202647,2.49638729108369,22.656809117069,18.80459976,2.48375978133153,1.95307888375824,4.02813649783267,22.5068068511614,0.671057120493831,0.0267416993365248,4.18462279930907,10,7.42023348909804,3.314174691162,4.13557734323005,0.0404797458838575,0.237653187417651,3.67563296206769,3.17913040994756,0.679503139922546,1.66270378483958,18.5162863797223,19,8,10.6045556309853,1.46111102146797,13.4964739809716,1.02652957152304,21.5624367040242,62.9977565977894,0,-0.0093507164657193,0.438395537451801,18,0.927529185842604,47.5,1.37263914093023,6.468521082957745
18.7414448344759,110.910406475419,18,2.08573258080707,19.0328634219781,7,0.113729952831197,6.80479008158369,9,85.31,0.139840402456291,5.80154557549116,1.78229778538887,1.78229778538887,85.31,5.8157631103903,3.04776354353789,23.1010011262075,18.80459976,2.70683956370264,1.95258147595368,4.02025970796527,22.9750260979419,0.674238014629608,0.0336337887759437,4.1846125907593,10,8.40586969078612,3.31379490517628,4.1356640447088,0.0407787359887795,0.238733230071688,5.22488835159337,3.23205080756888,0.679515658687581,1.66271918084832,18.4827582185188,19,8,10.5756802184287,1.66118148122098,15.0733854973598,1.05554676732614,21.632217447329,65.0639827617779,0,-0.0214614108151781,0.44506874027606,18,1.05073371102448,47.5,1.39956590139535,5.388276691992658
20.5437499234767,110.910406475419,18,2.0863418790973,20.1442680959814,7,0.120410204370051,5.88730114211353,9,85.31,0.145548899779305,5.80009732348639,1.54755973755737,1.54755973755737,85.31,5.81383171869221,2.61057977698656,24.0966731317824,18.80459976,2.48383255587962,1.95747220831746,4.03743669080994,24.6984759806506,0.662008624910751,0.0222604784196788,4.18495225322104,10,6.78264405708544,3.35359310978206,4.13596277149691,0.0485405129441552,0.253419025244891,3.67563296206769,3.17913040994757,0.679517274752758,1.66271730176274,21.1351593228299,20,9,10.6313707798835,1.27210744624444,14.4231244996299,1.01535789482863,21.5624367040242,62.9977565977894,0,0.15191891095504,0.454799558551515,18,2.51937054392676,46.5116279069767,1.34062515565217,5.6439741428068775
19.1978828179858,110.910406475419,18,2.08594024176855,18.5234552832771,7,0.101331075250972,4.62598664061148,9,85.31,0.124495187771319,5.79929033303554,1.54755346745117,1.54755346745117,85.31,5.81291036290411,3.48794566217624,22.4940767426887,18.80459976,2.48362658442028,1.95408266064458,4.05301436860767,23.3926706160892,0.661822441775028,0.0266470284477692,4.18454361700854,10,1.69926760753675,3.305992187273,4.13542073287751,0.0458679651156349,0.239261414497417,3.67452144824141,3.17643741301496,0.679464539049028,1.66268778300674,18.4292869867181,19,8,9.92987583549807,1.25532288133006,11.6124970254666,0.967043549619459,21.5130044803331,61.1045201979337,0,-0.0102673196535993,0.437103548155168,18,0.267748622888321,47.5,1.35187314325581,6.1249387366083
19.6646352389803,110.910406475419,19,2.0870028368817,21.1613743533249,8,0.138321295667378,9.35848355501896,9,85.31,0.132123587278673,5.79995619025425,1.69651910641302,1.69651910641302,85.31,5.81337402654049,3.52656049759849,24.7066277533379,18.80459976,2.65271307273733,1.95712618473005,4.7733647723058,23.4828823818165,0.828063464276495,0.0150029018508288,4.18513320157173,10,0.261130536745629,3.36976264907078,4.13616032971546,0.0489198733681286,0.279161998156336,4.83133959414419,3.25713202254654,0.951805957551812,1.954477310046,21.7584635904281,19,8,11.8697155400072,1.56266352128167,12.6142874889111,0.998279792922381,21.5625858942681,66.5486376892098,0,0.105661932288903,0.391622567424308,18,0.0227198348175567,46.5116279069767,1.37749576652174,5.681936665037238
41.4421463014787,132.168784606408,29,2.09330762417941,45.5405471390169,13,0.46434413537853,20.1871468887152,12,97.62,0.415895156765159,5.81486937916492,2.35718527862919,2.35718527862919,97.62,5.82974957719216,9.62338466451644,49.8739500976107,24.37987012,3.29346031182826,1.95774810700654,9.86613975404913,46.0536833477091,1.9588830259971,-0.0391212572387991,4.19186695281194,11,74.4385390783607,3.49802046559818,4.14444666507868,0.239263668543801,0.708920908724766,7.071334727584,4.00640808033334,1.3250293459989,2.35131747555734,44.7260637401834,28,14,19.7661809938392,1.67722215147108,15.3380091290964,0.988390641815219,21.7000265027293,94.6879714225397,6,0.435799016430388,0.343844416890049,24,11.7867971910436,47.4576271186441,1.43125623993651,5.882728704344236
40.5850816075545,121.168896718802,30,2.09496805780448,41.4681164417656,15,0.422237271072755,18.0837857633435,12,88.39,0.417686216989039,5.81701604853122,2.26834921038088,2.26834921038088,88.39,5.83191537005261,9.63645191590146,46.2898436980635,24.43063702,3.22120021489705,1.96219070540602,11.1923518674152,45.6749501474706,1.85949911487972,-0.0117000875686904,4.19282890639965,11,32.2989394469648,3.48154758637916,4.14547681139231,0.222509637903099,0.769103067327394,6.60116699146359,3.75457580545017,1.29745983469001,2.32641076412346,42.6886575082687,27,14,17.6555473913302,1.12546682515637,18.9626557211142,0.813754350579905,21.7226397679688,90.3340250439816,9,0.299416803409539,0.340740988898718,24,14.1240504324262,47.5409836065574,1.36498851563077,6.7447274948966935
22.3927557189748,128.921157158449,15,2.08521245223812,22.0362947838956,10,0.135958520656468,4.29237411166693,11,97.34,0.154478541941262,5.79768497476451,1.54702149620521,1.54702149620521,97.34,5.81092879741412,2.58543689283405,25.1676972378121,19.56969244,2.48281447872464,1.94714833430867,6.17871750899665,25.7432622254248,0.800332615472111,0.0187824106329185,4.18427839213182,12,6.67425153842937,3.35636632026297,4.13471956513554,0.0781112142611241,0.322451379140471,3.67237046097541,3.1283259240489,0.679718727310907,1.6628967328801,23.4645849459802,16,11,11.1368923574344,1.13292362652433,11.5336453623414,0.914565623628466,21.4764121457757,60.3119714003463,0,-0.302397991256771,0.404285602075567,18,1.72369416884521,45.2380952380952,1.32992721431111,5.943095148663527
22.3050342332064,128.921157158449,15,2.08525417543728,22.8631813169876,10,0.151047927270853,9.64276044548635,11,97.34,0.151271089185397,5.79819064465882,1.71104761281999,1.71104761281999,97.34,5.81144540858591,3.00930550608103,26.0510104374739,19.56969244,2.66552241356662,1.94677418614307,6.20128835865412,25.6650059106412,0.837215633773858,0.0168009871723548,4.18439485707832,12,4.02256270927796,3.35758667251441,4.13491354437138,0.0857255302632834,0.320566001149159,4.90686711179175,3.35691395584222,0.679775301957316,1.66295108513472,23.53971743604,16,11,12.2831501067824,1.42024189878049,10.974247358642,0.956547959249497,21.5425114401843,64.3582246839663,0,-0.216396499486502,0.415260528583643,18,0.425647065153227,45.2380952380952,1.37105136542222,6.036212172654444
23.555285053707,128.921157158449,15,2.08506564352015,23.1714010109862,10,0.141964595531544,4.8127855081038,11,97.34,0.15880194206667,5.7978889352845,1.65056858795789,1.65056858795789,97.34,5.81119089889248,3.34171270280855,26.5580984239565,19.56969244,2.61366209016839,1.94701175215642,6.08128424431615,27.1547243363671,0.788637323596249,0.0284157833057165,4.18427118540634,12,6.49500945206258,3.35627898226896,4.13476947844667,0.0878469336277225,0.324153730278952,4.54804515296877,3.2184826927087,0.679720523771481,1.66289850775565,23.5692185106018,16,11,11.5809895042002,1.16407403245561,13.4403331196355,0.907258886181156,21.4957295307616,62.1448196237058,0,-0.296918819909151,0.415949600210708,18,1.71084157655852,45.2380952380952,1.35561771431111,5.300162274132754
23.5995943753316,128.921157158449,15,2.08490830692647,23.224999464125,10,0.150671603467981,5.23464085869018,11,97.34,0.171695238080505,5.79839133612776,1.6541474936615,1.6541474936615,97.34,5.81190257626986,3.04933271434724,26.7842586735816,19.56969244,2.61412583515198,1.94687157595382,5.91553921196361,27.3705223012329,0.786733808017493,0.0381293583886995,4.1842625894073,12,8.66883721531779,3.35627827341651,4.13483276261313,0.0870153145802214,0.318496381162543,4.64917308397103,3.21851150893962,0.679748552911053,1.66293418616416,23.5279845771527,16,11,11.6181335429787,1.28336572100264,15.140133093471,0.925318104924194,21.5746145844267,64.2408212762931,0,-0.285378903969936,0.425664066859463,18,1.95037306903899,45.2380952380952,1.3819484832,5.896196279044043
19.2315483185911,110.910406475419,18,2.08691350922283,20.4662462782889,7,0.114285496880584,10.5172750657341,9,85.31,0.132501738843513,5.79975855390872,1.70767979137926,1.70767979137926,85.31,5.81317139359221,5.11088072850646,24.6441829697795,18.80459976,2.65445815835136,1.95693910680322,4.00511244583995,23.4685356640181,0.654286438406357,0.0150029018508288,4.1851027616627,10,14.1338281500659,3.37042248713361,4.13611027358504,0.0473263235132863,0.248988962168937,4.91811089292111,3.25234531189839,0.951944081670218,1.95459830585081,21.1136574238499,20,9,11.1881161202582,1.42327278138551,12.5617967041062,1.04955904445117,21.5541353232191,66.487863188965,0,0.0557076449411847,0.479443650500103,18,2.4092085949828,46.5116279069767,1.37755718826087,5.152427340857888
19.5591124169791,110.910406475419,20,2.08794321269317,20.6782578714763,9,0.242146236483971,11.7521165834648,9,85.31,0.175585200422905,5.80231649066716,1.8643994809495,1.8643994809495,85.31,5.81591053382654,4.36715160679809,25.2700951566376,18.80459976,2.7950907312222,1.96087958196653,6.59591062064236,24.0302588886244,1.32457810375269,0.0107387352149461,4.18580476863687,10,3.90717279649051,3.45224192124438,4.13715317494677,0.0613154364859349,0.328382050177513,5.51054217360109,3.65323692010694,1.04238411404935,2.05373232670892,21.3613562064341,19,8,11.7556157500785,1.72171551178734,14.1919440791636,0.925599873176883,21.6420673926644,73.7266526213134,0,0.056031767385761,0.477793161308917,18,0.297703120754245,45.6521739130435,1.42436695020408,5.079876673709276
41.4252645210591,122.394117853702,28,2.09898601626382,41.7683658090263,12,0.367001064359396,17.5899411596486,15,87.53,0.37857047477988,5.80450455555129,2.16993348096179,2.16993348096179,87.53,5.81414767986047,8.88453871772025,46.5502738906591,23.78609802,3.08219030360145,1.96618249118858,10.3980100251704,46.0971909996826,1.50118679489295,0.0104721048351113,4.19672464017812,11,79.137815023977,3.5192062657597,4.15258409381371,0.21320043296857,0.579526958931565,6.38210842523171,3.72377377756036,1.22094167088036,2.22604600480004,41.3797550936991,28,14,17.7471200364215,1.17866927685328,15.3917031912699,0.939857193394089,21.6578005440048,87.9994826436647,7,-0.376879855550217,0.410165068350791,25,9.96449447440834,48.2758620689655,1.37462045625806,5.634512015109101
30.7297110743541,115.383255058278,31,2.09964145368162,29.8865067090001,9,0.363053586660236,11.3078691581436,13,84.73,0.361985141263343,5.80532074146577,2.13628439574805,2.13628439574805,84.73,5.814826737443,6.04925023429303,35.6719857877494,23.03249408,3.09612953335169,1.96921978562015,8.50258822359166,36.2762210093564,1.55696247010855,-0.0228413608105929,4.19680186351573,9,24.7997013784712,3.477976354131,4.15293818944346,0.159713366299695,0.586961458189117,6.32925033821234,3.71255120125298,1.2181864050697,2.22318820334964,31.3910777082407,32,11,14.4563282232166,1.38781923929688,14.3590125686837,0.998411368726453,21.5851661615142,85.9185961565042,5,-0.108990228086657,0.425359984504269,25,6.05451553913066,49.1228070175439,1.36555142301639,4.522878745280337
33.7572566556849,115.383255058278,32,2.09963830267315,35.3387240997859,9,0.460210790544213,11.5072881870278,13,84.73,0.457988222165116,5.80520061993716,2.18747228696499,2.18747228696499,84.73,5.81470678117088,8.84901700600648,39.9410141605182,23.0955828,3.14299016728367,1.96924880068132,7.80135293750855,38.6137705418998,1.86106589090478,-0.0228413608105929,4.19679339203842,9,15.979599105044,3.48613230093219,4.15291842123682,0.268470528987461,0.824673029975919,6.49417609521297,3.71462947815641,1.15877804075697,2.16577716375628,36.418148763379,31,10,17.2921011561346,1.29992402983406,16.10266407367,0.984451469719442,21.5794548981469,85.9048866518045,6,-0.320649901011329,0.326242855415672,25,4.80025135463632,49.1228070175439,1.36552412137705,4.672028376376989
17.1073042839757,110.910406475419,18,2.08635950387746,16.915393007153,7,0.095276482753478,4.32809757838478,9,85.31,0.118007011238109,5.79884938551017,1.54687440356713,1.54687440356713,85.31,5.8121775097366,2.16831378707832,20.6346846679517,18.80459976,2.48265209085269,1.95456125147942,4.16071149353949,21.0445826639632,0.670808226395359,0.021138522219689,4.18456767792944,10,0.588299865331115,3.30827630775328,4.13537406950618,0.0364606052749279,0.238332163160042,3.67142699205507,3.1137891597086,0.679372395777045,1.66259136666026,18.2283464971521,19,8,8.80372164679005,1.27401611191412,11.683111560751,0.99107523663747,21.496832484863,59.3739785756004,0,-0.110254770909551,0.426060109680707,18,0.177433684393566,47.5,1.32412822232558,6.070581074285707
17.0604348137645,110.910406475419,18,2.08646359850713,17.2891347320739,7,0.0973330979808659,8.69496014814417,9,85.31,0.116429286193231,5.80041278783193,1.64066676710757,1.64066676710757,85.31,5.81373161063582,2.3005589188337,21.0868522344094,18.80459976,2.59028731357905,1.95261233321547,4.33209873170574,21.0118152603815,0.670478590736808,0.0195365503887606,4.18472902531285,10,9.0473085894016,3.31456479369265,4.13567972215277,0.0390667834016745,0.233284027903281,4.43901142022849,3.2102293894004,0.679555464206985,1.66275134373897,18.249133037548,19,8,9.52831979825415,1.32219752566227,11.845219063002,0.999794411480383,21.5767848590591,62.8467730701237,0,-0.0291159069579695,0.44620390649393,18,1.24586884045617,47.5,1.36720051041861,5.139063379299906
17.0381499057187,110.910406475419,18,2.08645048357548,17.6237355769322,7,0.102234324113711,9.26518578522327,9,85.31,0.11715081974346,5.79999717021308,1.76974365320093,1.76974365320093,85.31,5.81334172719985,2.29670448173302,21.4501850711874,18.80459976,2.7168928583341,1.95275635981431,4.42620459952364,20.9867591094951,0.695649360055718,0.0195365503887606,4.18471358647395,10,11.0852634761887,3.31422971602805,4.13564826919976,0.0365053620366297,0.237844444126045,4.96257486685741,3.23205080756888,0.679403724797583,1.66261638077691,18.305509186485,19,8,10.0479959333218,2.04131424140399,11.6165523482559,1.04458624162795,21.5490372610251,63.0477030092522,0,-0.0388760472300182,0.443490524840579,18,0.354795024465497,47.5,1.36716318046512,6.337242168318426
18.5924615047917,110.910406475419,18,2.08559786896648,18.3887769777102,7,0.111661288693662,4.89667602464483,9,85.31,0.133448212925967,5.80094535626413,1.54750416536519,1.54750416536519,85.31,5.81507790454784,3.8164349346498,22.3114251139585,18.80459976,2.48346401710019,1.95313303175846,5.12700102901298,22.7435141538687,0.599931794382521,0.0347038991232358,4.18454556882735,10,12.3099695256277,3.30785458259484,4.13555446698148,0.0415195670277218,0.202039497590274,3.67548185366589,3.16790312261377,0.679494040539303,1.66271842744642,18.1424237681099,19,8,9.92331176894221,1.48746316408746,15.679526942959,0.959704088833092,21.6114852293511,62.9602752143753,0,0.141504488214425,0.438429848544728,18,0.753139288087448,47.5,1.37863427293023,6.1938200260161125
19.8640555988824,110.910406475419,18,2.08575397895544,19.5963509428749,7,0.110537785829658,5.32185115388786,9,85.31,0.135964704475852,5.80012048712802,1.54755973755737,1.54755973755737,85.31,5.81397275687355,3.55257540634476,23.4299633502447,18.85536666,2.48371059005063,1.9533210222535,5.178418320964,23.8931195782344,0.663469189668382,0.0347038991232357,4.18454917910097,10,0.91342174615091,3.3070017141661,4.13552282969214,0.0449058213976635,0.238591580789496,3.67563296206769,3.17913040994756,0.679478076438323,1.66269306591745,18.5923084219065,19,8,10.6811479884157,1.43096221121181,15.1188869892034,1.0103428507352,21.5624367040242,62.9977565977894,0,0.0731349047157129,0.433980134439075,18,0.222054567422106,47.5,1.37836856651163,5.91721462968355
18.7900840577715,110.910406475419,18,2.08571046051047,18.5557573326857,7,0.111410663493432,5.70266731870807,9,85.31,0.140636098846043,5.80012553850698,1.76974365320093,1.76974365320093,85.31,5.81391888953644,3.15612269224074,22.5773750859389,18.80459976,2.70683956370263,1.95326945584079,4.14166144618413,23.0183507889717,0.672462382203232,0.0347038991232357,4.18454836773497,10,0.0090359589160521,3.30742249384492,4.1355286662617,0.0374603968370327,0.238208008864021,4.96257486685741,3.23205080756888,0.679397952443448,1.66261419976871,18.4225837788897,19,8,10.406244834094,1.64575838683036,15.1391635254183,1.03045619812196,21.5490372610251,63.0477030092522,0,0.0128951567135156,0.427793132776952,18,0.0090359545902584,47.5,1.37794284093023,5.531652669587842
30.3290050523167,104.383367170671,34,2.100315590279,29.3795485653636,10,0.238504374057226,7.10369005342845,13,75.5,0.278919414550879,5.80634791845735,1.9359537171361,1.9359537171361,75.5,5.81601962252365,7.69680587263125,34.6710392451327,23.0721321,2.91853675964846,1.9757816411481,9.61005386484823,35.9428057914246,1.15849118290789,0.006841912394991,4.1974808945453,9,25.7569603781625,3.46911256704424,4.15365219207748,0.111931585567879,0.436825661245507,5.65005878132736,3.54745723150765,1.05945723085516,2.06532991787085,31.6051302759722,32,10,14.3853062057529,0.656540360899033,18.9728922134898,0.960667030644957,21.633112218833,81.4906743533428,8,-0.300281644514892,0.37074895753913,25,11.6251071534599,49.1525423728814,1.29939644095238,4.522878745280337
34.2084990061107,104.383367170671,33,2.1001994768437,33.3065542851964,11,0.310284342318601,7.36979097636664,13,75.5,0.358463359725085,5.80583261413754,1.87938524157182,1.87938524157182,75.5,5.8154959316774,6.67547650283844,38.3231481035879,23.03249408,2.87938524157182,1.97510005017323,9.27800727333373,39.5124391825243,1.61620628320003,0.006841912394991,4.19741013761471,9,11.1796412883044,3.471445737029,4.15355302924226,0.154159181746656,0.58131182733428,5.62731081166063,3.59210407561025,1.09221311702179,2.09853442560278,35.7289595628366,30,10,15.4338295807095,0.842911455685103,17.0138391058831,0.824040651805626,21.6049290489769,81.5522342691913,7,-0.305490388312437,0.370054939968956,25,5.69399846641543,49.1525423728814,1.29933001276191,4.522878745280337
33.9868223676611,126.383142945884,32,2.09968011700452,33.3083755131298,9,0.465661658823764,7.81912139290617,13,93.96,0.549943903086873,5.80581789094036,1.88811566597022,1.88811566597022,93.96,5.81532815018943,11.4732917872972,38.7958620547569,23.08326098,2.86196144993535,1.96901477131597,11.2876641803363,39.7774046765621,1.91376848437285,-0.0521411577322847,4.19701884394372,9,18.2230596662814,3.47060623088459,4.15324498253418,0.286894357447442,1.12559421388073,5.69077803822141,3.6531556076176,1.1697190465247,2.1758959454489,35.8348871769329,34,11,15.9784674803276,0.873019365983657,22.1930001570243,1.01176184712205,21.6286530447811,83.9347931090544,4,-0.109776886451566,0.321950006930853,25,8.28726963739822,47.5409836065574,1.32723330467692,5.023650020996727
28.8588145184585,122.394117853702,28,2.09889675568643,28.0203003380735,12,0.271863844806638,8.15890005839556,15,87.53,0.300888587054213,5.80369841092013,1.89960488155872,1.89960488155872,87.53,5.81323949554472,6.74056677885334,34.8591207309676,23.79758676,2.85284156975377,1.96604169535084,9.27078208213911,36.0665357551637,1.23489603015389,0.0136468844989613,4.19621195675087,11,26.0679169014107,3.49423122128798,4.15195394985239,0.110263442322131,0.431298101311652,5.50586654999091,3.5334303616533,1.13720557174752,2.16063905761529,28.5392184346257,27,13,14.7428836492081,0.892082094509395,16.101555733373,0.898188609563822,21.5545932551336,80.649344942122,5,-0.417465158248296,0.393347997148501,25,8.40397562174838,49.0909090909091,1.33552902691525,5.133122185662502
39.8966232875393,122.394117853702,28,2.09881867871683,38.9955929726704,12,0.453471359683529,8.28238899117894,15,87.53,0.488713525922407,5.80420664560669,1.89966166143969,1.89966166143969,87.53,5.81390911129692,9.58641165858474,42.9270634752315,23.79758676,2.85440585292587,1.96599214427825,9.41510269247601,44.0616275613313,1.62853416831591,0.0168885689146145,4.19620298723005,11,48.1724664059368,3.49420052434925,4.15201551545649,0.294712204858658,0.909651276584125,5.66350972088193,3.54350247407879,1.22012504330767,2.2258853474352,39.5466742756206,27,13,16.94050533495,1.10983334628284,16.6550918109198,0.911273557752398,21.6291327134221,82.7453514460703,4,-0.587176129683205,0.316736212150159,25,12.5956563986048,49.0909090909091,1.35560811844068,4.799149501908922
41.8768420123953,122.394117853702,28,2.09885133000887,40.9278056762081,12,0.474786459568521,8.22098795341832,15,87.53,0.512926621110397,5.8040260191448,1.9492328217144,1.9492328217144,87.53,5.81368944132382,9.60917887803535,44.6704170150161,23.78645788,2.90915853180656,1.96600624597587,10.0668732501948,45.8462261240354,1.62746082954187,0.0168885689146145,4.19620480452341,11,38.0406972742252,3.49389045438289,4.1520033151725,0.31178613917648,0.908941863144293,5.80968920509455,3.61016412287316,1.19741583344367,2.2260366479828,39.8229103888932,27,13,17.727391487512,1.02923221441146,16.5774270058419,0.911273557752398,21.5957435970977,82.7382372372648,4,-0.564836414060562,0.309719712156521,25,10.0212169951386,49.0909090909091,1.35546666250847,5.350665141287858
39.5805945394992,122.394117853702,28,2.0990711683359,40.0398636177422,12,0.347106032949394,12.5669720911672,15,87.53,0.354647456042637,5.80401051777653,2.03185888698861,2.03185888698861,87.53,5.81352319516937,7.66760133792055,44.8831264081902,23.78609802,3.00645887209071,1.96624569182343,9.95107666333367,44.3010090633254,1.50442651498613,0.0080467915804452,4.19673457395776,11,40.8429293521343,3.51944619700617,4.15251528265014,0.19809549686475,0.581361043958781,5.90349006326854,3.70961328330406,1.21789411413621,2.22314854786982,41.2207457253654,28,14,17.3124510696617,1.17772516516676,14.092371821533,0.927720450486521,21.5965900949885,85.9901110523825,7,-0.487562205522825,0.412775521620165,25,9.68504048296848,48.2758620689655,1.35593529174194,5.367542707815276
41.3283882391235,122.394117853702,29,2.09906885319117,42.8779365826156,13,0.356972821040101,12.9749882613834,15,87.53,0.353989498418714,5.80395816976154,2.03189891302727,2.03189891302727,87.53,5.81346864623789,7.30578381483983,46.8302154695584,23.79758676,3.00725605282004,1.96623920016994,9.61742061080721,45.4784948799645,1.39676707802052,0.0080467915804452,4.19671771802442,11,64.6276137069745,3.53124549293129,4.15249387164481,0.22456639232119,0.687004465872646,5.88582086960403,3.71685153276815,1.21883183609373,2.2240811125836,43.6437671649797,27,13,18.5461533409995,1.11145639460061,13.9315079816038,0.940526790281437,21.5904308222755,86.0278488115875,7,-0.29013862024507,0.361850636686164,25,10.884142085964,48.2758620689655,1.35596837077419,5.521433504406157
42.1123568895961,122.394117853702,28,2.09921921010724,43.6410507070662,12,0.425081274420653,14.184926351288,15,87.53,0.371371277030618,5.80495824577415,2.34470524810927,2.34470524810927,87.53,5.81453848678124,9.42728847584167,48.413879824505,23.78609802,3.29824033414318,1.96649315866522,11.1184957572905,46.7520709654115,1.81236077282482,0.0060934829637731,4.19733999841026,11,51.0873383049253,3.52430784079861,4.15326680946537,0.240675290839326,0.641416194990607,7.12159812368595,3.85788046107705,1.38674303648955,2.45732732694227,44.2721618722799,29,15,18.146432089348,1.32297918355856,15.1878355314424,0.896215210496437,21.6704646589779,93.1673654642452,7,-0.3758183996609,0.409720580073152,25,9.67130479463542,47.5409836065574,1.39226405212308,5.681936665037238
23.4860250150737,128.921157158449,15,2.08507729453642,23.9605387320833,10,0.153076732167894,6.02008043342512,11,97.34,0.156614694354008,5.79815781442036,1.66975062184071,1.66975062184071,97.34,5.8114993688159,3.77245428425445,27.3086558449001,19.56969244,2.64052094587666,1.94685868499717,6.17074111181713,27.0936616632676,0.809361730602363,0.0272784563098038,4.18432066557131,12,3.82351187580969,3.3575084780042,4.13485622341576,0.0958129327664825,0.324770186851983,4.71661643116515,3.31230334503133,0.679751801826549,1.66292802648114,23.6745732357189,16,11,12.4488059005506,1.18630528517064,13.3824364705024,0.929592261524822,21.5393212263845,64.2337073862353,0,-0.30963856720985,0.409954529565508,18,0.418590347379662,45.2380952380952,1.37628209208889,5.36251027048749
25.6118505152341,128.921157158449,15,2.08504544582534,24.5691949265137,10,0.167489148496169,4.57001312572064,11,97.34,0.202191500051465,5.79788414442003,1.66786657637627,1.66786657637627,97.34,5.81125322650018,2.7822145556469,27.6210622683384,19.56969244,2.63313922626519,1.94705297065154,6.59843221270595,28.8447181667436,0.789989791988373,0.0287791005682758,4.18426002540256,12,4.46854579632798,3.35592306185825,4.13475133881326,0.100026099334348,0.324775268789374,4.67894940078546,3.28400771706113,0.679739285094788,1.66292203595855,23.8022562030946,16,11,12.7868208601978,1.13154154594564,11.4661292884871,0.913091194188499,21.4918510414118,62.327015454049,0,-0.222504255858329,0.403355306656218,18,1.04583600759581,45.2380952380952,1.35643902764445,5.333482019445119
24.3516684366321,128.921157158449,15,2.08546367246724,25.3237376612035,10,0.156005991815805,9.01646573589461,11,97.34,0.161579701926792,5.79818140805661,1.72286732826895,1.72286732826895,97.34,5.81145934094929,3.63437953047078,29.0971914311877,19.56969244,2.67529287877353,1.94770003496925,6.51105518609581,28.1257865316145,0.935602127049759,0.0114933768154232,4.18474817547341,12,20.8624846708156,3.37652497919771,4.1353093702134,0.0938043117897388,0.299991808071076,4.98795979456423,3.42577743658419,0.952073082954551,1.95470706056029,26.0060790217953,17,12,12.60297112032,1.49242022103071,12.573861634231,0.945665970516602,21.5402168368059,67.4855857188289,0,-0.265201157444244,0.479556959716882,18,2.96956027924565,44.4444444444444,1.3807479155,5.281498311132726
25.7228243602806,128.921157158449,16,2.08545128357926,27.5124249723609,11,0.164825579168633,9.98682663570059,11,97.34,0.162365785581055,5.79812979987239,1.72624014124508,1.72624014124508,97.34,5.81140586599502,3.80455503944183,30.5296368869007,19.56969244,2.67549888934611,1.9476776718285,6.17628959176484,28.9870902000429,0.843465226296638,0.0114933768154232,4.1847310055167,12,69.9226633610125,3.37795497299685,4.13528572637701,0.114102344599324,0.401684341476673,5.00263116471281,3.42641196883918,0.952075687917982,1.95470970080358,27.9095615739152,16,11,14.0009360203563,1.36821899836843,12.4186713775078,0.962736291421908,21.5336992058961,67.523319094998,0,-0.0695815643985595,0.387985919165769,18,6.47925165761426,44.4444444444444,1.38076874883333,5.958607314841775
25.8398229568104,128.921157158449,15,2.08584475145002,27.2513996596697,10,0.179535955013454,11.3317725842374,11,97.34,0.157027746496187,5.79909871583178,2.0,2.0,97.34,5.81247834220892,4.89968226444568,31.3755164773039,19.56969244,2.96150972475825,1.94871518942587,7.67580123275432,29.7644218876704,0.976681431351131,0.0063455181795398,4.18530770578131,12,37.44829637876,3.47012131667029,4.13605424467827,0.117034467466861,0.349084614363718,5.70175287829319,3.6747072032858,1.15686642025533,2.21077153535078,27.7323847295995,18,13,13.3062032158341,1.64072224555709,13.6717351356413,0.900847850340225,21.618212648691,74.6628401494383,0,-0.13097580158602,0.507673009236081,18,4.28158547567417,43.75,1.42555277733333,5.042871802323187
25.9147082477414,128.921157158449,15,2.08526639805938,26.7277615170787,10,0.171670918449325,13.0196010141273,11,97.34,0.180034600932836,5.79866868432545,1.88421308352703,1.88421308352703,97.34,5.81211967277179,4.57338784193194,30.4227776423942,19.56969244,2.81751766350705,1.94747499108663,6.95373342572201,29.5992400472743,0.936012541060902,0.0194292983732418,4.18473870136315,12,64.8338079322987,3.37652497776764,4.13538020541474,0.110033584332844,0.301705785245481,5.48143772846791,3.50458778792621,0.952077511462652,1.95471200210744,26.1754888734622,17,12,13.0737568927202,1.48568544787985,13.8875328925,0.961967500326871,21.6048646614303,69.4949509099288,0,-0.163099169221931,0.474481400483876,18,2.96782924597386,44.4444444444444,1.40486784466667,4.9503943874050265
25.9642896638659,128.921157158449,16,2.0854202267248,25.3411980498604,11,0.147521034934975,4.70038542153165,11,97.34,0.166978994395512,5.79785955265434,1.66786657637626,1.66786657637626,97.34,5.81113688629105,3.19423734429536,28.3819361239065,19.56969244,2.64182490555262,1.94815826769185,6.21633363799412,29.2007062475944,0.823801995925968,0.0138551533179774,4.18461570523445,12,7.78640467379138,3.36721535032978,4.13510020430028,0.0958876372497963,0.407226151280787,4.67894940078547,3.28400771706113,0.679754665421681,1.66293063440706,27.731957641578,16,11,12.440893023531,1.06249047937363,13.1936861317013,0.903122512227592,21.4918510414118,62.327015454049,0,-0.127646798870688,0.396139566551053,18,2.80361466072107,44.4444444444444,1.32107433841667,5.568636235841013
27.2039603044723,139.921045046056,15,2.08524944045023,26.9560740939179,10,0.154518345782135,4.80821127789211,11,106.57,0.187413566126299,5.79786863424449,1.6762099698216,1.6762099698216,106.57,5.81112158012367,3.07366880190235,29.9109600774334,19.56969244,2.64510929684034,1.94700907843017,6.91181186720396,30.3740061385809,1.03942882958673,-0.0313925562918879,4.18449774308736,12,13.9786341547655,3.36751996111355,4.1350185992864,0.0774674265065246,0.331958614819387,4.72564647679473,3.31248463773922,0.679787169324939,1.66296015011238,29.3253511812166,17,12,13.2962626481535,1.05501087749472,16.1185750546201,0.884391622504853,21.4944961191198,63.386090611457,0,-0.0983277750738279,0.3747364358644,18,5.70224425188758,43.4782608695652,1.33914806620408,5.522878745280337
38.3980099757011,139.179647401832,24,2.09228447187331,38.4284212377476,15,0.430737136133314,14.4629404136583,14,100.42,0.432441560499558,5.81053820021251,1.9886459186502,1.9886459186502,100.42,5.8247431661214,7.8988858684255,42.1236387681967,25.1449628,2.93584730754335,1.94979386570679,9.94836439968026,42.2098159250438,1.64801038585883,-0.0119780305598032,4.19071334757232,13,42.0278303531995,3.48668303786693,4.14243457004813,0.274005127498952,0.80268034552781,5.74560199741264,3.5610864434089,1.21578267960654,2.2213486404445,39.580675791489,24,17,17.2883723027542,1.16782908523052,12.3281048808347,0.9130501655686,21.5987590589005,82.8627564316235,5,-0.303464336318648,0.336861267189448,24,9.41135315183208,48.1481481481481,1.35817384655172,5.701146923590294
38.2474011432428,139.179647401832,24,2.09242824118356,39.6455801566194,15,0.446240783121247,15.4812502021436,14,100.42,0.4265662776581,5.814397461068,2.16043821835585,2.16043821835585,100.42,5.82855423101921,7.89398774143099,43.4100364550994,25.13963216,3.10995190444752,1.94919752938169,10.24019936405,42.0689129924345,1.67592023695014,-0.0123890771746096,4.19097079948892,13,46.157601867291,3.4881133789886,4.14287960214159,0.291578385591064,0.79766481178366,6.08413503579686,3.6681619489225,1.32656890354593,2.35891800252362,39.6697284138599,24,17,17.9430356867673,2.47181689095547,12.276899748742,0.954989660703312,21.6460227584017,86.536401471112,4,-0.209220156117292,0.329128142648077,24,8.25204327174245,48.1481481481481,1.3900428362069,5.235077015350112
40.3195355953637,139.179647401832,24,2.09103003531457,40.264373049084,15,0.407563643837066,15.6477569224147,14,100.42,0.409254863250131,5.81701976593981,2.15461556103823,2.15461556103823,100.42,5.83163528352519,8.195206886172,44.3462486567572,25.1487036,3.09752440700694,1.94931657791967,10.4669986354368,44.5218585223447,1.57880136936584,-0.0020538505047235,4.19067210101692,13,31.503514427418,3.48657729643432,4.14273956970928,0.214305243572816,0.633928794340605,6.09102740156653,3.64725130512939,1.29152335610816,2.35782164547267,39.7182086717263,24,17,17.6677899104503,1.77321214498157,16.6226865375835,0.913295283011192,21.7028660260473,86.4478483638044,4,-0.14346188245298,0.376604369009927,24,7.16900941015658,48.1481481481481,1.39852843082759,6.769551078621726
42.4576033034627,139.179647401832,24,2.0913009199319,42.2975397298917,15,0.469742051578318,15.1259133151332,14,100.42,0.473079393254625,5.8140785599503,2.17305375675117,2.17305375675117,100.42,5.8286176526699,7.9064308139731,46.0224468372848,25.13963216,3.11982549364105,1.94937391757657,10.968875561967,46.2885782584191,1.625110354853,-0.0020538505047235,4.19068108532467,13,50.9681123728607,3.48644506178551,4.14267384168471,0.32359867968602,0.802793025681708,6.13142869807592,3.73896546140249,1.2629734919958,2.31352930722683,39.9928433104993,24,17,18.4796435917384,1.34120758519552,15.7629063339911,0.933579621430201,21.6581910892437,86.4847772948222,5,-0.250833951329049,0.332568987061221,24,7.62234376230345,48.1481481481481,1.39833504310345,5.723538195826756
41.2611174771627,139.179647401832,24,2.09122472469306,41.1626371647203,15,0.465039525396607,14.6037717937191,14,100.42,0.475790271715102,5.8142116842936,2.16043821835584,2.16043821835584,100.42,5.82866881412825,7.89513125748119,45.0678398587042,25.1449628,3.10551565239557,1.94935822931595,9.91929115176267,45.2847954020302,1.61941666871732,-0.0020538505047235,4.19067913393615,13,49.3155647248217,3.48649533757078,4.14268620301659,0.313863007102775,0.789138567705945,6.08413503579688,3.6681619489225,1.32624678457606,2.35882387544311,39.8010769860575,24,17,18.0773659231443,1.80591969648831,15.9092023002924,0.948472820816388,21.6460227584016,86.536401471112,4,-0.140823184911761,0.334364635515932,24,9.00758972062197,48.1481481481481,1.39807465344828,7.221848749616356
40.3636843652899,139.179647401832,24,2.0917472751288,41.2147647518387,15,0.463183802023814,15.7044217151827,14,100.42,0.461653636519779,5.81411776109006,2.17305375675117,2.17305375675117,100.42,5.82835359939541,8.07275293922776,44.9137298060441,25.13963216,3.12084322927971,1.94929669044541,9.83016073140164,44.1733665071777,1.63968205713001,-0.0073093252653795,4.1908070267165,13,45.3014530748954,3.48774070155185,4.1427599839816,0.318977940846182,0.802694430483448,6.13142869807592,3.7389654614025,1.27904688218053,2.31925214376892,39.8786910279175,24,17,18.3857292188246,1.36823580297148,14.086982648037,0.943976613440948,21.6581910892437,86.4847772948222,5,-0.193146686337114,0.330073535991793,24,6.81726159145464,48.1481481481481,1.39407012413793,5.809668301829708
41.1682934382813,139.179647401832,24,2.09126142626994,41.9689338877951,15,0.470917279613493,15.6476033496091,14,100.42,0.474877116572629,5.81835664069892,2.1736480721593,2.1736480721593,100.42,5.8328910036398,8.06858664873459,45.8706351606627,25.1449628,3.12176127035949,1.94914322921348,9.80379359057374,45.197161070041,1.62718631458033,-0.002392001402185,4.19078900574654,13,49.7232056373657,3.48764088604248,4.14289990447593,0.317463820777128,0.788625348025021,6.1358555439154,3.74776660314302,1.32940421236564,2.36141813372449,39.8882373699682,24,17,18.4156979747076,1.8250306205496,15.8643100897075,0.967029245660245,21.7217982610035,88.5497763181478,4,-0.138706509425431,0.327779010865706,24,7.61221085377276,48.1481481481481,1.41410178103448,6.4089353929735005
43.7709353534862,139.179647401832,24,2.09224919650276,43.4347554006367,15,0.467290016522719,15.6802102880364,14,100.42,0.471078155029717,5.8140682932687,2.17305375675118,2.17305375675118,100.42,5.82845156735274,8.01550191781334,47.1786203864196,25.13963216,3.12187063469959,1.95102510040898,9.78717363035874,47.6212894572185,1.62217875741512,-0.008595569509907,4.19128251687362,13,41.082518533671,3.49734294220139,4.14329754827986,0.313848489913212,0.814721811424632,6.13142869807592,3.7389654614025,1.29630390628339,2.33489350273612,44.4879298387133,25,18,18.4189349880674,1.22463814053861,15.046203409027,0.932995615007736,21.6581910892437,86.4847772948222,5,-0.189477164474982,0.31816145942255,24,6.675666561362,47.3684210526316,1.36888988688525,5.703334809738469
19.642297293838,110.910406475419,19,2.08706497115682,21.4691123016691,8,0.140318308182666,20.9125959745017,9,85.31,0.132047501733043,5.80107215981107,1.78086163894543,1.78086163894543,85.31,5.81451198472529,3.66215773785098,25.0816674799927,18.85536666,2.72630513610681,1.95570192401415,4.91726742772916,23.46333129371,0.823063158041511,0.0144164403809051,4.18522338056744,10,9.89243232112829,3.36977057681199,4.13633936804563,0.05102315503106,0.2801483419521,5.32265932206994,3.50316669852293,0.952000077771527,1.95464294618545,21.8097321816095,19,8,11.8862265686598,1.56613905419677,11.781518841763,1.01771144612605,21.6271399217589,68.1558502753063,0,0.0623284058690843,0.408083332484761,18,1.04756156768843,46.5116279069767,1.39760957521739,5.671620396561262
20.714432764522,121.910294363026,20,2.08728002724137,20.557646303325,7,0.136224999016972,5.46813310124073,9,94.54,0.185436232276557,5.80084250186091,1.54768564020672,1.54768564020672,94.54,5.81436220766032,4.01335752616421,24.5835298669262,18.80459976,2.48407343335595,1.95854608306227,6.46660617575614,24.9920515340244,1.19612653201849,-0.0284070575609643,4.18533252963541,10,5.15310230868936,3.34873964651159,4.13646212539095,0.0549838805103333,0.247295263316661,3.69909248904206,3.17342839378335,0.679685617876261,1.66286783861832,22.5332218789918,22,9,10.6877650182211,1.22746902225073,19.8168528620611,0.868181739533193,21.6178901302511,64.156359737617,0,0.348846769312895,0.463629742644392,18,1.5776635080886,44.6808510638298,1.32555382072,4.997402019280091
16.674787399038,121.910294363026,18,2.08647931227245,16.39949194522,7,0.104736369139776,8.61831628072708,9,94.54,0.123488085176727,5.79953773759906,1.77288780812167,1.77288780812167,94.54,5.8128707774013,2.28901553111768,21.4824348266677,18.85536666,2.71921479376077,1.95368833295341,5.85097858823775,21.5528596201137,0.63281074226587,-0.028439632499086,4.18487122683784,10,0.112870743835607,3.39185324324287,4.13585844961748,0.0330482367582119,0.197108524690095,5.30460686295962,3.50661225500892,0.951811797206237,1.95448123067908,17.438274237905,21,9,8.60987025808542,1.86090089198465,14.7594093181287,1.0485035004094,21.5281263799833,67.414064898543,0,0.187596265251462,0.462907689375025,18,0.112542511122947,45.4545454545455,1.39369144170213,4.861697301833718
20.5308243998018,110.910406475419,19,2.08651415006922,21.9029676902711,8,0.140738110386806,14.5636596524258,9,85.31,0.132084127028889,5.80115758692167,1.78086163894543,1.78086163894543,85.31,5.8149727873644,4.5528987366524,25.6332729072496,18.80459976,2.72383590156458,1.95613130864677,6.04583900616821,24.528878874683,0.823206677848149,0.0201335545884806,4.18512098188656,10,4.99945829859147,3.36976164694814,4.1362626577366,0.0536430145588603,0.280569915423611,5.32265932206994,3.50316669852293,0.951983462633487,1.9546382774353,21.8620953590948,19,8,11.8996008937655,1.53919767290834,13.76697123008,0.999601695122575,21.6271399217589,68.1558502753063,0,0.155170086347096,0.403382316980284,18,0.501207888898262,46.5116279069767,1.40274628391304,5.85078088734462
19.729264756532,110.910406475419,20,2.08769753705472,19.4090400535139,9,0.146739148570582,5.02867712117005,9,85.31,0.186150589806214,5.80008460268884,1.76974365320093,1.76974365320093,85.31,5.81367748267197,3.69023070190557,23.6169390733847,18.80459976,2.71847999077671,1.96712333764406,5.75348186275282,24.1757429306927,1.08302952224482,0.0136354739696728,4.18545819255353,10,0.0262315164300844,3.34960488393402,4.13650716628115,0.0508823937776017,0.324300205463735,4.9625748668574,3.23205080756888,0.679406836357181,1.66261902242316,21.2629886141059,19,8,10.1863299870905,1.1546412604039,15.5123862223998,0.812856662558149,21.5490372610251,63.0477030092522,0,-0.0284276820494062,0.423841342797024,18,0.0112492845935606,45.6521739130435,1.30739779102041,6.086186147616283
19.381628282488,121.910294363026,19,2.08647003622582,20.6015976710826,7,0.137575057854303,8.6756073813197,9,94.54,0.150413589087756,5.79941906545178,1.78124790400174,1.78124790400174,94.54,5.81275485861368,4.25160393497714,25.3171030186655,18.80459976,2.72709254975266,1.95374761932064,4.46060504043739,24.0562137706274,0.76273693448908,-0.028439632499086,4.1848626847420896,10,5.24890130565372,3.38692505249059,4.13583631242506,0.0494984665595023,0.232599110799634,5.32515917813156,3.55153867566366,0.952006101032661,1.95464755169249,21.1833374218637,20,8,11.1049486738757,1.7987209216074,11.8944846393144,1.02785624238551,21.522078861628,67.4003560668549,0,0.297956126641379,0.496099744693647,18,1.76208981831177,45.4545454545455,1.39377283319149,6.366531544420414
22.5033102455493,132.910182250632,19,2.08656870304183,22.437244181478,7,0.0955981946066523,5.16891597645828,9,103.77,0.133645453778092,5.80003477957619,1.61089146183021,1.61089146183021,103.77,5.81340066185761,2.94985892090873,26.4626730531656,18.80459976,2.52182085523948,1.9532044503847,7.37501174052927,26.8865457327059,0.74635681932604,-0.0705886139165121,4.1850609510426,10,7.42947965563213,3.36014782207941,4.13615278760333,0.0368207823833479,0.222028351730136,4.16905551075453,3.1816512393773,0.679657314340932,1.66284270255545,24.3249213368475,23,9,11.5832192714441,0.892755280978061,19.5420212462047,1.06623966329737,21.5741080323658,65.4302615278424,0,0.176934945516726,0.400183630866935,18,3.70654259636627,43.75,1.34270096784314,5.4156687756324695
38.0816060386029,121.168896718802,28,2.09305075387095,39.3077628732416,13,0.413293322336224,19.0417327317278,12,88.39,0.392123364876943,5.81869740763526,2.28373098819587,2.28373098819587,88.39,5.83348653180416,8.01981984482482,44.0603236070891,24.37453948,3.21957201853388,1.9556316194094,9.73251571595473,42.7820803241985,1.62150810088981,-0.0086976315663807,4.19175363626998,11,133.891858101153,3.48697247257374,4.14436380600908,0.213246160808664,0.66976602625551,6.90142878594206,3.85226519539599,1.2167131018575,2.31835415462954,37.1228980130525,27,14,17.5768240816539,1.43055490657142,17.0228911877327,0.987835971847739,21.733915658067,90.2892017166325,3,0.16577846754896,0.407955029510547,24,11.4221313474175,49.0909090909091,1.41842932928814,5.966576244513051
35.5458977497044,132.168784606408,27,2.09301384624112,36.1242721533077,12,0.365822024054871,12.9727670712881,12,97.62,0.385573961463626,5.81422550446923,2.28778436108732,2.28778436108732,97.62,5.82884265196669,8.85511757382679,40.9149756539452,24.37987012,3.24150689093684,1.95505502251672,8.83442083808097,40.2717490520136,1.39910431997376,-0.0400205241748473,4.1913238250467,11,97.0472813055198,3.48361542756223,4.14373203889904,0.160441437304745,0.597745980582867,6.90862034714165,3.85778069144442,1.27909362662141,2.31885718141075,35.2828373131416,29,15,16.5489179547563,1.72738505247849,16.1845204942628,1.01826803457071,21.6453875509284,89.5423723786796,2,0.236988200158726,0.44117735934062,24,10.9940380879214,48.2142857142857,1.41108925526667,5.823908740944319
41.9977629994332,139.179647401832,24,2.09161171450811,41.2011929823448,15,0.415021007931652,14.5945777716149,14,100.42,0.417041531449423,5.81168987697103,2.16415475484113,2.16415475484113,100.42,5.8262001950927,7.35198827037743,44.870736420969,25.1449628,3.09835628027806,1.94962606390938,9.83206237042497,45.7696469844984,1.59998700224429,-0.0036709537383116,4.19067210392934,13,42.8065291664974,3.48629661293089,4.14250881671505,0.240635370393068,0.714135501585056,5.99006889872868,3.64829998416218,1.23911367360882,2.28226353042467,39.9869366041668,24,17,18.2454847656791,1.26620300823395,12.2576119883096,0.89994074122947,21.6133753153235,84.5978235080264,3,-0.240648250305403,0.368534303942945,24,7.53637967604641,48.1481481481481,1.37872711896552,5.425968732272281
41.7605971295617,139.179647401832,25,2.09324728909685,44.0666212569452,16,0.493363805386412,17.3989488516872,14,100.42,0.420994183599245,5.81372127447898,2.18293741991066,2.18293741991066,100.42,5.82794450457889,8.15177738351886,47.7750039383234,25.1449628,3.13094358335978,1.95084327760725,10.4343818635902,45.5841820463237,1.96369805630671,-0.0134200586594899,4.19157943667402,13,50.1991186922588,3.50285531649083,4.14359083042212,0.302665969852909,0.800787626285805,6.15499240648988,3.77034746198362,1.32551499282953,2.35792165641575,44.2701113442958,24,17,19.0822755254156,1.55071066934387,13.3511333328212,0.927636622536611,21.6583266574284,90.0373894654077,5,-0.110290996226256,0.325743758489696,24,8.74040261791316,47.3684210526316,1.39675928852459,6.356547323513813
21.7636131766772,143.910070138238,20,2.08668915621692,21.7044870678005,7,0.229402076504107,6.17592571523089,9,113.0,0.275898773640214,5.80142461922543,1.78567789193783,1.78567789193783,113.0,5.81474632169287,4.34907803619546,26.4055271515048,18.80459976,2.73175884552771,1.95263775856324,9.71557307154095,26.7330716088193,1.1026466745237,-0.109050269000855,4.18532416580035,10,13.0827360883488,3.36035297992921,4.13660229475459,0.108680681618639,0.69820792097245,5.33661567240373,3.35474068569337,0.862079053648769,1.87625770267989,23.345766550117,26,10,11.3430897217803,1.08913132594653,23.6800685861184,1.19371852210326,21.6553115178102,68.4722069738911,0,0.243334904178663,0.462588555158862,18,3.33451964084686,42.3076923076923,1.34994254654546,5.812479279163537
37.2370994123515,121.168896718802,27,2.093654664768,39.0326233763346,12,0.383485639153487,15.207362440979,12,88.39,0.392840174186686,5.81468607146613,2.25175593983279,2.25175593983279,88.39,5.82929552795401,7.66023342504342,43.3751887855263,24.43063702,3.21232144183349,1.95584867207872,7.59658665882848,41.6577121851705,1.40477319933804,-0.0113158505944252,4.19170726429791,11,84.5109004437128,3.50499757930313,4.14411439904366,0.230988315883932,0.721745566322016,6.87409478353283,3.85312616188343,1.21659649360179,2.31727760282551,37.9754678822747,28,15,17.9738332408236,1.33243215975903,15.6880111012693,1.01414161390781,21.6685516464233,88.6182868945456,4,0.0251878971388722,0.316983363477515,24,8.6439225356057,49.0909090909091,1.39877098671186,6.251811972993799
38.0846616003862,121.168896718802,29,2.09502005934863,39.8689256624852,14,0.444376720161993,16.1727450722192,12,88.39,0.385712166580681,5.82206328013969,2.5072547728156,2.5072547728156,88.39,5.83667318883624,8.34195954707473,44.7910393792183,24.37453948,3.4504286589782,1.95718958240481,9.96756085512474,42.8510540200458,1.7120780298866,-0.0116920376289829,4.19277858575753,11,90.4052427610768,3.49023633024492,4.14562575010977,0.22923199948992,0.698527554034326,7.68185337438849,4.0045074817713,1.30820730282637,2.32697989289998,38.6795119265903,27,14,17.7784170222351,1.68139848205098,17.4423710424543,0.932305489494504,21.7473415685718,95.8549049355222,4,0.174797339065783,0.342363807490373,24,10.445525561686,48.2758620689655,1.43473674380645,5.935542010773082
36.5063280031428,121.168896718802,28,2.09385106569626,38.5302534607248,13,0.410584826694162,24.8689115929878,12,88.39,0.387706258944733,5.8189058655347,2.28373098819587,2.28373098819587,88.39,5.83349753397915,8.12644366813141,43.2750911077649,24.37453948,3.22319690241629,1.95552241205067,8.59658297455426,41.2189994272011,1.63066131923537,-0.0113710091732013,4.19192157487168,11,142.531217701161,3.48933876544057,4.1444796923087,0.208722549309333,0.669308669312887,6.90142878594206,3.852265195396,1.23241455086139,2.31843330351912,37.0555810890353,27,14,17.5238915437832,1.46192814855781,15.0117609380472,0.998397428050528,21.733915658067,90.2892017166324,2,0.141136505787452,0.403782784869346,24,11.2878267469614,49.0909090909091,1.41443368352542,5.943095148663527
39.6962107505172,150.179535289438,24,2.09246748562478,40.6779929434789,15,0.428898886838347,18.2430346214074,14,109.65,0.428831528071339,5.81249834963518,2.22771453992356,2.22771453992356,109.65,5.82672702856492,10.0833741306593,45.0998614673506,25.1449628,3.17779040085586,1.9494956961486,11.0189319519448,43.999272132622,1.57113128348494,-0.045013038079507,4.19112686793798,13,92.3672635366096,3.49781810514778,4.14311114104298,0.253879869772228,0.758293017279252,6.47124177322363,3.78425212340679,1.33577701160591,2.36413867625756,41.3056018364543,26,18,17.7321193647717,1.78184835071149,13.6734043125748,0.967235656773904,21.6270630356466,90.9028398954972,4,0.0774148277282313,0.445689774307971,24,11.4704957840214,46.551724137931,1.40872689193548,6.022276394711152
38.2271668225269,132.168784606408,28,2.09299346952684,40.2865046623878,12,0.426334281845449,13.5827351784014,12,97.62,0.422393266612,5.81376255024189,2.29959604240033,2.29959604240033,97.62,5.82834984313131,8.72216792695505,44.6513502838516,24.37987012,3.24881699738148,1.95506806906903,8.07790102981183,42.6757900149301,1.70798595767592,-0.0400205241748473,4.19130682399476,11,96.4798594722199,3.49505123649654,4.14369101342155,0.206409339980276,0.678175015091048,6.89129647826457,3.85733109065798,1.24022731540046,2.31849173649228,39.1592543920076,28,14,18.3741934959418,1.62546473291369,15.0205167877453,1.00167968703675,21.6400108796378,89.5298817250158,3,0.274109483485991,0.330395152411629,24,10.8063214419069,48.2142857142857,1.4111206486,6.356547323513813
42.8481877743363,150.179535289438,25,2.09244823997926,45.5517381599523,15,0.486765743671846,18.6522351342294,14,109.65,0.463984358131314,5.81203003505121,2.25837349510437,2.25837349510437,109.65,5.82623081857974,9.20553251368195,49.3759768328215,25.13963216,3.20393843492794,1.94951421352252,10.2470663765994,46.7478944649746,1.94427977742026,-0.0450130380795069,4.19110977982313,13,62.8338558633219,3.50483773457049,4.14306984078016,0.263942793197053,0.780256424981081,6.56294028375128,3.78371594485799,1.3303530438918,2.36198379000514,45.7174966781375,25,17,19.5464869060947,1.76143882436759,12.5462179152217,0.949625291349621,21.6215866584512,90.890347967881,5,0.0654472415650583,0.33225126670441,24,10.4902413517962,46.551724137931,1.40872337258065,5.421360790031928
43.0308388101597,139.179647401832,26,2.09422151040059,42.8574116620636,17,0.435585765572499,14.4445220824076,14,100.42,0.440956715406251,5.81420472786427,2.16043821835584,2.16043821835584,100.42,5.82841288369521,8.36434590591849,46.8928054420107,25.13963216,3.11336461651101,1.9587512821223,11.5030461336304,47.2297401792617,1.83375916630915,-0.013606867032665,4.19206165269903,13,44.0770056500688,3.49658191824975,4.14408832899401,0.257211891264726,0.81484168296627,6.08413503579686,3.66816194892249,1.32678336316899,2.3590286260838,45.1658773089152,24,17,17.9940987967939,1.01677192898718,16.0811897802461,0.788898350153946,21.6460227584017,86.536401471112,5,-0.06881571791535,0.336284560089952,24,10.4995221974901,46.6666666666667,1.3421252765625,6.920818753952375
42.5041751958487,139.179647401832,24,2.09229262573043,42.7229468322251,15,0.465112827683648,18.3060769195472,14,100.42,0.473450499800571,5.81107269056886,2.16993348096179,2.16993348096179,100.42,5.82549538266317,9.49115309123321,47.2320874151292,25.1449628,3.07860753050514,1.95035382828778,10.7082796117392,46.8900194633785,1.74730997399231,-0.0088119108847452,4.19110436959088,13,88.1005716564704,3.51333643530271,4.14295901613733,0.315130201489649,0.813927541890468,6.38210842523172,3.72377377756034,1.21774749647802,2.22364435512553,42.4147931147975,25,18,17.8978293702435,1.21683220335167,15.2489938726686,0.921115833687119,21.6578005440048,87.9994826436648,7,-0.25425523150545,0.390860451829714,24,12.2561798450083,47.3684210526316,1.38544427704918,5.85078088734462
42.3500941547334,139.179647401832,24,2.09243623032813,43.9444233387991,15,0.48109286878741,19.5212069125486,14,100.42,0.467596781392926,5.81495574255268,2.29100209827345,2.29100209827345,100.42,5.82933762965224,9.48510529163662,48.5254490066936,25.1952143,3.24357390166428,1.94979013967964,10.9945944257752,46.7449535751929,1.77639428636089,-0.0092288235237721,4.19136461809068,13,92.1445706079774,3.51396060356715,4.14340938313407,0.333905370562394,0.809103853904153,6.58016901544188,3.76724292526126,1.4442592561849,2.48204613111632,42.5021979110262,25,18,18.5429871180933,2.47594718365187,15.1950019954412,0.965221576677329,21.7024140354732,91.6731276765579,5,-0.176032717791029,0.381163417648884,24,11.0793705512061,47.3684210526316,1.4157449852459,5.7121982700697735
45.5495771074928,139.179647401832,24,2.09123414170093,45.61300091698,15,0.464470171619617,19.0923255029003,14,100.42,0.480202827726569,5.81477603843681,2.29100209827344,2.29100209827344,100.42,5.82946989391334,8.90895864983687,50.3236556593389,25.1952143,3.21940907287823,1.94994218743062,10.6664938984841,50.141255282009,1.70126929559453,-0.000132450001479,4.19106977957658,13,101.138666360902,3.51325381731543,4.14321369579669,0.290639180355172,0.707606963585552,6.58016901544185,3.76724292526127,1.44135903423859,2.48204575974984,42.7628137907414,25,18,18.5615425544948,1.84939076976415,18.8151818502278,0.960515585548683,21.7024140354732,91.6731276765579,3,-0.147929827492192,0.411188155213011,24,11.6956912646033,47.3684210526316,1.4233463852459,7.522878745280337
36.698295010325,121.168896718802,29,2.09470000639501,36.1851196633212,14,0.368063734938441,9.30152861513068,12,88.39,0.395352134680869,5.81591194639853,2.19622708522731,2.19622708522731,88.39,5.8305123076314,8.75144024113833,41.1299890963119,24.38894156,3.17401024533715,1.96092958948438,9.49322232097807,41.7959034529809,1.61051048344695,-0.0114816370089501,4.19225339014175,11,77.2577024266329,3.47229179166846,4.14470506234312,0.194075572529255,0.710678589907494,6.48232737555914,3.72681789274096,1.21662305114615,2.31786006699792,38.2889805601597,27,14,15.9365480895041,0.973792896042933,18.2610306438298,0.818994537487236,21.6640061947063,85.1759339543875,6,0.035291489975675,0.349119303128469,24,10.4230722461845,48.2758620689655,1.3423085663871,5.785156151952302
30.2152133352745,104.383367170671,31,2.09920015290761,29.3572789641375,9,0.295984577645764,7.82645971348002,13,75.5,0.341704069364249,5.80665807580147,1.87512577946438,1.87512577946438,75.5,5.81665556337621,8.86726972478489,34.3233388356228,23.03249408,2.84818942652538,1.96898528237592,9.16531861141798,35.4648630738746,1.2427427315711,0.0111213886420835,4.19643830761435,9,16.4622906497007,3.46307612556753,4.15260108681175,0.166598470757169,0.61704266327411,5.63359952238012,3.57035560999834,1.10891801865859,2.15363753490575,30.6735947807124,30,10,14.4443760498602,0.964228446641123,18.2107471742212,0.933263285167064,21.6640808304766,81.4648077080074,5,-0.352726231101392,0.338086435505479,25,8.040442586196,50.9433962264151,1.35216717859649,4.522878745280337
32.8241555194821,104.383367170671,31,2.0994241493746,32.6397561841263,9,0.266455594139473,8.70041844355229,13,75.5,0.294409766165789,5.80579647259438,1.88574475353457,1.88574475353457,75.5,5.81544467303677,5.36382140110664,37.1777696298412,23.0721321,2.859714259552,1.96897781836648,7.56227494299381,37.4703249323873,1.13376108995536,0.0094131433405839,4.19651669413731,9,11.3987400022748,3.46408334067828,4.1526245719876,0.135565896942126,0.481907428912043,5.68226078175749,3.64565104118237,1.15209988585414,2.16037291928926,32.3946730183775,30,10,15.7330923736923,1.03876092910879,14.9878348211379,0.979021100185702,21.6176047141366,81.5022889120274,4,-0.257822982788502,0.390437418963476,25,4.37382486181241,50.9433962264151,1.34764734217544,5.094743951251549
32.8814519510434,104.383367170671,31,2.09927559450978,32.7210169476813,9,0.271935043105901,9.71140179021218,13,75.5,0.302051064298154,5.80727507478918,1.88575434173077,1.88575434173077,75.5,5.81726102049671,5.56808774783469,37.6201507248387,23.0213652,2.85993272268778,1.96877003334533,7.54524652898872,37.9138925208317,1.12957750130093,0.0108699083137828,4.19650636815148,9,12.1366832535117,3.46400035895445,4.15270421300818,0.136068983041936,0.483029490368246,5.68900085954173,3.65090334363185,1.15216452630353,2.16094552354078,32.3333489431159,30,10,15.716757822231,1.15182193995165,16.5701603517362,0.997748686847026,21.683761187149,83.5685156918707,3,-0.309534405897198,0.396326612601252,25,4.40256168313788,50.9433962264151,1.36797805621053,5.13430394008393
17.8812448771448,110.910406475419,21,2.08794145987161,17.7404317694851,8,0.109184855775123,5.0237817632671,9,85.31,0.129682858140905,5.80060769706017,1.70402406199931,1.70402406199931,85.31,5.81425414211818,3.45141190111741,22.3037461889578,18.80459976,2.67378182845933,1.96817209993037,5.3836326114122,22.7575624492362,0.698202149223211,0.0136354739696728,4.18553280533522,10,0.597750433746964,3.37551908763051,4.13662176535031,0.0446979706180619,0.257058565316147,4.81201756306983,3.27634250895692,0.679454968889832,1.66266534433921,18.9858659526258,21,8,8.80012565728102,1.08811607758424,16.4820099114988,1.0000760153992,21.578816600136,62.9861419000076,0,-0.12890007869235,0.478657155524629,18,0.597750433746964,45.6521739130435,1.30756126808163,5.563837352959244
33.9487781943495,121.168896718802,27,2.09283659612082,33.6370116674555,12,0.332527905725915,9.29438252846417,12,88.39,0.356506777082835,5.81227099603051,1.88574475353456,1.88574475353456,88.39,5.8268535756994,7.9399100485317,37.8775437517485,24.37987012,2.8575640452188,1.95524957959039,7.75922047108329,38.2890974272912,1.35167489659634,-0.0105370083984099,4.19091220355116,11,79.9513373554706,3.44460604687729,4.14305535019494,0.177388669048434,0.598592927027519,5.68226078175749,3.64565104118237,1.1514796748766,2.15980303132572,33.460403628141,27,14,15.9116068752049,1.19017338052901,14.8379719994647,0.961968828213574,21.6176047141367,81.5022889120274,3,-0.116351161313407,0.382403185557699,24,9.6223629909321,50.0,1.35889948421429,5.935542010773082
31.9749349561008,121.168896718802,27,2.09297577905092,32.9845392716072,12,0.369229468969993,10.8072362968245,12,88.39,0.371050017898675,5.81609642995089,2.1962270852273,2.1962270852273,88.39,5.83065055133837,8.28505367579446,37.7070156066932,24.37987012,3.16397736723974,1.95485925222886,8.22905025425034,36.7691272755915,1.42879386345602,-0.0107251627543786,4.19116822142975,11,77.8243311938842,3.44907928827105,4.14349786425147,0.226858329498839,0.685061010445901,6.48232737555915,3.72681789274096,1.21661503546547,2.31780160659455,33.1328315000589,27,14,15.871676918436,2.30312458115772,14.4595792549435,1.01275491710821,21.6640061947063,85.1759339543875,1,-0.100241638478681,0.348054382377256,24,7.21301411144523,50.0,1.39194418421429,6.346787486224656
36.0242375729153,121.168896718802,27,2.09162207236245,35.6628701763532,12,0.441640338817757,11.9498419572893,12,88.39,0.459555118660199,5.81869366030282,2.18194909348909,2.18194909348909,88.39,5.83369244955341,9.0078458424712,39.9860118301509,24.37987012,3.13331781456281,1.95493655486752,8.30226233797649,40.4522246008984,1.4017727464357,-0.0037913081684956,4.19087118230545,11,109.81123975573,3.4442808499702,4.14335847668298,0.322054080814322,0.664170768738301,6.62371581496481,3.71407156626616,1.21661529924291,2.31814566657508,33.3715115218233,27,14,16.7079227947449,1.34121837646924,19.1055884568358,0.972996851097579,21.7198641326633,85.0873813563851,4,0.0653415307052477,0.338356614310113,24,10.1400181744856,50.0,1.40074965364286,4.633017024022149
36.1206706785211,121.168896718802,28,2.09315556474637,37.2228971987984,13,0.351978631824715,18.94296908312,12,88.39,0.345879194119819,5.81336386443946,2.17916057887055,2.17916057887055,88.39,5.8282348162782,10.3164944581101,41.6413741922425,24.48088852,3.06171763127886,1.95788880986932,9.62677812527989,40.7944170659567,1.481870370329,-0.0112580705409692,4.19146185823261,11,40.3392530866169,3.46581965967087,4.14379451397928,0.193955822461088,0.638063824948585,6.52081793661175,3.68768715284063,1.12921457818544,2.15372380658005,37.4268725137961,27,14,17.0130495775814,1.30888880956334,15.2384419781197,0.947285049540487,21.6789393617686,86.6603799982647,7,0.114154195239176,0.356783617182537,24,9.9904229167717,49.0909090909091,1.38305354094915,5.739928612014925
35.6496120065024,121.168896718802,28,2.09329160306068,37.9649998953564,13,0.424994008002152,18.8194003126156,12,88.39,0.400467318760068,5.81719265470245,2.26834921038088,2.26834921038088,88.39,5.83204439775843,9.16025897388818,42.5554036839709,24.43063702,3.20573233775169,1.95758463223389,9.93146662958557,40.4207584989364,1.62589063819757,-0.0113710091732013,4.19172102558298,11,40.0732185166801,3.46787847539163,4.14424243454904,0.255101935178707,0.738980306603899,6.6011669914636,3.75457580545017,1.2951960517001,2.32532856984541,37.1465708249229,27,14,17.6037405014834,2.39743294092481,15.1666695203303,0.997279038631182,21.7226397679688,90.3340250439816,4,0.187049868240555,0.340640314457151,24,9.00555816005965,49.0909090909091,1.41441898840678,5.790484985457369
39.4489714337537,121.168896718802,28,2.0922263947321,40.3184307846224,13,0.382595838982683,19.9204187995797,12,88.39,0.377812774751137,5.81689758158877,2.31448959758297,2.31448959758297,88.39,5.83212639571965,10.1013595350438,45.0551665203238,24.37987012,3.24344758603868,1.95767733928672,10.819131677496,44.4236945596069,1.4751120479964,-0.0057570408401748,4.19142935550058,11,53.5112757223028,3.46547689360805,4.14403559826777,0.209095807646459,0.637473160823497,7.03360702634615,3.84511188806621,1.22036524669698,2.30624295166041,37.524393280288,27,14,18.0464437918147,1.50747444098999,18.6872247154177,0.978950542816706,21.733915658067,90.2824016678556,9,0.124118379390405,0.363378587499003,24,8.97340905748363,49.0909090909091,1.42257635471186,6.180456064458132
38.4895032025102,121.168896718802,28,2.09218740119937,40.1959085516694,13,0.451955333028758,18.7035894538364,12,88.39,0.447691598129563,5.82112538047579,2.31801206726999,2.31801206726999,88.39,5.83635419783927,9.34312253335633,44.9072103168615,24.43063702,3.25232150356584,1.95755743916443,9.49799570083696,43.4517525889053,1.58716916506894,-0.0059057615284017,4.19153814851388,11,33.9452581572305,3.46724928554791,4.14426318555106,0.283963722172979,0.733105614119885,7.04820780733504,3.88731381061259,1.31990256825932,2.34754217669457,37.361180788281,27,14,18.1095235396749,1.85752837690686,18.7481840151846,1.01710157451027,21.7930183761698,92.3474003760742,5,0.24991474064182,0.339208539214014,24,7.94395661277618,49.0909090909091,1.4380751460339,4.522878745280337
41.2184038394519,121.168896718802,28,2.09312502937637,41.9835892492916,13,0.38486614893626,20.594449242698,12,88.39,0.377312213830396,5.81688548899367,2.31448959758298,2.31448959758298,88.39,5.83195946688001,10.4513173778156,46.5939368698639,24.37987012,3.25125370400146,1.95846153138371,9.46136414159713,46.0599678746349,1.47356775510877,-0.0092750381886628,4.19203983818896,11,42.2204569491555,3.48345123192884,4.14467247905592,0.202738721447211,0.664530663220475,7.03360702634615,3.84511188806622,1.23822480052458,2.33218900693056,42.2732716790592,28,15,18.0479471810881,1.32918353604298,17.9516700810125,0.96561427541329,21.733915658067,90.2824016678555,10,0.234731150149351,0.351034607550254,24,8.10361883678504,48.2758620689655,1.39243558412903,5.554395796726403
39.4492124638422,121.168896718802,28,2.09252115135988,39.712661754228,13,0.369391628317167,19.2270833173142,12,88.39,0.364482381420624,5.81452016202659,2.2545374629668,2.2545374629668,88.39,5.82971130676389,10.3225161944324,44.1645746646808,24.42625612,3.14508706395163,1.95780570191818,9.51247764722932,44.1316481578558,1.47450501778894,-0.0061899006529678,4.19142028263579,11,40.0676837065057,3.46525758560917,4.14386940801866,0.204623658710948,0.639204210587889,6.52537028544149,3.72528709383865,1.17416811007163,2.23463430394251,37.7073332842972,27,14,17.9775181530669,1.2872875947291,15.1736860971751,0.93922234837402,21.6924369993992,88.3954460591918,6,0.172763714227107,0.354183795851322,24,8.52344592418606,49.0909090909091,1.40326714264407,5.7447274948966935
38.9510677531535,121.168896718802,29,2.09405637219457,41.9355167181047,14,0.418147589372427,24.0247010497654,12,88.39,0.369771245503556,5.81654690478519,2.33602634055712,2.33602634055712,88.39,5.83146279325384,10.5806005578359,46.83079290101,24.43063702,3.27056258348362,1.95838114516179,10.1016528204686,43.9265681734014,1.74063486237044,-0.0116616960611935,4.1923395024664,11,79.2094291863715,3.49229983151038,4.14496971191277,0.22161903038107,0.703913104199893,7.06477861230655,3.98889312195535,1.28428273782678,2.31636313124587,41.3207972271867,27,14,18.482860040683,1.56000821905643,16.2588318374251,0.966382140908475,21.7340413400908,93.8350130333125,7,0.258908602207931,0.395844715938801,24,11.7388108527309,48.2758620689655,1.41979025993548,4.897223385116559
34.7082552489704,104.383367170671,31,2.09956922025163,33.8163805082052,9,0.293456904274532,8.46094126804307,13,75.5,0.324370662471336,5.80583946194959,1.88574475353456,1.88574475353456,75.5,5.81560889687341,5.36701359421923,38.782643772461,23.10671168,2.86064823915247,1.9707110064888,7.57702646435446,39.9630449452776,1.14931246495569,0.0083834699425029,4.19687553463737,9,17.9358889286687,3.4727867298699,4.15301729280742,0.154139264137999,0.517268018366246,5.6822607817575,3.64565104118236,1.16148260047879,2.1661329504355,34.9189384786659,31,11,15.7487321724896,0.924890856916657,15.9243616177285,0.970770333268664,21.6176047141367,81.5022889120274,8,-0.133656701708268,0.380472449188408,25,6.66215869683716,50.0,1.32435021006667,5.150580586203101
37.3451266898908,121.168896718802,27,2.09188505279968,36.9201882387052,12,0.361124329809855,10.2294079141267,12,88.39,0.386682887411976,5.81579013127142,2.2302890549203,2.2302890549203,88.39,5.8307172211483,7.96886882703109,41.3263735236923,24.37453948,3.18990772550644,1.95497690345384,8.78425196391431,41.8433125600673,1.33832131763677,-0.0037913081684956,4.19088011852427,11,92.2245319141488,3.44380850494184,4.14329334805946,0.196136971611671,0.601294770478062,6.84892460811135,3.81196808664356,1.2164917621579,2.30685861183627,33.8118619667629,27,14,17.0749184422176,1.40884074470371,18.2574201926875,0.99369325390632,21.6759589439632,85.1243102391201,4,-0.0681296187250962,0.383675014041987,24,8.89450336123518,50.0,1.40052864492857,6.045757490560675
34.6919405383587,121.168896718802,27,2.0918104571356,34.3804002426809,12,0.387761505861826,9.40690458533367,12,88.39,0.419082246342798,5.81592037013696,2.1962270852273,2.1962270852273,88.39,5.83076636967653,8.29301685809196,39.2301209786209,24.43063702,3.15121265224386,1.95496589898074,7.90998580600271,39.659290691162,1.37497801024933,-0.0037913081684956,4.19087817770291,11,78.0361822474884,3.44399923247201,4.14330559463144,0.246890931869422,0.677086880074272,6.48232737555915,3.72681789274096,1.21660536840802,2.31774669810792,33.2613513617358,27,14,16.0414003070947,1.68956827668223,18.0993097069807,1.00888899986758,21.6640061947063,85.1759339543874,4,0.001464748420736,0.353822468588837,24,7.39846558118652,50.0,1.40022038421429,5.939302159646388
41.9153658705801,139.179647401832,24,2.093128232789,44.3121679470925,15,0.44923593325268,20.3904077266311,14,100.42,0.440039201649475,5.81295945627786,2.18308120703909,2.18308120703909,100.42,5.82717703850442,8.1505426181553,48.0812415215967,25.1449628,3.13132463433422,1.95076114695361,9.76226468259121,45.7641823556835,1.63701859894022,-0.0134200586594898,4.19151260631584,13,53.0699627808432,3.51455642875028,4.14349598235174,0.288091912320535,0.829085008622712,6.14960334659494,3.77217511998831,1.32560103849683,2.35817626613786,44.5004890721545,25,18,19.2263279036844,1.44721832383814,13.2133593279804,0.958635224312982,21.6506505018326,89.9787542904291,5,-0.179467475947486,0.307468917345973,24,8.69675166540187,47.3684210526316,1.39674384918033,5.563837352959244
42.7188205560387,139.179647401832,26,2.0945533137629,45.2283898086118,17,0.506285162784484,21.2449531595527,14,100.42,0.425985267669067,5.82040785974195,2.43518978295704,2.43518978295704,100.42,5.83459495870091,8.80588815744381,49.5926289744305,25.1449628,3.39629040733975,1.95299938916545,12.1306861638914,46.9263455622583,1.93477035712341,-0.0143421099848814,4.19259000614831,13,48.6577186637579,3.50591594345058,4.14501359713761,0.289902185317223,0.804819076565632,7.34479000091718,4.00457477901422,1.44479878611209,2.48250548692568,45.3149822508885,24,17,19.11108238109,1.79335705200551,14.9667815065279,0.884143425888497,21.7308079977774,97.2153724545608,5,-0.0453321749050458,0.358561235891139,24,9.17111974518892,46.6666666666667,1.4317273453125,6.958607314841775
41.6943924329726,139.179647401832,25,2.09333860058524,44.6942801306409,16,0.497611032898519,22.5205691395414,14,100.42,0.420020915744639,5.81722597240178,2.23996457259893,2.23996457259893,100.42,5.8314054280578,8.21835142630258,48.4107844963299,25.1449628,3.1563508069,1.9502296458392,10.5996750661261,45.5202972950144,1.967689171504,-0.0135715975007262,4.1917281638574,13,48.1482543531461,3.50428194385138,4.1438636807071,0.306355000010344,0.803667233059084,6.61224028779264,3.77227986406826,1.32931799471829,2.36139434522852,44.3432211377636,24,17,19.1962786273905,1.55836876724182,12.4946205371905,0.942939438160376,21.7171567291742,91.6496682707122,5,-0.0923574775051688,0.322051565600578,24,7.54721464185434,47.3684210526316,1.41192898688525,6.3872161432802645
43.4152730506744,139.179647401832,25,2.09250978605232,45.5212473603952,16,0.501900473694233,19.5788011002938,14,100.42,0.427495509579697,5.81700852102759,2.23996457259893,2.23996457259893,100.42,5.83139452674303,8.0856034510842,49.2717023343169,25.1449628,3.14485265507416,1.95040525628255,11.7208125412605,47.2687489891768,1.9524763712636,-0.0092288235237721,4.1915592281595,13,57.9513643605223,3.50267011857931,4.14374707833975,0.309742238104294,0.801336892072256,6.61224028779264,3.77227986406826,1.32725162101739,2.36075497402266,44.4171168522199,24,17,19.2272354936441,1.53161968088571,14.4916206625848,0.931360765974135,21.7171567291742,91.6496682707122,5,-0.0574049373511171,0.325095715338053,24,8.98522830942421,47.3684210526316,1.4157543442623,6.096910013008056
38.5789003814412,121.168896718802,28,2.09215283495727,39.4183903756435,13,0.444486409450311,17.645550540995,12,88.39,0.449079559443191,5.8170264558646,2.26834921038088,2.26834921038088,88.39,5.83217286640536,9.17972586048074,44.138609574966,24.37248204,3.18732284335097,1.95766820803159,9.60369789806523,43.5357736152754,1.57850432215335,-0.0057570408401748,4.19142740703041,11,31.1139684612,3.46555426729412,4.14404785822428,0.278666881199723,0.733186345920385,6.60116699146362,3.75457580545016,1.29173118200071,2.324410309026,37.2748133903784,27,14,17.7394886793092,1.83932449067804,18.8017890555281,0.993549374565315,21.7226397679688,90.3340250439815,6,0.252331265854332,0.344941069990001,24,8.94982049913843,49.0909090909091,1.42231196128814,7.397940008672037
37.6682475381126,121.168896718802,28,2.0926470541677,39.5529433768222,13,0.375560677556301,20.5175703492164,12,88.39,0.366155099386156,5.81692692596116,2.31448959758297,2.31448959758297,88.39,5.83185604724767,10.4863711917841,44.1611551074529,24.44212576,3.2475141513087,1.95763780967008,9.50368307660645,42.5386717581582,1.48291515122778,-0.0086976315663807,4.19155629191363,11,43.3250802328657,3.46739375364005,4.14412241221664,0.209039317389289,0.63911283575372,7.03360702634616,3.84511188806622,1.22110750915915,2.31844000505529,37.6542116011889,27,14,18.0036357449441,1.54712819547349,17.0010305838329,0.987835971847739,21.7339156580671,90.2824016678556,8,0.186397511216325,0.358036673963087,24,7.8906928880646,49.0909090909091,1.41845709179661,5.543633966870957
44.4702134613894,139.179647401832,24,2.09175610488989,45.4876161273347,15,0.498648529562438,19.5757077220877,14,100.42,0.503456693911264,5.81467998785884,2.36204119099647,2.36204119099647,100.42,5.82914722918461,9.65524909014015,50.02453547785,25.1952143,3.30120463549596,1.94988371262657,10.5803624840749,48.8677574246784,1.73980986148383,-0.0047713117850792,4.19119916636544,13,91.35622799521,3.51378187124374,4.14328854392131,0.361490413292376,0.814114237592621,7.16310147405655,3.83740316266452,1.28360822349813,2.31947303186746,42.7063179723266,25,18,18.9753702141084,1.41492156009989,17.0104718248069,0.955607352379312,21.7139189904408,91.6215043058551,7,-0.131067000227626,0.383397014727202,24,9.65330079679284,47.3684210526316,1.4196395442623,5.892790030352131
39.3651574327061,121.168896718802,28,2.09395705442434,42.7174076391537,13,0.426333875927992,23.3647989863397,12,88.39,0.409880780254402,5.81579849140336,2.33655592058377,2.33655592058377,88.39,5.83070504824928,9.42229972972339,47.2722220138232,24.37453948,3.27155657601747,1.95834682918701,9.45817480267212,44.1348463067619,1.59806448339732,-0.0116616960611935,4.19227260432267,11,34.7763626413111,3.50786906594379,4.14487514676953,0.256484833427933,0.781467555812344,7.06213515575058,3.99815969722597,1.28574007931277,2.3190429687722,41.9776012473408,28,15,18.9914392758559,1.53200659594883,16.1060715151763,0.997743822399426,21.7269269205635,93.7763775049895,7,0.210168866691537,0.31868493561828,24,9.43585040772943,48.2758620689655,1.4198028696129,5.795880017344075
32.9882979152906,104.383367170671,31,2.09938233441598,31.9085689117876,9,0.258285546077373,7.17666211298367,13,75.5,0.288830457128083,5.80504573164109,1.88344639549161,1.88344639549161,75.5,5.81478518164102,7.4709162209088,36.7857317164936,23.00987646,2.85460345663199,1.96939112106993,7.59246932750267,38.2221431134244,1.12241795505299,0.0091643295322671,4.19643594235561,9,9.56214932550352,3.46282542312995,4.15247942114111,0.134164964836604,0.485365920610765,5.64124652285205,3.59255611901318,1.05888098407536,2.0648012691575,32.2711372707807,30,10,15.1159958192734,0.903619035277024,13.1152125979104,0.936422189569032,21.5708886876489,79.6090500157142,7,-0.279719428059573,0.372053665890531,25,4.32317932605282,50.9433962264151,1.33200906849123,5.197226274708024
34.100136112545,104.383367170671,32,2.09988921613502,35.3766297856776,10,0.289146623585039,12.3186716812072,13,75.5,0.285290152754146,5.80573480263342,1.92027920966464,1.92027920966464,75.5,5.81529091974169,7.28840106426659,39.8287742061315,23.07177224,2.88596661241404,1.97061514878725,8.14670007950943,38.7815182929679,1.30718783430168,0.0071873899667333,4.19706108428404,9,22.334098635777,3.47865764905633,4.1532061972434,0.147623816399402,0.525969205327421,5.73219650379775,3.67998347806852,1.09897087529096,2.12176721966059,36.2189866424202,30,10,16.8054094805991,1.19188856147603,14.2303641794493,0.963075258544464,21.6177458973298,85.0531689660409,6,-0.231586741943873,0.361601796990465,25,5.81787631768643,50.0,1.35262598006667,4.522878745280337
33.2271579679094,104.383367170671,31,2.0998383859168,33.9168364610293,9,0.303408458190659,13.6650075780083,13,75.5,0.32183091992961,5.80553600589271,1.92056116758134,1.92056116758134,75.5,5.81509181625419,7.7860111077165,39.2740982303122,23.08326098,2.88558700105381,1.97051932601402,7.47265967809776,38.47699776103,1.21505119738915,0.0071873899667333,4.19703209272029,9,89.2307025652141,3.49028578427563,4.15316276486308,0.146877828400868,0.521640664137167,5.72034328044433,3.68230590880771,1.07469718219392,2.09176754564521,34.9644818598264,31,11,16.0983922545483,1.17253168667488,14.1311927112631,0.997703449320529,21.6097506549403,84.9923937530254,5,-0.213390924440514,0.421335884099829,25,10.3134259082925,50.0,1.35263240506667,5.769551078621726
34.8531738426354,104.383367170671,32,2.09991777308681,36.4897225796293,10,0.423817243208198,22.8625091494985,13,75.5,0.433023687022547,5.80689324653704,2.17916057887055,2.17916057887055,75.5,5.81644960402097,9.08279209065799,40.7186399055544,23.08326098,3.09812012434673,1.97003991987355,8.26701229429542,39.1874360350847,1.61954965032175,0.0070673736139744,4.19715180758358,9,29.1032515463838,3.47974197199114,4.15336925527127,0.238141230042738,0.82414825615734,6.52081793661177,3.68768715284063,1.1521456772896,2.1607735705399,37.0236424276183,30,10,17.0338109624144,1.34988691517452,13.3477418470187,0.977406652744454,21.6789393617686,86.6603799982646,5,-0.28225930785939,0.334310206371948,25,8.6913702344446,50.0,1.36807329506667,4.522878745280337
35.8008961172635,104.383367170671,32,2.09965997635001,36.9721530278381,10,0.425648899596966,16.8115851750809,13,75.5,0.436049600911845,5.80692630118365,2.17916057887055,2.17916057887055,75.5,5.81670529961344,9.50160854512928,41.3580711015275,23.03249408,3.06332030596185,1.9702131107813,9.3875369829084,40.4237168749171,1.61010200638166,0.0079057526624648,4.19704875341066,9,30.7399378621402,3.47851724204426,4.15329963387691,0.241603606196169,0.82394786438034,6.52081793661177,3.68768715284063,1.12948571534199,2.15419740746299,37.0643643704873,30,10,17.044601057299,1.32492623949931,15.3543616238454,0.964444620132043,21.6789393617686,86.6603799982646,7,-0.190867681123899,0.326564780889899,25,9.14323406709179,50.0,1.37195216673333,4.522878745280337
48.0951022326159,139.179647401832,24,2.0922558099583,47.9329797315713,15,0.503238936714493,19.5969874135825,14,100.42,0.513184579997442,5.81463312665079,2.36204119099647,2.36204119099647,100.42,5.82925215501419,9.59591327636405,52.5135729373047,25.1952143,3.30621439311088,1.95150960755201,10.544611127264,52.5378044912513,1.72788137006957,-0.006118764291786,4.19168337736476,13,87.1524700378837,3.51750504808688,4.14383743422529,0.352572636649139,0.821760198474068,7.16310147405656,3.83740316266452,1.30343101459839,2.33555585765758,47.4668950786421,26,19,19.007558919901,1.26761735861748,17.963786747443,0.939485974885745,21.7139189904408,91.6215043058551,7,-0.107954116643843,0.36678438000159,24,9.52044287966184,46.6666666666667,1.3944107234375,5.935542010773082
46.0410913085252,139.179647401832,25,2.09325706699376,48.5412445033166,16,0.532413493135552,21.3766178650958,14,100.42,0.465247838625333,5.81428621059178,2.38984813376807,2.38984813376807,100.42,5.82873771910147,9.73232576749488,53.104442700125,25.13757472,3.32530237250068,1.95134584516714,11.1805015090892,50.4628575537567,2.0827125901926,-0.010421966639918,4.19198413725875,13,96.2731996754206,3.51961829839408,4.14413542195766,0.345509490492421,0.817090533059516,7.19298805431951,3.88620095507692,1.4442499756232,2.48203944467893,47.2320884716572,25,18,19.6626855597035,1.58005696237196,16.2660027408002,0.938267982944555,21.7140472108199,95.1741156761501,7,-0.0596962618970854,0.368352255492846,24,11.5880005278076,46.6666666666667,1.420912384375,6.251811972993799
46.2114260957805,139.179647401832,24,2.09313356134136,48.8134695676217,15,0.484784002320561,24.3662144409695,14,100.42,0.481041184456907,5.81352178551301,2.39049541269859,2.39049541269859,100.42,5.8279669438133,9.73950196014065,53.4166541668249,25.13757472,3.32620039268517,1.95126266979161,10.5179062826225,50.6474587763681,1.74186524090718,-0.010421966639918,4.19191687896307,13,99.1406047518069,3.52533519877887,4.14403996917039,0.327851070432783,0.836515805165363,7.19114040271397,3.88736104826926,1.44424942945264,2.48204060695485,47.4799276636879,26,19,19.811073575975,1.48269442422796,16.1362460296975,0.967247049769079,21.7067885903908,95.1154805345687,7,-0.128914355019151,0.356906756658372,24,11.5422207180999,46.6666666666667,1.4210015875,5.756961951313706
47.1967577529583,139.179647401832,26,2.09456508418728,49.9780655380244,17,0.548875054732638,25.393223606862,14,100.42,0.472923787171652,5.82102116841274,2.58204942329366,2.58204942329366,100.42,5.83545301757578,10.397320129293,55.120758729739,25.1449628,3.53130322404448,1.95338525682395,12.8717530753109,51.9671552475998,2.06947265290912,-0.011529478992992,4.19301038721837,13,94.6743137568366,3.52155139627661,4.14558186760042,0.331812416821401,0.819439802382917,7.71051975127073,4.00979451098835,1.54786376704531,2.62053246344674,48.4727230812592,25,18,19.7049245416639,1.83321403131226,17.8920120667605,0.899885471515728,21.7827320955987,102.352098664098,7,0.0098437637215394,0.347209839716923,24,12.0155138815969,46.031746031746,1.45324489402985,8.0
40.5242923978605,121.168896718802,30,2.09528030953292,44.0413960312754,15,0.496398828577635,26.5390161690513,12,88.39,0.396469962528409,5.82318034824301,2.61360437272611,2.61360437272611,88.39,5.83810293085623,12.0904853057966,49.2101332450753,24.37987012,3.58821406250405,1.95933831071182,11.8091547052838,45.634340428624,2.04107287089786,-0.0118003227985852,4.19336269480992,11,124.753448634681,3.49542136766065,4.14641243573559,0.222436884432345,0.758403666162276,8.424317108596309,4.05568342806898,1.44606703279168,2.48368985402343,43.0748470729038,27,14,18.7137372316097,1.75704335286903,17.8835541873747,0.926695540638143,21.8014113471818,101.0129960236,7,0.315584199205159,0.43406378891373,24,14.4522071966199,47.5409836065574,1.45318065101538,6.259637310505756
35.4584273360512,121.168896718802,27,2.09231636091756,35.9218481191427,12,0.395919079162074,10.7001566513614,12,88.39,0.413567029364754,5.81582487278928,2.23028905492029,2.23028905492029,88.39,5.83045418302584,7.57565631578402,40.238331675145,24.37987012,3.19256402773027,1.95492610280686,7.6537768254189,39.8741860797506,1.40278733875602,-0.0074356202265338,4.1910053626299,11,78.3708403009622,3.44815610217833,4.14337902601865,0.257965580568053,0.690222595363597,6.84892460811135,3.81196808664355,1.21657809627185,2.31812076152482,33.565715096599,27,14,17.0350084162904,1.27846017403101,16.5721129326544,1.00289756591288,21.6759589439633,85.1243102391201,3,0.0139583768245199,0.341375572003094,24,7.05672712710619,50.0,1.39614893957143,6.050609993355088
36.1541115788068,121.168896718802,27,2.09184591237346,36.5868821123514,12,0.403842686961727,10.6550549988274,12,88.39,0.426542285996122,5.82002040995573,2.23228595465639,2.23228595465639,88.39,5.83494540279823,7.57945461618953,41.0856075733774,24.37987012,3.1954065135242,1.95482378143594,7.63284290182932,40.7648676239128,1.39362310614957,-0.0040066111321389,4.19098744154318,11,83.5257838191665,3.44785021037771,4.14351812782558,0.258103520138169,0.679740264111965,6.85990774001652,3.83041457684306,1.23248947349683,2.31843396174187,33.5762413965257,27,14,17.0670405355383,1.67422755915347,18.33208054688,1.03291652960437,21.7384802267658,87.1893086376597,3,0.0707804583848297,0.337878113951861,24,7.13024204062052,50.0,1.41684166278571,5.889410289700751
37.2576679855321,121.168896718802,27,2.09280371723642,36.658537054443,12,0.393321202614878,10.3809126946714,12,88.39,0.418215352939993,5.81577914561276,2.2302890549203,2.2302890549203,88.39,5.83055234917572,8.40899813385708,41.3304908248584,24.37987012,3.1951113650741,1.95600280141658,7.77835418570585,42.0331160735913,1.38464968270209,-0.0083800351286507,4.19147847362768,11,73.5807394253329,3.4755553823569,4.14391630280689,0.247219893620404,0.706248679533973,6.84892460811133,3.81196808664356,1.22303233595287,2.31848089251678,37.7075011444639,28,15,16.4224440048559,1.14839038191157,17.2210919615731,0.981775272883834,21.6759589439632,85.1243102391201,6,-0.0302040023251671,0.33762528708425,24,6.43490298038944,49.0909090909091,1.36999346976271,6.008773924307505
36.8114870638063,121.168896718802,27,2.09218640060216,35.7869154784257,12,0.37973656560625,9.68633838875031,12,88.39,0.401987743224947,5.81341936036721,2.19961421583092,2.19961421583092,88.39,5.82831313241548,7.4178591608385,40.115417928001,24.37987012,3.12396511651369,1.95514177202837,7.66979574536326,41.2139019085553,1.40232948156415,-0.0046512500892248,4.19087118644406,11,72.9632476291203,3.44327892670075,4.14312922711044,0.223954706812187,0.689223538387282,6.05031813149528,3.69746094186952,1.18498164752822,2.23823687940535,33.5570839704324,27,14,16.8948002956721,1.06161707848992,14.7420349871666,0.953086378798931,21.6319500447652,83.2373563888802,3,-0.0362190174232625,0.345926224925438,24,7.97326257982825,50.0,1.38020361992857,6.309803919971486
36.8178491882623,121.168896718802,28,2.09376289501069,38.2181507913524,13,0.396629962399414,14.2501025690704,12,88.39,0.381115765234295,5.81543862364172,2.25133568857542,2.25133568857542,88.39,5.83005644148214,8.19921742064905,42.8699880990218,24.37987012,3.21151464876339,1.95590063698104,8.24889875998062,41.4250689482269,1.58903067408657,-0.0113158505944252,4.19177372649632,11,118.802957909691,3.48724673184987,4.14420848206333,0.202956384868319,0.6609596996729,6.8773384718708,3.85181360632619,1.21659200508758,2.31686216219489,37.2485287864212,27,14,17.4191727332748,1.44226626779392,15.8531217180126,0.978731387328241,21.6760921248242,88.6769219462162,3,0.042825948798277,0.406736983823428,24,11.3685606392905,49.0909090909091,1.39875601044068,5.966576244513051
31.1291989008529,104.383367170671,31,2.09958922659715,30.4545324954224,9,0.245308207964292,6.84705242411591,13,75.5,0.27507238069165,5.80460958587881,1.73580055272244,1.73580055272244,75.5,5.81412414361775,5.59032306629514,34.8258217710929,23.0213652,2.74652912796057,1.96958521943357,7.70245509692679,35.7652193305083,1.1362855123764,0.0085186152634163,4.19646051225424,9,9.43237654398328,3.46316359575223,4.15243572546183,0.124656930778083,0.484670397975313,4.11973275516882,3.33398831075703,1.01049971819763,2.01687543844198,32.1383574642247,30,10,14.5186210202997,0.911312447234459,13.16941537773,0.952738284817687,21.5556331919075,77.878509855671,6,-0.39790339346504,0.371788132842233,25,4.30058971304946,50.9433962264151,1.31110197550877,4.522878745280337
31.1643558161568,104.383367170671,31,2.09963352848223,31.3601550502592,9,0.262321556132402,12.4062291058117,13,75.5,0.280403279798821,5.80577715046298,1.87938524157182,1.87938524157182,75.5,5.81527845363471,5.13566054758505,35.8490519033681,23.0721321,2.85174319220367,1.96883979387563,8.16319833921197,35.7443326970914,1.18490631947939,0.0081859610425141,4.19660784759008,9,25.1978161245919,3.46436041796065,4.15268892043435,0.131172253962909,0.496725697199406,5.62731081166064,3.59210407561025,1.08439738783759,2.09343995764125,32.3279113647473,30,10,15.3961115449567,1.39341039724696,13.1228332883575,0.991691080754493,21.6049290489769,81.5522342691914,4,-0.286487270332077,0.393633415527414,25,4.794677855567,50.9433962264151,1.34349983164912,5.100179497572904
44.7694460748524,139.179647401832,25,2.09334837401139,47.2539055358434,16,0.453002270908305,33.8845119893651,14,100.42,0.449831713039022,5.81781208366008,2.39734908775191,2.39734908775191,100.42,5.83222651096667,10.6260563370401,51.8021928926096,25.1449628,3.32861667424322,1.95076677795165,11.9043180417552,49.1881283804236,1.66755793481754,-0.0105802019326311,4.19213462360035,13,131.451645678739,3.52032611340463,4.14441176310075,0.271403190342776,0.767087605403872,7.19926249088949,3.88642775241678,1.44426498592015,2.4820507956446,45.570268397167,25,18,19.1842476944137,1.74237538758352,16.1385095081241,0.954977030931692,21.7697760630939,96.7863952052393,4,-0.06738545890918,0.399339014483762,24,11.4907367856398,46.6666666666667,1.435382309375,7.221848749616356
41.4624665997917,121.168896718802,29,2.09414241529169,45.6389931202095,14,0.473857941702741,29.7440755003457,12,88.39,0.402985364976452,5.82001189372739,2.34813212685717,2.34813212685717,88.39,5.83491011155214,8.79505548755622,49.8596287429798,24.43063702,3.27729350545179,1.95809491761792,9.45205359619782,45.9397435989583,1.96957043051795,-0.0116920376289829,4.19248933899292,11,87.6063068240509,3.49412779774418,4.14524446382485,0.256139961307974,0.781190701252633,7.07663049871263,3.98895927360847,1.31945551857486,2.34742590519038,44.1707359413371,27,14,19.4244015119862,1.59065355721666,15.2563919387816,0.985887530858939,21.7886966082048,95.4472903070281,6,0.238562691672479,0.400122002730638,24,12.682606578606,48.2758620689655,1.43475299703226,6.337242168318426
40.7816356568753,121.168896718802,29,2.09336158898645,43.7749105962388,14,0.482605765656345,22.8631712621223,12,88.39,0.401615872535738,5.81981238878556,2.34813212685717,2.34813212685717,88.39,5.83490956565357,9.36591985547711,48.3705055113922,24.37987012,3.27556799903444,1.95817787934566,11.4202685568274,45.5828938297933,1.90793388515005,-0.0094844901122552,4.19231913917287,11,38.0450819816465,3.49206128804168,4.14512708326356,0.269389418374337,0.741594196596955,7.07663049871265,3.98895927360848,1.30328954365421,2.34268625732573,41.7955558340992,27,14,18.9057159017325,1.60999928548574,17.377867562264,0.97571991737695,21.7886966082048,95.4472903070281,7,0.337541766810156,0.342158572523105,24,9.7100875668768,48.2758620689655,1.43850199380645,5.609064892896621
35.8584050643893,132.168784606408,28,2.09332913109663,37.6791443140774,13,0.416032133701943,22.5333058919341,12,97.62,0.388714607651588,5.81533276180563,2.35575376292218,2.35575376292218,97.62,5.8302434555544,9.9731360890185,43.5162250171866,24.43063702,3.29206227085776,1.95773744904426,10.9145120896344,41.6300622803722,1.58506973953807,-0.0391212572387991,4.19188416128823,11,84.8594832988865,3.48802850088124,4.14448801553758,0.171482032402869,0.613007235464418,7.08462297783164,4.00624259124595,1.33949777923416,2.36252515211741,37.400988181764,29,15,17.5860114348933,1.65466107476778,17.1243734330209,1.00520997548817,21.7050907736182,94.7004634654559,3,0.319082339185252,0.367652003036162,24,11.4424520590914,47.4576271186441,1.431213932,5.987162775294828
