L1p,F03[C-N],HOMA,SpMin1_Bh(p),F06[C-C],RNCG,H4s,SpMax_B(v),L1e,HOMT,Eig07_EA,SpDiam_B(v),SpMax_B(p),Tp,SpDiam_B(p),RDF115v,H6i,RDF060p,Eig07_AEA(ri),F01[C-N],SpMin1_Bh(e),F06[C-N],SpMax5_Bh(i),SpMax1_Bh(e),Eig07_EA(ed),SM02_AEA(ri),F05[C-N],H7v,DP18,DP17,H7u,DP16,SP17,L1u,Eig12_EA(ri),SpDiam_H2,ATSC6p,Mor22i,Mor14i,R8v+,F06[O-S],SM10_EA(ri),CATS2D_01_LL,ZM2Kup,TDB01u,Mor25i,alvo
7.31252837068396,10,0.777438276923076,2.06619545627947,25,0.150586894151745,16.6410466054512,3.96559315824151,7.28979730989835,20.2133952,2.04175179551789,5.87591823825168,3.95496578428625,15.3691927609509,5.88740643086387,0.262611783405263,0.696593077904272,22.0702502034002,2.97861760223671,5,1.98635321747897,9,3.46639436599873,4.1515181027797,6.06520454741165,6.06520454741165,7,0.0328660076724958,4.66274064050154,5.26156647157604,0.139915815933435,5.81695758452435,5.4805295873151,7.14451063921502,1.0,6.20039307194062,9.94492033726643,0.0790276213754714,1.03414962508927,0.0103336088570722,1,12.490219752453,10,576.020028190533,1.31368518518519,1.73354999607267,6.431798275933005
18.6612174449171,9,0.7521839904,2.0860263639504,18,0.153070870033617,5.97112074593844,3.90790530332113,19.2647252421217,18.80459976,1.54755973755737,5.80003843451148,3.87394118668875,22.5068068511614,5.81360215202647,2.49638729108369,0.671057120493831,4.02813649783267,2.48375978133153,10,1.95307888375824,8,3.314174691162,4.13557734323005,3.67563296206769,3.67563296206769,7,0.0404797458838575,10.6045556309853,10.8755048850475,0.237653187417651,11.0977993790067,10.9774680049463,18.5162863797223,0.679503139922546,5.92383684560357,6.18083616627499,0.217278263785183,-0.196497254066162,0.0116738282759387,0,11.7421512706811,7,474.73385051844,1.29572093023256,1.58092332087612,6.468521082957745
18.7414448344759,9,0.7521839904,2.08573258080707,18,0.150630953418243,6.80479008158369,3.90902373291,19.253656128923,18.80459976,1.78229778538887,5.80154557549116,3.87594617072494,22.9750260979419,5.8157631103903,3.04776354353789,0.674238014629608,4.02025970796527,2.70683956370264,10,1.95258147595368,8,3.31379490517628,4.1356640447088,5.22488835159337,5.22488835159337,7,0.0407787359887795,10.5756802184287,10.8481071925984,0.238733230071688,11.0722084530482,10.9784014692148,18.4827582185188,0.679515658687581,5.95353647102787,6.24907460894375,0.139259368947784,-0.350858860749397,0.0129531639863984,0,11.7760522107365,6,502.59659561648,1.31053488372093,1.66274328155519,5.388276691992658
20.5437499234767,9,0.7521839904,2.0863418790973,18,0.159800840019806,5.88730114211353,3.90799891767132,21.2777202210934,18.80459976,1.54755973755737,5.80009732348639,3.87420408920662,24.6984759806506,5.81383171869221,2.61057977698656,0.662008624910751,4.03743669080994,2.48383255587962,10,1.95747220831746,9,3.35359310978206,4.13596277149691,3.67563296206769,3.67563296206769,7,0.0485405129441552,10.6313707798835,10.9020357542915,0.253419025244891,11.1238854080973,11.0072585333932,21.1351593228299,0.679517274752758,5.92383684560357,6.42589768184424,0.051299438458668,0.0297094049209439,0.0094520322127951,0,11.7776663900795,9,441.400517185107,1.28610869565217,1.54122337850469,5.6439741428068775
19.1978828179858,9,0.7521839904,2.08594024176855,18,0.163573424861437,4.62598664061148,3.90737605429951,18.604781762698,18.80459976,1.54755346745117,5.79929033303554,3.87337050789927,23.3926706160892,5.81291036290411,3.48794566217624,0.661822441775028,4.05301436860767,2.48362658442028,10,1.95408266064458,8,3.305992187273,4.13542073287751,3.67452144824141,3.67452144824141,7,0.0458679651156349,9.92987583549807,10.2421074065933,0.239261414497417,10.5051039480256,10.33479108482,18.4292869867181,0.679464539049028,5.90118314471463,6.32030091371875,0.262032855102389,-0.0179364087942424,0.0133584304492363,0,11.6912486847909,8,427.271105420401,1.29372093023256,1.49011006522762,6.1249387366083
19.6646352389803,9,0.7521839904,2.0870028368817,19,0.134243550335054,9.35848355501896,3.90785843774006,23.0520678675773,18.80459976,1.69651910641302,5.79995619025425,3.87370951016758,23.4828823818165,5.81337402654049,3.52656049759849,0.828063464276495,4.7733647723058,2.65271307273733,10,1.95712618473005,8,3.36976264907078,4.13616032971546,4.83133959414419,4.83133959414419,8,0.0489198733681286,11.8697155400072,12.0904496841539,0.279161998156336,12.2604228292774,12.1168556286449,21.7584635904281,0.951805957551812,5.95888167252302,6.72691080371552,0.439999536998481,-0.356836655478398,0.0085660023934441,0,11.9649953841429,10,537.537772087068,1.28967391304348,1.99428199698189,5.681936665037238
41.4421463014787,12,0.738783943030303,2.09330762417941,29,0.110475722938088,20.1871468887152,3.91377484368388,48.4910813293805,24.37987012,2.35718527862919,5.81486937916492,3.88002156786439,46.0536833477091,5.82974957719216,9.62338466451644,1.9588830259971,9.86613975404913,3.29346031182826,11,1.95774810700654,14,3.49802046559818,4.14444666507868,7.071334727584,7.071334727584,13,0.239263668543801,19.7661809938392,19.5683718960981,0.708920908724766,19.3185533095114,19.5323430847301,44.7260637401834,1.3250293459989,6.15394677846705,10.0764127266331,0.646067085831181,-0.874771536534861,0.0092262409668677,0,12.2556751299025,12,863.718058798423,1.3108253968254,2.7323064618264,5.882728704344236
40.5850816075545,12,0.740322333939394,2.09496805780448,30,0.096258603742711,18.0837857633435,3.91481216108337,43.9978602163825,24.43063702,2.26834921038088,5.81701604853122,3.8815030518489,45.6749501474706,5.83191537005261,9.63645191590146,1.85949911487972,11.1923518674152,3.22120021489705,11,1.96219070540602,14,3.48154758637916,4.14547681139231,6.60116699146359,6.60116699146359,15,0.222509637903099,17.6555473913302,17.5733933757308,0.769103067327394,17.4396155870964,17.5343691010607,42.6886575082687,1.29745983469001,6.1494854860942,11.1469034338645,0.492007272300778,0.0289715463676022,0.0094372971817872,0,12.2965089475346,16,710.445331525696,1.29552307692308,2.83784616295169,6.7447274948966935
22.3927557189748,11,0.850856193043478,2.08521245223812,15,0.145390832683488,4.29237411166693,3.90619885937806,23.3127698431065,19.56969244,1.54702149620521,5.79768497476451,3.87161244427657,25.7432622254248,5.81092879741412,2.58543689283405,0.800332615472111,6.17871750899665,2.48281447872464,12,1.94714833430867,11,3.35636632026297,4.13471956513554,3.67237046097541,3.67237046097541,10,0.0781112142611241,11.1368923574344,11.3894498543872,0.322451379140471,11.5917955393326,11.5360960393216,23.4645849459802,0.679718727310907,5.8733876195785,6.03232240861112,0.0582241917647838,0.317043152949089,0.0089949112517729,0,11.524544559978,8,421.791293213828,1.27075555555556,1.86545618632516,5.943095148663527
22.3050342332064,11,0.850856193043478,2.08525417543728,15,0.133763223895318,9.64276044548635,3.90661078942767,24.064987239305,19.56969244,1.71104761281999,5.79819064465882,3.87205574203491,25.6650059106412,5.81144540858591,3.00930550608103,0.837215633773858,6.20128835865412,2.66552241356662,12,1.94677418614307,11,3.35758667251441,4.13491354437138,4.90686711179175,4.90686711179175,10,0.0857255302632834,12.2831501067824,12.4591119231368,0.320566001149159,12.5863375531251,12.4889371145911,23.53971743604,0.679775301957316,5.90518376112977,6.08981539330499,-0.168679251118328,-0.214548250566634,0.0088989736732653,0,11.649839569082,5,509.457959880495,1.282,1.70571288514608,6.036212172654444
23.555285053707,11,0.850856193043478,2.08506564352015,15,0.146303706524086,4.8127855081038,3.90638582015433,23.6844635741049,19.56969244,1.65056858795789,5.7978889352845,3.87186479961633,27.1547243363671,5.81119089889248,3.34171270280855,0.788637323596249,6.08128424431615,2.61366209016839,12,1.94701175215642,11,3.35627898226896,4.13476947844667,4.54804515296877,4.54804515296877,10,0.0878469336277225,11.5809895042002,11.8211682115522,0.324153730278952,12.0105750431638,11.8684316865371,23.5692185106018,0.679720523771481,5.88561368332356,6.23487827877551,-0.0480289374102271,0.077901151811818,0.0099049128000093,0,11.5418405343219,6,448.654038311868,1.28488888888889,1.72601563217374,5.300162274132754
23.5995943753316,11,0.850856193043478,2.08490830692647,15,0.143091485721548,5.23464085869018,3.90682234904245,23.6522769185321,19.56969244,1.6541474936615,5.79839133612776,3.87254010311743,27.3705223012329,5.81190257626986,3.04933271434724,0.786733808017493,5.91553921196361,2.61412583515198,12,1.94687157595382,11,3.35627827341651,4.13483276261313,4.64917308397103,4.64917308397103,10,0.0870153145802214,11.6181335429787,11.8543660352951,0.318496381162543,12.0401710140387,11.9177668873782,23.5279845771527,0.679748552911053,5.91021896272082,6.45245575212585,-0.101077478754692,0.126012178908047,0.0129592891799327,0,11.5931577327662,6,477.516783409907,1.29951111111111,1.55592008901975,5.896196279044043
19.2315483185911,9,0.7521839904,2.08691350922283,18,0.134307147447364,10.5172750657341,3.90773327459922,22.1942821615042,18.80459976,1.70767979137926,5.79975855390872,3.87355301843376,23.4685356640181,5.81317139359221,5.11088072850646,0.654286438406357,4.00511244583995,2.65445815835136,10,1.95693910680322,9,3.37042248713361,4.13611027358504,4.91811089292111,4.91811089292111,7,0.0473263235132863,11.1881161202582,11.4525986865008,0.248988962168937,11.6675392551939,11.4795878071585,21.1136574238499,0.951944081670218,5.94124499838043,6.37067245721471,0.324974969179772,-0.249927529909647,0.0076902409396104,0,11.9499328613046,10,537.537772087068,1.28973913043478,1.89323040302054,5.152427340857888
19.5591124169791,9,0.7521839904,2.08794321269317,20,0.115396358000517,11.7521165834648,3.90947376821854,22.2753781538599,18.80459976,1.8643994809495,5.80231649066716,3.87582010879288,24.0302588886244,5.81591053382654,4.36715160679809,1.32457810375269,6.59591062064236,2.7950907312222,10,1.96087958196653,8,3.45224192124438,4.13715317494677,5.51054217360109,5.51054217360109,9,0.0613154364859349,11.7556157500785,11.9784177596539,0.328382050177513,12.1512615496731,12.0327074329725,21.3613562064341,1.04238411404935,6.09504904919587,8.52956835886578,0.218253892767296,-0.691036583513067,0.0083547218894741,0,12.2018296539581,10,671.537772087068,1.30263265306123,2.58073787749722,5.079876673709276
41.4252645210591,15,0.767293484516129,2.09898601626382,28,0.0959822119974778,17.5899411596486,3.92009640971864,42.3843035043506,23.78609802,2.16993348096179,5.80450455555129,3.88980456299471,46.0971909996826,5.81414767986047,8.88453871772025,1.50118679489295,10.3980100251704,3.08219030360145,11,1.96618249118858,14,3.5192062657597,4.15258409381371,6.38210842523171,6.38210842523171,12,0.21320043296857,17.7471200364215,17.659750794099,0.579526958931565,17.5208428320602,17.7856319288267,41.3797550936991,1.22094167088036,6.08921089908425,10.1735155205172,0.503085827029859,0.158089087987982,0.0100627356243377,0,12.1385459424407,13,692.234063920062,1.29670967741936,2.43629087520604,5.634512015109101
30.7297110743541,13,0.697954366060606,2.09964145368162,31,0.130249133270545,11.3078691581436,3.9204378717805,30.8513981944677,23.03249408,2.13628439574805,5.80532074146577,3.89016177419709,36.2762210093564,5.814826737443,6.04925023429303,1.55696247010855,8.50258822359166,3.09612953335169,9,1.96921978562015,11,3.477976354131,4.15293818944346,6.32925033821234,6.32925033821234,9,0.159713366299695,14.4563282232166,14.5479229383731,0.586961458189117,14.5884381133365,14.7580935261217,31.3910777082407,1.2181864050697,6.0893314601457,10.0935520965343,0.653032323558482,-0.471461837738307,0.0100425876478751,0,12.0471452891766,15,685.39052496799,1.28926229508197,2.11005417304707,4.522878745280337
33.7572566556849,13,0.699866145454545,2.09963830267315,32,0.130412421036889,11.5072881870278,3.92037583929875,37.9109168852261,23.0955828,2.18747228696499,5.80520061993716,3.89009636705327,38.6137705418998,5.81470678117088,8.84901700600648,1.86106589090478,7.80135293750855,3.14299016728367,9,1.96924880068132,10,3.48613230093219,4.15291842123682,6.49417609521297,6.49417609521297,9,0.268470528987461,17.2921011561346,17.214926006435,0.824673029975919,17.0856172523149,17.3519386165103,36.418148763379,1.15877804075697,6.07945708223094,10.0394019259465,0.726787147357848,-0.440151597353762,0.0085745136608277,0,12.0386823099605,15,685.39052496799,1.28922950819672,2.3042905382696,4.672028376376989
17.1073042839757,9,0.7521839904,2.08635950387746,18,0.160380919819661,4.32809757838478,3.90700026330762,18.1957709970769,18.80459976,1.54687440356713,5.79884938551017,3.87266572847961,21.0445826639632,5.8121775097366,2.16831378707832,0.670808226395359,4.16071149353949,2.48265209085269,10,1.95456125147942,8,3.30827630775328,4.13537406950618,3.67142699205507,3.67142699205507,7,0.0364606052749279,8.80372164679005,9.18210038601078,0.238332163160042,9.51083583811969,9.36216878353295,18.2283464971521,0.679372395777045,5.88790650609989,6.03910480250001,0.464703773585464,0.126417749940436,0.010196279193456,0,11.6831658875918,10,403.537772087068,1.27495348837209,1.58790085228257,6.070581074285707
17.0604348137645,9,0.7521839904,2.08646359850713,18,0.146777119096961,8.69496014814417,3.90800075443205,18.5076180809982,18.80459976,1.64066676710757,5.80041278783193,3.87384900224309,21.0118152603815,5.81373161063582,2.3005589188337,0.670478590736808,4.33209873170574,2.59028731357905,10,1.95261233321547,8,3.31456479369265,4.13567972215277,4.43901142022849,4.43901142022849,7,0.0390667834016745,9.52831979825415,9.86904043332458,0.233284027903281,10.1601125119346,9.95894210740069,18.249133037548,0.679555464206985,5.93420054868153,6.094033161875,0.246339638882552,-0.444837132307479,0.0101492581447453,0,11.8252832311229,6,491.204438753735,1.28676744186047,1.63132530510349,5.139063379299906
17.0381499057187,9,0.7521839904,2.08645048357548,18,0.14938087488123,9.26518578522327,3.90778671494238,18.8486149217829,18.80459976,1.76974365320093,5.79999717021308,3.87359985686202,20.9867591094951,5.81334172719985,2.29670448173302,0.695649360055718,4.42620459952364,2.7168928583341,10,1.95275635981431,8,3.31422971602805,4.13564826919976,4.96257486685741,4.96257486685741,7,0.0365053620366297,10.0479959333218,10.3414439008319,0.237844444126045,10.5869479801858,10.4280375920944,18.305509186485,0.679403724797583,5.9269381619512,6.113914411875,-0.0162908020012045,-0.472897818008371,0.0101020192855065,0,11.7632141968444,6,490.204438753735,1.28674418604651,1.40755998681048,6.337242168318426
18.5924615047917,9,0.7521839904,2.08559786896648,18,0.158158999834749,4.89667602464483,3.90858396930357,18.5292126481435,18.80459976,1.54750416536519,5.80094535626413,3.87532940866743,22.7435141538687,5.81507790454784,3.8164349346498,0.599931794382521,5.12700102901298,2.48346401710019,10,1.95313303175846,8,3.30785458259484,4.13555446698148,3.67548185366589,3.67548185366589,7,0.0415195670277218,9.92331176894221,10.2321698616336,0.202039497590274,10.4928888157209,10.3299120353803,18.1424237681099,0.679494040539303,5.94256214989848,6.206032472575,0.320038602256088,0.254663893765051,0.0153468361565561,0,11.7632664307636,7,459.263262283146,1.30511627906977,1.64132100812426,6.1938200260161125
19.8640555988824,9,0.7542146664,2.08575397895544,18,0.160350682281801,5.32185115388786,3.90802894862945,19.2092557638409,18.85536666,1.54755973755737,5.80012048712802,3.87435198799505,23.8931195782344,5.81397275687355,3.55257540634476,0.663469189668382,5.178418320964,2.48371059005063,10,1.9533210222535,8,3.3070017141661,4.13552282969214,3.67563296206769,3.67563296206769,7,0.0449058213976635,10.6811479884157,10.9508997421167,0.238591580789496,11.1715569958242,11.0614480330908,18.5923084219065,0.679478076438323,5.92383684560357,6.196640203375,0.304632871588909,-0.236412053440702,0.0115760848349416,0,11.7186661985785,7,458.263262283146,1.30490697674419,1.55669655186409,5.91721462968355
18.7900840577715,9,0.7521839904,2.08571046051047,18,0.162565111551043,5.70266731870807,3.90801363409912,18.7828784434062,18.80459976,1.76974365320093,5.80012553850698,3.8742849695196,23.0183507889717,5.81391888953644,3.15612269224074,0.672462382203232,4.14166144618413,2.70683956370263,10,1.95326945584079,8,3.30742249384492,4.1355286662617,4.96257486685741,4.96257486685741,7,0.0374603968370327,10.406244834094,10.6700929610307,0.238208008864021,10.8861877432485,10.7989543581133,18.4225837788897,0.679397952443448,5.9269381619512,6.220264878475,0.208919997581328,-0.248788304076878,0.0130666053003404,0,11.718521529221,6,457.263262283146,1.30458139534884,1.59800974516355,5.531652669587842
30.3290050523167,13,0.699155518181818,2.100315590279,34,0.118869953518586,7.10369005342845,3.92109234183281,31.0914702674653,23.0721321,1.9359537171361,5.80634791845735,3.89116449948565,35.9428057914246,5.81601962252365,7.69680587263125,1.15849118290789,9.61005386484823,2.91853675964846,9,1.9757816411481,10,3.46911256704424,4.15365219207748,5.65005878132736,5.65005878132736,10,0.111931585567879,14.3853062057529,14.4652492420164,0.436825661245507,14.4938443726219,14.6389450025323,31.6051302759722,1.05945723085516,6.08224922172238,10.3435048009049,0.598779339180631,0.791048343154297,0.0093831915370854,0,12.1650418021681,19,533.117797695262,1.27428571428571,2.59273822308813,4.522878745280337
34.2084990061107,13,0.697954366060606,2.1001994768437,33,0.118955393491684,7.36979097636664,3.92080365542334,35.2736322158533,23.03249408,1.87938524157182,5.80583261413754,3.8907874966612,39.5124391825243,5.8154959316774,6.67547650283844,1.61620628320003,9.27800727333373,2.87938524157182,9,1.97510005017323,10,3.471445737029,4.15355302924226,5.62731081166063,5.62731081166063,11,0.154159181746656,15.4338295807095,15.4498793390157,0.58131182733428,15.4159247621223,15.601802097435,35.7289595628366,1.09221311702179,6.07466976335075,11.0561731619104,0.927514124058595,0.489501795440807,0.0095507631486538,0,12.0891655793408,19,532.117797695262,1.27422222222222,2.42344805916102,4.522878745280337
33.9868223676611,13,0.699492756969697,2.09968011700452,32,0.152393647823095,7.81912139290617,3.92074423531975,35.5606520489659,23.08326098,1.88811566597022,5.80581789094036,3.89053710463687,39.7774046765621,5.81532815018943,11.4732917872972,1.91376848437285,11.2876641803363,2.86196144993535,9,1.96901477131597,11,3.47060623088459,4.15324498253418,5.69077803822141,5.69077803822141,9,0.286894357447442,15.9784674803276,15.9573469176927,1.12559421388073,15.8862182476797,16.208007668391,35.8348871769329,1.1697190465247,6.0903595265405,11.4657544294679,0.191400721837004,-0.0881418063687565,0.0080864595525442,0,12.0907562261214,14,594.208706786172,1.27481538461538,2.77069573409052,5.023650020996727
28.8588145184585,15,0.767664089032258,2.09889675568643,28,0.111841114650388,8.15890005839556,3.91937873087144,28.4443676876757,23.79758676,1.89960488155872,5.80369841092013,3.88897037266855,36.0665357551637,5.81323949554472,6.74056677885334,1.23489603015389,9.27078208213911,2.85284156975377,11,1.96604169535084,13,3.49423122128798,4.15195394985239,5.50586654999091,5.50586654999091,12,0.110263442322131,14.7428836492081,14.7793179631331,0.431298101311652,14.7664845553981,14.9600936602809,28.5392184346257,1.13720557174752,6.04677101579624,9.01677661909752,0.524409840990216,-0.0506048542454806,0.0106485393941556,0,11.8742949259328,13,557.234063920062,1.28627118644068,2.43201504174863,5.133122185662502
39.8966232875393,15,0.767664089032258,2.09881867871683,28,0.109691432302794,8.28238899117894,3.91981018620645,39.3972200430342,23.79758676,1.89966166143969,5.80420664560669,3.88958856646796,44.0616275613313,5.81390911129692,9.58641165858474,1.62853416831591,9.41510269247601,2.85440585292587,11,1.96599214427825,13,3.49420052434925,4.15201551545649,5.66350972088193,5.66350972088193,12,0.294712204858658,16.94050533495,16.8912274078417,0.909651276584125,16.7896789336443,17.0400763982796,39.5466742756206,1.22012504330767,6.06285034148038,9.11834057338843,0.38511898315325,0.197152112853266,0.0116229295791692,0,11.911362728201,13,586.096809018101,1.29742372881356,2.20146952386498,4.799149501908922
41.8768420123953,15,0.767305092903226,2.09885133000887,28,0.111169157848155,8.22098795341832,3.91967848625366,40.1622230496905,23.78645788,1.9492328217144,5.8040260191448,3.88940317391876,45.8462261240354,5.81368944132382,9.60917887803535,1.62746082954187,10.0668732501948,2.90915853180656,11,1.96600624597587,13,3.49389045438289,4.1520033151725,5.80968920509455,5.80968920509455,12,0.31178613917648,17.727391487512,17.6199642826396,0.908941863144293,17.4618328788307,17.7479449861711,39.8229103888932,1.19741583344367,6.05536830353679,9.11834057338843,0.347062004673224,0.157310816339791,0.0096297103485729,0,11.8896290752176,12,585.096809018101,1.29732203389831,2.2602976087658,5.350665141287858
39.5805945394992,15,0.767293484516129,2.0990711683359,28,0.0963391729421129,12.5669720911672,3.91965962463128,41.8180687023627,23.78609802,2.03185888698861,5.80401051777653,3.88922086125746,44.3010090633254,5.81352319516937,7.66760133792055,1.50442651498613,9.95107666333367,3.00645887209071,11,1.96624569182343,14,3.51944619700617,4.15251528265014,5.90349006326854,5.90349006326854,12,0.19809549686475,17.3124510696617,17.2523082749436,0.581361043958781,17.1401652847174,17.3828449013622,41.2207457253654,1.21789411413621,6.07161911716611,9.98616178551723,0.331241603676984,-0.124449285589877,0.0100719409391886,0,12.0985059790338,15,664.371318822023,1.28640322580645,2.80319007503661,5.367542707815276
41.3283882391235,15,0.767664089032258,2.09906885319117,29,0.0964046439942992,12.9749882613834,3.9196240544317,45.1286500885615,23.79758676,2.03189891302727,5.80395816976154,3.8891833978542,45.4784948799645,5.81346864623789,7.30578381483983,1.39676707802052,9.61742061080721,3.00725605282004,11,1.96623920016994,13,3.53124549293129,4.15249387164481,5.88582086960403,5.88582086960403,13,0.22456639232119,18.5461533409995,18.408386616801,0.687004465872646,18.2181343559141,18.5108823219981,43.6437671649797,1.21883183609373,6.06378749698354,8.99108631562426,0.305953966962632,-0.075584925693269,0.0100013020619743,0,12.0888063170429,15,664.371318822023,1.28643548387097,2.71518275829486,5.521433504406157
42.1123568895961,15,0.767293484516129,2.09921921010724,28,0.0849395497354287,14.184926351288,3.9204659342856,45.6639557795894,23.78609802,2.34470524810927,5.80495824577415,3.89010114906234,46.7520709654115,5.81453848678124,9.42728847584167,1.81236077282482,11.1184957572905,3.29824033414318,11,1.96649315866522,15,3.52430784079861,4.15326680946537,7.12159812368595,7.12159812368595,12,0.240675290839326,18.146432089348,18.0503293156021,0.641416194990607,17.9020513172152,18.1651970225494,44.2721618722799,1.38674303648955,6.14705632345856,12.2396596453883,0.157725446299064,-0.684407407988236,0.0095837203132277,0,12.3051491207594,15,798.371318822023,1.29632307692308,3.05138308293225,5.681936665037238
23.4860250150737,11,0.850856193043478,2.08507729453642,15,0.139306338433438,6.02008043342512,3.90662414534399,24.4625071695229,19.56969244,1.66975062184071,5.79815781442036,3.87215331650521,27.0936616632676,5.8114993688159,3.77245428425445,0.809361730602363,6.17074111181713,2.64052094587666,12,1.94685868499717,11,3.3575084780042,4.13485622341576,4.71661643116515,4.71661643116515,10,0.0958129327664825,12.4488059005506,12.6307439002565,0.324770186851983,12.7634076586591,12.6373302139767,23.6745732357189,0.679751801826549,5.89881844844181,6.26406770267007,-0.151637768342114,0.0629353556517761,0.0099015472536963,0,11.5901395308425,5,492.987371645201,1.2906,1.6700383491867,5.36251027048749
25.6118505152341,11,0.850856193043478,2.08504544582534,15,0.148003136128507,4.57001312572064,3.9063860389588,23.9917881014469,19.56969244,1.66786657637627,5.79788414442003,3.87193075363286,28.8447181667436,5.81125322650018,2.7822145556469,0.789989791988373,6.59843221270595,2.63313922626519,12,1.94705297065154,11,3.35592306185825,4.13475133881326,4.67894940078546,4.67894940078546,10,0.100026099334348,12.7868208601978,12.9238945851021,0.324775268789374,13.012312784,12.9795187202737,23.8022562030946,0.679739285094788,5.88285377470256,6.65414250163265,-0.0918926212945897,0.240752394191888,0.0089303846381709,0,11.5336328339324,6,445.524626547162,1.28868888888889,1.77330505067147,5.333482019445119
24.3516684366321,11,0.850856193043478,2.08546367246724,15,0.123533899455079,9.01646573589461,3.90665200413328,26.8713956888978,19.56969244,1.72286732826895,5.79818140805661,3.87211114507542,28.1257865316145,5.81145934094929,3.63437953047078,0.935602127049759,6.51105518609581,2.67529287877353,12,1.94770003496925,12,3.37652497919771,4.1353093702134,4.98795979456423,4.98795979456423,10,0.0938043117897388,12.60297112032,12.7960846834934,0.299991808071076,12.9396317320046,12.7918444556488,26.0060790217953,0.952073082954551,5.9242738010093,6.97799986666668,-0.0892368204949406,-0.215774519256873,0.0071081632783862,0,11.842284481268,8,555.791293213828,1.28516666666667,2.25120946416052,5.281498311132726
25.7228243602806,11,0.850856193043478,2.08545128357926,16,0.123628172649771,9.98682663570059,3.90661493524966,29.4291945760448,19.56969244,1.72624014124508,5.79812979987239,3.87206966876579,28.9870902000429,5.81140586599502,3.80455503944183,0.843465226296638,6.17628959176484,2.67549888934611,12,1.9476776718285,11,3.37795497299685,4.13528572637701,5.00263116471281,5.00263116471281,11,0.114102344599324,14.0009360203563,14.1117552928392,0.401684341476673,14.1714659570882,14.0790141392267,27.9095615739152,0.952075687917982,5.91233626455308,6.0279757807605,-0.0932837638037386,-0.147742352107616,0.007606779058406,0,11.8297342994413,8,555.791293213828,1.2851875,2.14407486402965,5.958607314841775
25.8398229568104,11,0.850856193043478,2.08584475145002,15,0.107355865937632,11.3317725842374,3.9074569833344,28.8735271963859,19.56969244,2.0,5.79909871583178,3.873050844848,29.7644218876704,5.81247834220892,4.89968226444568,0.976681431351131,7.67580123275432,2.96150972475825,12,1.94871518942587,13,3.47012131667029,4.13605424467827,5.70175287829319,5.70175287829319,10,0.117034467466861,13.3062032158341,13.4711985946691,0.349084614363718,13.5863760953809,13.4839001850009,27.7323847295995,1.15686642025533,6.04104882820921,9.01815182343752,-0.22667165103931,-0.668848919171628,0.0059407174154966,0,12.1020140562248,8,689.791293213828,1.2978431372549,2.53350657362591,5.042871802323187
25.9147082477414,11,0.850856193043478,2.08526639805938,15,0.123020180351105,13.0196010141273,3.90709256594108,27.3503099966396,19.56969244,1.88421308352703,5.79866868432545,3.87274577813731,29.5992400472743,5.81211967277179,4.57338784193194,0.936012541060902,6.95373342572201,2.81751766350705,12,1.94747499108663,12,3.37652497776764,4.13538020541474,5.48143772846791,5.48143772846791,10,0.110033584332844,13.0737568927202,13.2403738755468,0.301705785245481,13.3574218566644,13.2650102836887,26.1754888734622,0.952077511462652,5.95780240352188,7.29786136222221,0.0967794595510533,0.013051123285061,0.007064201247243,0,11.8937214724149,6,583.654038311867,1.29845833333333,1.84094278948954,4.9503943874050265
25.9642896638659,11,0.850856193043478,2.0854202267248,16,0.144024388622942,4.70038542153165,3.90635972764003,27.4690923995726,19.56969244,1.66786657637626,5.79785955265434,3.87181230063188,29.2007062475944,5.81113688629105,3.19423734429536,0.823801995925968,6.21633363799412,2.64182490555262,12,1.94815826769185,11,3.36721535032978,4.13510020430028,4.67894940078547,4.67894940078547,11,0.0958876372497963,12.440893023531,12.6056004207912,0.407226151280787,12.7214737042995,12.6268551158666,27.731957641578,0.679754665421681,5.88285377470256,6.04383076224197,-0.0593782226173651,0.303923368794011,0.0076771393285515,0,11.5862005164535,9,431.791293213828,1.26827083333333,1.8956692483107,5.568636235841013
27.2039603044723,11,0.850856193043478,2.08524944045023,15,0.184532238023741,4.80821127789211,3.90636718569967,29.3379133182671,19.56969244,1.6762099698216,5.79786863424449,3.87179440033667,30.3740061385809,5.81112158012367,3.07366880190235,1.03942882958673,6.91181186720396,2.64510929684034,12,1.94700907843017,12,3.36751996111355,4.1350185992864,4.72564647679473,4.72564647679473,10,0.0774674265065246,13.2962626481535,13.4185115066302,0.331958614819387,13.4912410531746,13.5029695308994,29.3253511812166,0.679787169324939,5.8889606341668,6.76538744319471,-0.332433903193402,0.486443267407723,0.0080670353895648,0,11.5747937626511,6,462.336747759283,1.26879591836735,1.98662861574819,5.522878745280337
38.3980099757011,14,0.811127832258064,2.09228447187331,24,0.0977605520379153,14.4629404136583,3.91073756724642,39.803400471549,25.1449628,1.9886459186502,5.81053820021251,3.87600046494289,42.2098159250438,5.8247431661214,7.8988858684255,1.64801038585883,9.94836439968026,2.93584730754335,13,1.94979386570679,17,3.48668303786693,4.14243457004813,5.74560199741264,5.74560199741264,15,0.274005127498952,17.2883723027542,17.2029228923542,0.80268034552781,17.0667636899102,17.3223247133072,39.580675791489,1.21578267960654,6.05960628228283,8.22359595691358,0.114184805493313,-0.0230251946004177,0.0089341073716331,0,11.9201841626232,11,634.502774221084,1.28543103448276,2.1503394145929,5.701146923590294
38.2474011432428,14,0.810955876129032,2.09242824118356,24,0.0929478100131784,15.4812502021436,3.91223726046562,40.9471585578895,25.13963216,2.16043821835585,5.814397461068,3.87757817682958,42.0689129924345,5.82855423101921,7.89398774143099,1.67592023695014,10.24019936405,3.10995190444752,13,1.94919752938169,17,3.4881133789886,4.14287960214159,6.08413503579686,6.08413503579686,15,0.291578385591064,17.9430356867673,17.8271166579929,0.79766481178366,17.6607758001147,17.7534436892716,39.6697284138599,1.32656890354593,6.0936046728347,8.28947784134431,-0.195563203449716,-0.608452023504005,0.0092161245472123,0,11.9838656230877,7,721.16944088775,1.29413793103448,1.97545100434762,5.235077015350112
40.3195355953637,14,0.811248503225806,2.09103003531457,24,0.0967985314564983,15.6477569224147,3.913867616122,40.3888303983442,25.1487036,2.15461556103823,5.81701976593981,3.88051565605327,44.5218585223447,5.83163528352519,8.195206886172,1.57880136936584,10.4669986354368,3.09752440700694,13,1.94931657791967,17,3.48657729643432,4.14273956970928,6.09102740156653,6.09102740156653,15,0.214305243572816,17.6677899104503,17.5707724348348,0.633928794340605,17.4229610229974,17.5456832717568,39.7182086717263,1.29152335610816,6.10785026742414,8.52283529965706,-0.0259654210182468,-0.529491932775204,0.0157559520674172,0,11.9839058760611,8,690.228264417162,1.30774137931035,2.08951745516228,6.769551078621726
42.4576033034627,14,0.810955876129032,2.0913009199319,24,0.0977475994138074,15.1259133151332,3.91265217466304,41.1924226014376,25.13963216,2.17305375675117,5.8140785599503,3.87876893832918,46.2885782584191,5.8286176526699,7.9064308139731,1.625110354853,10.968875561967,3.11982549364105,13,1.94937391757657,17,3.48644506178551,4.14267384168471,6.13142869807592,6.13142869807592,15,0.32359867968602,18.4796435917384,18.3282552404972,0.802793025681708,18.1264170616564,18.2912784354794,39.9928433104993,1.2629734919958,6.09064559504691,8.5259692897668,-0.032439826998105,-0.3975298008094,0.0099834935382398,0,11.9482972822256,8,689.228264417162,1.30758620689655,2.04826861813869,5.723538195826756
41.2611174771627,14,0.811127832258064,2.09122472469306,24,0.0986923525887486,14.6037717937191,3.91265932900002,40.7223400420166,25.1449628,2.16043821835584,5.8142116842936,3.878698246441,45.2847954020302,5.82866881412825,7.89513125748119,1.61941666871732,9.91929115176267,3.10551565239557,13,1.94935822931595,17,3.48649533757078,4.14268620301659,6.08413503579688,6.08413503579688,15,0.313863007102775,18.0773659231443,17.9493882808285,0.789138567705945,17.771459878599,17.9104114868401,39.8010769860575,1.32624678457606,6.09360467283469,8.55773672150891,-0.0709554115570478,-0.45470050198707,0.0159012692638528,0,11.9481822968537,7,688.228264417162,1.30739655172414,2.09182968304849,7.221848749616356
40.3636843652899,14,0.810955876129032,2.0917472751288,24,0.0945863660265337,15.7044217151827,3.9124299517842,41.3239211588274,25.13963216,2.17305375675117,5.81411776109006,3.87811711494723,44.1733665071777,5.82835359939541,8.07275293922776,1.63968205713001,9.83016073140164,3.12084322927971,13,1.94929669044541,17,3.48774070155185,4.1427599839816,6.13142869807592,6.13142869807592,15,0.318977940846182,18.3857292188246,18.2417973440777,0.802694430483448,18.0472728665722,18.1810380081563,39.8786910279175,1.27904688218053,6.09064559504691,8.42898080266117,-0.108798358884058,-0.362483173062221,0.0099005553148233,0,11.9670086112496,8,705.698852652456,1.30075862068966,2.0736987979901,5.809668301829708
41.1682934382813,14,0.811127832258064,2.09126142626994,24,0.0935073998428528,15.6476033496091,3.91444177120494,41.541616500601,25.1449628,2.1736480721593,5.81835664069892,3.88124759512283,45.197161070041,5.8328910036398,8.06858664873459,1.62718631458033,9.80379359057374,3.12176127035949,13,1.94914322921348,17,3.48764088604248,4.14289990447593,6.1358555439154,6.1358555439154,15,0.317463820777128,18.4156979747076,18.2751911883275,0.788625348025021,18.0841810683275,18.2028738439674,39.8882373699682,1.32940421236564,6.11534897561845,8.5795773229321,-0.144503246399438,-0.555323982202968,0.0158191589943376,0,11.9941747135947,7,733.561597750495,1.31181034482759,2.10335659821585,6.4089353929735005
43.7709353534862,14,0.810955876129032,2.09224919650276,24,0.0975118141344335,15.6802102880364,3.91259834542305,44.9410678970437,25.13963216,2.17305375675118,5.8140682932687,3.87853571235511,47.6212894572185,5.82845156735274,8.01550191781334,1.62217875741512,9.78717363035874,3.12187063469959,13,1.95102510040898,18,3.49734294220139,4.14329754827986,6.13142869807592,6.13142869807592,15,0.313848489913212,18.4189349880674,18.2724453232827,0.814721811424632,18.0754020208706,18.2205590857901,44.4879298387133,1.29630390628339,6.09064559504691,8.65249904432132,-0.317156917151832,-0.237460422881034,0.0095006755073221,0,11.9954727624825,10,672.365519319123,1.29327868852459,2.05551914636633,5.703334809738469
19.642297293838,9,0.7542146664,2.08706497115682,19,0.128479174521818,20.9125959745017,3.9085854489231,23.3312678624258,18.85536666,1.78086163894543,5.80107215981107,3.87460905050958,23.46333129371,5.81451198472529,3.66215773785098,0.823063158041511,4.91726742772916,2.72630513610681,10,1.95570192401415,8,3.36977057681199,4.13633936804563,5.32265932206994,5.32265932206994,8,0.05102315503106,11.8862265686598,12.1105487711691,0.2801483419521,12.2844916349876,12.165382918368,21.8097321816095,0.952000077771527,6.00121708789939,6.73900743027042,0.162368526035813,-0.611534324140135,0.0085005422149477,0,12.0568816404304,8,581.871105420401,1.29517391304348,1.97187124484141,5.671620396561262
20.714432764522,9,0.7521839904,2.08728002724137,20,0.198324582013161,5.46813310124073,3.90839882293747,22.5826897122282,18.80459976,1.54768564020672,5.80084250186091,3.87452537658404,24.9920515340244,5.81436220766032,4.01335752616421,1.19612653201849,6.46660617575614,2.48407343335595,10,1.95854608306227,9,3.34873964651159,4.13646212539095,3.69909248904206,3.69909248904206,7,0.0549838805103333,10.6877650182211,10.9565197211179,0.247295263316661,11.1765799224532,11.10113985437,22.5332218789918,0.679685617876261,5.95838614150115,8.71494232171119,0.0747812372049006,0.253307014387379,0.0074869261104504,0,11.9820939827057,9,456.083226632522,1.27012,2.10551122672503,4.997402019280091
16.674787399038,9,0.7542146664,2.08647931227245,18,0.146119214896193,8.61831628072708,3.90753459749677,17.2588283675438,18.85536666,1.77288780812167,5.79953773759906,3.87325221345661,21.5528596201137,5.8128707774013,2.28901553111768,0.63281074226587,5.85097858823775,2.71921479376077,10,1.95368833295341,9,3.39185324324287,4.13585844961748,5.30460686295962,5.30460686295962,7,0.0330482367582119,8.60987025808542,9.0064019483256,0.197108524690095,9.35493239125706,9.14403216599742,17.438274237905,0.951811797206237,5.94835294478792,7.20166064917355,0.322853525924048,-0.887994537939973,0.0091225296748615,0,11.7754129315076,8,576.810499359795,1.28878723404255,1.69573808814181,4.861697301833718
20.5308243998018,9,0.7521839904,2.08651415006922,19,0.133642365596854,14.5636596524258,3.90877279222892,23.3053427439751,18.80459976,1.78086163894543,5.80115758692167,3.87517901563894,24.528878874683,5.8149727873644,4.5528987366524,0.823206677848149,6.04583900616821,2.72383590156458,10,1.95613130864677,8,3.36976164694814,4.1362626577366,5.32265932206994,5.32265932206994,8,0.0536430145588603,11.8996008937655,12.1247429520477,0.280569915423611,12.2994449159364,12.1828213256728,21.8620953590948,0.951983462633487,6.00121708789939,6.89384859764738,0.373861170873641,-0.447524889134283,0.0098568650476483,0,12.011000749357,8,565.400517185107,1.30363043478261,1.82371224492101,5.85078088734462
19.729264756532,9,0.7521839904,2.08769753705472,20,0.157063715313508,5.02867712117005,3.90795716029031,21.1870431176626,18.80459976,1.76974365320093,5.80008460268884,3.87402664694167,24.1757429306927,5.81367748267197,3.69023070190557,1.08302952224482,5.75348186275282,2.71847999077671,10,1.96712333764406,8,3.34960488393402,4.13650716628115,4.9625748668574,4.9625748668574,9,0.0508823937776017,10.1863299870905,10.4681266746113,0.324300205463735,10.7021003258028,10.5730774578977,21.2629886141059,0.679406836357181,5.9269381619512,8.03895047134216,0.332129709691577,0.54326863890852,0.0084399041851119,0,11.8301997806189,12,423.537772087068,1.2694693877551,1.99469594554925,6.086186147616283
19.381628282488,9,0.7521839904,2.08647003622582,19,0.146324749508522,8.6756073813197,3.90746662530511,22.2231713635037,18.80459976,1.78124790400174,5.79941906545178,3.87317520216834,24.0562137706274,5.81275485861368,4.25160393497714,0.76273693448908,4.46060504043739,2.72709254975266,10,1.95374761932064,8,3.38692505249059,4.13583631242506,5.32515917813156,5.32515917813156,7,0.0494984665595023,11.1049486738757,11.3791818319838,0.232599110799634,11.6044357313384,11.3780963236871,21.1833374218637,0.952006101032661,5.93416112208707,7.13039957892562,0.271131549201915,-0.509930814774902,0.0069076511966166,0,11.764292767398,8,576.810499359795,1.28887234042553,1.89942554429801,6.366531544420414
22.5033102455493,9,0.7521839904,2.08656870304183,19,0.17025182472354,5.16891597645828,3.90787351798903,24.4240856370418,18.80459976,1.61089146183021,5.80003477957619,3.87369915653854,26.8865457327059,5.81340066185761,2.94985892090873,0.74635681932604,7.37501174052927,2.52182085523948,10,1.9532044503847,9,3.36014782207941,4.13615278760333,4.16905551075453,4.16905551075453,7,0.0368207823833479,11.5832192714441,11.8109355988829,0.222028351730136,11.9889797378638,11.9445471986307,24.3249213368475,0.679657314340932,5.95079786124064,8.49064211067709,-0.0433200098969635,-0.250240520322629,0.0087932197850132,0,11.8322601218059,7,485.628681177977,1.27047058823529,2.01632218989231,5.4156687756324695
38.0816060386029,12,0.738622408484848,2.09305075387095,28,0.0945166876968622,19.0417327317278,3.91517933185702,39.2947994580929,24.37453948,2.28373098819587,5.81869740763526,3.88187794147431,42.7820803241985,5.83348653180416,8.01981984482482,1.62150810088981,9.73251571595473,3.21957201853388,11,1.9556316194094,14,3.48697247257374,4.14436380600908,6.90142878594206,6.90142878594206,13,0.213246160808664,17.5768240816539,17.4991538249576,0.66976602625551,17.3709269857038,17.4730680763769,37.1228980130525,1.2167131018575,6.16001570552132,9.11798256537189,0.531444615427568,-0.443400765964841,0.010072183686256,0,12.2421877156787,11,761.641409957068,1.31733898305085,2.29634152218265,5.966576244513051
35.5458977497044,12,0.738783943030303,2.09301384624112,27,0.120992514189746,12.9727670712881,3.91298131770877,36.4454603064936,24.37987012,2.28778436108732,5.81422550446923,3.87884960756297,40.2717490520136,5.82884265196669,8.85511757382679,1.39910431997376,8.83442083808097,3.24150689093684,11,1.95505502251672,15,3.48361542756223,4.14373203889904,6.90862034714165,6.90862034714165,12,0.160441437304745,16.5489179547563,16.5372170559735,0.597745980582867,16.4737875012277,16.5152684859915,35.2828373131416,1.27909362662141,6.121746842132,9.44921978984375,0.340533163714601,-0.639202048862717,0.0105353575728281,0,12.0599824068541,11,773.051392131757,1.3055,2.29661262999628,5.823908740944319
41.9977629994332,14,0.811127832258064,2.09161171450811,24,0.0991199796852808,14.5945777716149,3.91143260314946,40.5816875625724,25.1449628,2.16415475484113,5.81168987697103,3.87716169143959,45.7696469844984,5.8262001950927,7.35198827037743,1.59998700224429,9.83206237042497,3.09835628027806,13,1.94962606390938,17,3.48629661293089,4.14250881671505,5.99006889872868,5.99006889872868,15,0.240635370393068,18.2454847656791,18.0934044688892,0.714135501585056,17.8921270965418,18.0958800791641,39.9869366041668,1.23911367360882,6.07115595138465,8.59719018990055,-0.0661262156576571,-0.100180758373773,0.0109602993733714,0,11.9265667327912,9,658.236107554417,1.2993275862069,2.13675005455284,5.425968732272281
41.7605971295617,14,0.811127832258064,2.09324728909685,25,0.085994871586899,17.3989488516872,3.91226062707898,46.3139009072265,25.1449628,2.18293741991066,5.81372127447898,3.87768092659315,45.5841820463237,5.82794450457889,8.15177738351886,1.96369805630671,10.4343818635902,3.13094358335978,13,1.95084327760725,17,3.50285531649083,4.14359083042212,6.15499240648988,6.15499240648988,16,0.302665969852909,19.0822755254156,18.9090385804623,0.800787626285805,18.6849183686801,18.8538464789763,44.2701113442958,1.32551499282953,6.1190976287384,8.88395963815944,-0.0188598696375807,-0.627008365688642,0.0087758050501079,0,12.1487955712726,11,768.502774221084,1.29603278688525,2.56606589252953,6.356547323513813
21.7636131766772,9,0.7521839904,2.08668915621692,20,0.148111299004496,6.17592571523089,3.90873824334041,23.4215699015806,18.80459976,1.78567789193783,5.80142461922543,3.87473798758201,26.7330716088193,5.81474632169287,4.34907803619546,1.1026466745237,9.71557307154095,2.73175884552771,10,1.95263775856324,10,3.36035297992921,4.13660229475459,5.33661567240373,5.33661567240373,7,0.108680681618639,11.3430897217803,11.5840650557958,0.69820792097245,11.7764103195757,11.7358047688198,23.345766550117,0.862079053648769,6.01449800229903,9.9455395464349,-0.573749625467484,-0.106027800222138,0.006815785455268,0,11.9457880857128,6,527.174135723432,1.26869090909091,2.03362250630539,5.812479279163537
37.2370994123515,12,0.740322333939394,2.093654664768,27,0.094899665986564,15.207362440979,3.91331297735385,40.16069223776,24.43063702,2.25175593983279,5.81468607146613,3.87931500342817,41.6577121851705,5.82929552795401,7.66023342504342,1.40477319933804,7.59658665882848,3.21232144183349,11,1.95584867207872,15,3.50499757930313,4.14411439904366,6.87409478353283,6.87409478353283,12,0.230988315883932,17.9738332408236,17.8642940459878,0.721745566322016,17.703759185165,17.8227240178197,37.9754678822747,1.21659649360179,6.11491079662443,8.52714238915702,0.423179175003759,-0.62625280743183,0.0095848584239634,0,12.1940338729316,13,733.778664859029,1.30649152542373,2.38215292342099,6.251811972993799
38.0846616003862,12,0.738622408484848,2.09502005934863,29,0.0837234375374113,16.1727450722192,3.91632726163994,40.8214460564571,24.37453948,2.5072547728156,5.82206328013969,3.88282542754443,42.8510540200458,5.83667318883624,8.34195954707473,1.7120780298866,9.96756085512474,3.4504286589782,11,1.95718958240481,14,3.49023633024492,4.14562575010977,7.68185337438849,7.68185337438849,14,0.22923199948992,17.7784170222351,17.6951840363821,0.698527554034326,17.5612114220406,17.6529492214331,38.6795119265903,1.30820730282637,6.23298303014414,11.1485113177765,0.161677972844846,-1.07100476049679,0.0095355679473142,0,12.3964992980947,13,867.778664859029,1.31587096774194,2.86463593887981,5.935542010773082
36.5063280031428,12,0.738622408484848,2.09385106569626,28,0.0915180656179078,24.8689115929878,3.91485888433282,39.4098440978664,24.37453948,2.28373098819587,5.8189058655347,3.88101492373067,41.2189994272011,5.83349753397915,8.12644366813141,1.63066131923537,8.59658297455426,3.22319690241629,11,1.95552241205067,14,3.48933876544057,4.1444796923087,6.90142878594206,6.90142878594206,13,0.208722549309333,17.5238915437832,17.450366496317,0.669308669312887,17.3262374252189,17.4095151725931,37.0555810890353,1.23241455086139,6.16001570552131,9.04137877253222,0.294805014355907,-0.640621406385199,0.010082199748021,0,12.2787692424807,11,778.111998192362,1.31076271186441,2.57946423991312,5.943095148663527
39.6962107505172,14,0.811127832258064,2.09246748562478,24,0.110427610526827,18.2430346214074,3.91166280178827,42.2516449999242,25.1449628,2.22771453992356,5.81249834963518,3.87693161657985,43.999272132622,5.82672702856492,10.0833741306593,1.57113128348494,11.0189319519448,3.17779040085586,13,1.9494956961486,18,3.49781810514778,4.14311114104298,6.47124177322363,6.47124177322363,15,0.253879869772228,17.7321193647717,17.6492713716902,0.758293017279252,17.5150122384732,17.638175479809,41.3056018364543,1.33577701160591,6.11071737564688,9.34016208681329,-0.0397315131124256,-0.697824048514144,0.0088888024407583,0,11.9936607480739,9,807.775501493811,1.29525806451613,2.34568718763147,6.022276394711152
38.2271668225269,12,0.738783943030303,2.09299346952684,28,0.121133404872878,13.5827351784014,3.91283321473811,41.5484505154745,24.37987012,2.29959604240033,5.81376255024189,3.87870650831822,42.6757900149301,5.82834984313131,8.72216792695505,1.70798595767592,8.07790102981183,3.24881699738148,11,1.95506806906903,14,3.49505123649654,4.14369101342155,6.89129647826457,6.89129647826457,12,0.206409339980276,18.3741934959418,18.2388163135135,0.678175015091048,18.0531121884804,18.1995356506284,39.1592543920076,1.24022731540046,6.10961613468399,9.41530659765625,0.376765129501695,-0.688847629241978,0.0096213594494856,0,12.0516278257466,11,773.051392131757,1.30553333333333,2.35013160862135,6.356547323513813
42.8481877743363,14,0.810955876129032,2.09244823997926,25,0.110544958735799,18.6522351342294,3.91151417376839,48.0481438031848,25.13963216,2.25837349510437,5.81203003505121,3.87678744836089,46.7478944649746,5.82623081857974,9.20553251368195,1.94427977742026,10.2470663765994,3.20393843492794,13,1.94951421352252,17,3.50483773457049,4.14306984078016,6.56294028375128,6.56294028375128,15,0.263942793197053,19.5464869060947,19.3449549676565,0.780256424981081,19.0930434966855,19.2903747874833,45.7174966781375,1.3303530438918,6.0981796899584,9.27311995658737,-0.105300451157806,-0.65747737641885,0.0088490492318512,0,11.9847307249046,9,807.775501493811,1.29525806451613,2.4059184430054,5.421360790031928
43.0308388101597,14,0.810955876129032,2.09422151040059,26,0.0963308750250069,14.4445220824076,3.91255475639987,45.3449666017914,25.13963216,2.16043821835584,5.81420472786427,3.878279801459,47.2297401792617,5.82841288369521,8.36434590591849,1.83375916630915,11.5030461336304,3.11336461651101,13,1.9587512821223,17,3.49658191824975,4.14408832899401,6.08413503579686,6.08413503579686,17,0.257211891264726,17.9940987967939,17.8736287627094,0.81484168296627,17.7029151972728,17.8137852825485,45.1658773089152,1.32678336316899,6.0936046728347,10.2137199472889,-0.138728833721661,0.266368472270606,0.0087936750820882,0,12.037939277754,13,654.502774221084,1.280203125,2.63277616338622,6.920818753952375
42.5041751958487,14,0.811127832258064,2.09229262573043,24,0.0910605739631306,18.3060769195472,3.91127701394025,43.3355177029008,25.1449628,2.16993348096179,5.81107269056886,3.87676548273325,46.8900194633785,5.82549538266317,9.49115309123321,1.74730997399231,10.7082796117392,3.07860753050514,13,1.95035382828778,18,3.51333643530271,4.14295901613733,6.38210842523172,6.38210842523172,15,0.315130201489649,17.8978293702435,17.8022161265187,0.813927541890468,17.6550748774698,17.9231255874072,42.4147931147975,1.21774749647802,6.08921089908424,9.41768262013234,0.465124364695573,0.230923531382253,0.0088253937276385,0,12.1114389445541,12,708.698852652456,1.29822950819672,2.30707130283317,5.85078088734462
42.3500941547334,14,0.812748848387097,2.09243623032813,24,0.0868707688287794,19.5212069125486,3.91280052876981,44.4978201681507,25.1952143,2.29100209827345,5.81495574255268,3.87837353293095,46.7449535751929,5.82933762965224,9.48510529163662,1.77639428636089,10.9945944257752,3.24357390166428,13,1.94979013967964,18,3.51396060356715,4.14340938313407,6.58016901544188,6.58016901544188,15,0.333905370562394,18.5429871180933,18.4170956940243,0.809103853904153,18.2399031524395,18.3379458499938,42.5021979110262,1.4442592561849,6.11970158251507,9.47978216229914,0.143547844592835,-0.379862014351821,0.0089706546850242,0,12.1643223793632,8,795.365519319123,1.30650819672131,2.13371154587764,5.7121982700697735
45.5495771074928,14,0.812748848387097,2.09123414170093,24,0.0918685022905276,19.0923255029003,3.91322867771844,44.4007238463396,25.1952143,2.29100209827344,5.81477603843681,3.87951168065576,50.141255282009,5.82946989391334,8.90895864983687,1.70126929559453,10.6664938984841,3.21940907287823,13,1.94994218743062,18,3.51325381731543,4.14321369579669,6.58016901544185,6.58016901544185,15,0.290639180355172,18.5615425544948,18.4406504344344,0.707606963585552,18.2677254830415,18.3730114575158,42.7628137907414,1.44135903423859,6.11970158251507,9.78801073648199,0.258067207061179,-0.189810938366389,0.0134866425879288,0,12.1346192331453,8,762.424342848535,1.31908196721312,2.27255094903169,7.522878745280337
36.698295010325,12,0.739058835151515,2.09470000639501,29,0.107598630252621,9.30152861513068,3.91386609282828,38.2226749484889,24.38894156,2.19622708522731,5.81591194639853,3.88018376033502,41.7959034529809,5.8305123076314,8.75144024113833,1.61051048344695,9.49322232097807,3.17401024533715,11,1.96092958948438,14,3.47229179166846,4.14470506234312,6.48232737555914,6.48232737555914,14,0.194075572529255,15.9365480895041,15.9452268718375,0.710678589907494,15.902981950105,15.906595625135,38.2889805601597,1.21662305114615,6.10518084430622,10.5651361914388,0.281959456906922,0.210091540646948,0.0119956667777004,0,12.1014776921072,15,619.778664859029,1.28967741935484,2.59691466925366,5.785156151952302
30.2152133352745,13,0.697954366060606,2.09920015290761,31,0.119672194146179,7.82645971348002,3.92135271197067,30.3221486413851,23.03249408,1.87512577946438,5.80665807580147,3.8918086404652,35.4648630738746,5.81665556337621,8.86726972478489,1.2427427315711,9.16531861141798,2.84818942652538,9,1.96898528237592,10,3.46307612556753,4.15260108681175,5.63359952238012,5.63359952238012,9,0.166598470757169,14.4443760498602,14.5296244163024,0.61704266327411,14.5627535780792,14.725701002894,30.6735947807124,1.10891801865859,6.0845916833304,8.81308691906372,0.718374389640572,0.322743215817088,0.0124691663879203,0,12.0379023532945,14,567.843287891341,1.30156140350877,2.1341613639013,4.522878745280337
32.8241555194821,13,0.699155518181818,2.0994241493746,31,0.116330831337114,8.70041844355229,3.92075775410443,32.8752357433463,23.0721321,1.88574475353457,5.80579647259438,3.89071711717671,37.4703249323873,5.81544467303677,5.36382140110664,1.13376108995536,7.56227494299381,2.859714259552,9,1.96897781836648,10,3.46408334067828,4.1526245719876,5.68226078175749,5.68226078175749,9,0.135565896942126,15.7330923736923,15.7374954407643,0.481907428912043,15.6912384344483,15.8855238196685,32.3946730183775,1.15209988585414,6.072392004519,8.87680314024208,0.709084847878902,-0.0950298523807916,0.0101681631048892,0,12.0218988537039,14,583.313876126635,1.29447368421053,2.01421157940873,5.094743951251549
32.8814519510434,13,0.697617127272727,2.09927559450978,31,0.114718111759137,9.71140179021218,3.92175270782508,32.8452803444744,23.0213652,1.88575434173077,5.80727507478918,3.89228966914665,37.9138925208317,5.81726102049671,5.56808774783469,1.12957750130093,7.54524652898872,2.85993272268778,9,1.96877003334533,10,3.46400035895445,4.15270421300818,5.68900085954173,5.68900085954173,9,0.136068983041936,15.716757822231,15.7229548180793,0.483029490368246,15.6787424201651,15.8791551029993,32.3333489431159,1.15216452630353,6.09158841215426,8.86166592632609,0.651786340125249,-0.300928410241858,0.0106362477516148,0,12.0476324941981,13,611.176621224674,1.30566666666667,2.02600673148511,5.13430394008393
17.8812448771448,9,0.7521839904,2.08794145987161,21,0.156933298971348,5.0237817632671,3.90828691256117,18.989221168941,18.80459976,1.70402406199931,5.80060769706017,3.87449969978489,22.7575624492362,5.81425414211818,3.45141190111741,0.698202149223211,5.3836326114122,2.67378182845933,10,1.96817209993037,8,3.37551908763051,4.13662176535031,4.81201756306983,4.81201756306983,8,0.0446979706180619,8.80012565728102,9.20119510273886,0.257058565316147,9.55195145802688,9.29502355514037,18.9858659526258,0.679454968889832,5.93847188368962,7.45890231568998,0.182469810919726,0.52102051495733,0.0097963333136238,0,11.9274445106608,12,424.537772087068,1.26963265306123,1.92308020890134,5.563837352959244
33.9487781943495,12,0.738783943030303,2.09283659612082,27,0.1093854263302,9.29438252846417,3.91204493252467,33.8643696490085,24.37987012,1.88574475353456,5.81227099603051,3.8779054662552,38.2890974272912,5.8268535756994,7.9399100485317,1.35167489659634,7.75922047108329,2.8575640452188,11,1.95524957959039,14,3.44460604687729,4.14305535019494,5.68226078175749,5.68226078175749,12,0.177388669048434,15.9116068752049,15.9076103329085,0.598592927027519,15.8528403726717,16.0505811592949,33.460403628141,1.1514796748766,6.07239200451899,8.187652188125,0.576728063466434,-0.0468381607156752,0.0107069071367588,0,11.9913864420863,13,599.778664859029,1.29605357142857,2.19280967737873,5.935542010773082
31.9749349561008,12,0.738783943030303,2.09297577905092,27,0.103395116743929,10.8072362968245,3.91354875999419,34.1364033148621,24.37987012,2.1962270852273,5.81609642995089,3.87948531242586,36.7691272755915,5.83065055133837,8.28505367579446,1.42879386345602,8.22905025425034,3.16397736723974,11,1.95485925222886,14,3.44907928827105,4.14349786425147,6.48232737555915,6.48232737555915,12,0.226858329498839,15.871676918436,15.8862117850228,0.685061010445901,15.8496002099629,15.8318061854471,33.1328315000589,1.21661503546547,6.10518084430623,8.27026429981139,0.186576075050219,-0.68212943593029,0.0121077741157661,0,12.0508187260779,9,686.445331525696,1.30510714285714,1.92649344170806,6.346787486224656
36.0242375729153,12,0.738783943030303,2.09162207236245,27,0.108182419471468,11.9498419572893,3.91516787010194,34.3914355421474,24.37987012,2.18194909348909,5.81869366030282,3.88238395949183,40.4522246008984,5.83369244955341,9.0078458424712,1.4017727464357,8.30226233797649,3.13331781456281,11,1.95493655486752,14,3.4442808499702,4.14335847668298,6.62371581496481,6.62371581496481,12,0.322054080814322,16.7079227947449,16.6553763333136,0.664170768738301,16.55314831916,16.6516951012771,33.3715115218233,1.21661529924291,6.11884826237434,8.20162440019602,0.475367414256011,-0.563976717129703,0.0104541897086338,0,12.0508563722799,10,655.504155055108,1.31921428571429,1.97619141916537,4.633017024022149
36.1206706785211,12,0.741845106666666,2.09315556474637,28,0.0976861204636099,18.94296908312,3.91296523139972,38.7779376970143,24.48088852,2.17916057887055,5.81336386443946,3.87919802694728,40.7944170659567,5.8282348162782,10.3164944581101,1.481870370329,9.62677812527989,3.06171763127886,11,1.95788880986932,14,3.46581965967087,4.14379451397928,6.52081793661175,6.52081793661175,13,0.193955822461088,17.0130495775814,16.9643809044262,0.638063824948585,16.8634968119726,17.1049054310219,37.4268725137961,1.12921457818544,6.12180440302448,8.95673689364297,0.763419411339305,-0.428850383623829,0.0099951622756665,0,12.2068294373877,14,690.445331525696,1.30218644067797,2.46722541931871,5.739928612014925
35.6496120065024,12,0.740322333939394,2.09329160306068,28,0.0928805240434246,18.8194003126156,3.91449095842524,39.4424702822159,24.43063702,2.26834921038088,5.81719265470245,3.88079840868612,40.4207584989364,5.83204439775843,9.16025897388818,1.62589063819757,9.93146662958557,3.20573233775169,11,1.95758463223389,14,3.46787847539163,4.14424243454904,6.6011669914636,6.6011669914636,13,0.255101935178707,17.6037405014834,17.5261677597766,0.738980306603899,17.3967891899119,17.4733919503084,37.1465708249229,1.2951960517001,6.14948548609421,9.02703016223801,0.461031843347859,-0.860195348436489,0.0095165679281304,0,12.2550154200509,10,777.111998192362,1.31077966101695,2.13585198860647,5.790484985457369
39.4489714337537,12,0.738783943030303,2.0922263947321,28,0.097673187554068,19.9204187995797,3.91491373331365,39.720312477062,24.37987012,2.31448959758297,5.81689758158877,3.88199629141592,44.4236945596069,5.83212639571965,10.1013595350438,1.4751120479964,10.819131677496,3.24344758603868,11,1.95767733928672,14,3.46547689360805,4.14403559826777,7.03360702634615,7.03360702634615,13,0.209095807646459,18.0464437918147,17.9384366816279,0.637473160823497,17.7790444019831,17.9124911284708,37.524393280288,1.22036524669698,6.14696961586584,9.17503907035702,0.567483199535369,-0.655637062186926,0.011815211912386,0,12.2280097421434,11,745.170821721774,1.32401694915254,2.30491315574187,6.180456064458132
38.4895032025102,12,0.740322333939394,2.09218740119937,28,0.0934393015442376,18.7035894538364,3.91671506267755,40.0263144359833,24.43063702,2.31801206726999,5.82112538047579,3.8844503040716,43.4517525889053,5.83635419783927,9.34312253335633,1.58716916506894,9.49799570083696,3.25232150356584,11,1.95755743916443,14,3.46724928554791,4.14426318555106,7.04820780733504,7.04820780733504,13,0.283963722172979,18.1095235396749,18.0042864464835,0.733105614119885,17.8472792633172,17.9541861453472,37.361180788281,1.31990256825932,6.16628541112542,9.22250940073387,0.491504984754724,-0.779004891380832,0.0130913839002939,0,12.2628857305868,10,789.504155055107,1.32815254237288,2.29629586061699,4.522878745280337
41.2184038394519,12,0.738783943030303,2.09312502937637,28,0.0974377606960562,20.594449242698,3.9148592255114,43.8141727739791,24.37987012,2.31448959758298,5.81688548899367,3.88176306123975,46.0599678746349,5.83195946688001,10.4513173778156,1.47356775510877,9.46136414159713,3.25125370400146,11,1.95846153138371,15,3.48345123192884,4.14467247905592,7.03360702634615,7.03360702634615,13,0.202738721447211,18.0479471810881,17.9424175394609,0.664530663220475,17.7851826265269,17.8989271850007,42.2732716790592,1.23822480052458,6.14696961586584,9.33371407998812,0.333379359513916,-0.593116336228462,0.010270284818947,0,12.2638780642753,13,728.308076623735,1.30914516129032,2.33093379350522,5.554395796726403
39.4492124638422,12,0.740189579393939,2.09252115135988,28,0.0990434644840064,19.2270833173142,3.91367676379197,39.4086532500371,24.42625612,2.2545374629668,5.81452016202659,3.88038239900526,44.1316481578558,5.82971130676389,10.3225161944324,1.47450501778894,9.51247764722932,3.14508706395163,11,1.95780570191818,14,3.46525758560917,4.14386940801866,6.52537028544149,6.52537028544149,13,0.204623658710948,17.9775181530669,17.8586200086158,0.639204210587889,17.6893587070839,17.8813020942679,37.7073332842972,1.17416811007163,6.1313065926614,9.29168985503471,0.510650029219295,-0.55938151957666,0.0102544104473271,0,12.2116251377715,12,714.178664859029,1.31584745762712,2.37092991198419,5.7447274948966935
38.9510677531535,12,0.740322333939394,2.09405637219457,29,0.0859372726038141,24.0247010497654,3.91453154807276,44.1954141785319,24.43063702,2.33602634055712,5.81654690478519,3.88092434725579,43.9265681734014,5.83146279325384,10.5806005578359,1.74063486237044,10.1016528204686,3.27056258348362,11,1.95838114516179,14,3.49229983151038,4.14496971191277,7.06477861230655,7.06477861230655,14,0.22161903038107,18.482860040683,18.3634504242967,0.703913104199893,18.1922058468535,18.3339494588228,41.3207972271867,1.28428273782678,6.1694832208599,9.69481013323425,0.639558273639694,-0.909668796646786,0.0086711574796852,0,12.383166446369,14,824.445331525696,1.31179032258065,2.89245388564627,4.897223385116559
34.7082552489704,13,0.700203384242424,2.09956922025163,31,0.120744160442093,8.46094126804307,3.92084302434645,34.8091119488618,23.10671168,1.88574475353456,5.80583946194959,3.89093226833589,39.9630449452776,5.81560889687341,5.36701359421923,1.14931246495569,7.57702646435446,2.86064823915247,9,1.9707110064888,11,3.4727867298699,4.15301729280742,5.6822607817575,5.6822607817575,9,0.154139264137999,15.7487321724896,15.7525010211169,0.517268018366246,15.7055409198366,15.9043171905746,34.9189384786659,1.16148260047879,6.07239200451899,9.14832284441329,0.518936567474995,0.152173400205237,0.0100926052705289,0,12.0488630159545,16,549.980542793302,1.28716666666667,1.99106796848134,5.150580586203101
37.3451266898908,12,0.738622408484848,2.09188505279968,27,0.10936921037421,10.2294079141267,3.91396472207363,35.0791643472844,24.37453948,2.2302890549203,5.81579013127142,3.88067115467724,41.8433125600673,5.8307172211483,7.96886882703109,1.33832131763677,8.78425196391431,3.18990772550644,11,1.95497690345384,14,3.44380850494184,4.14329334805946,6.84892460811135,6.84892460811135,12,0.196136971611671,17.0749184422176,17.0057197299821,0.601294770478062,16.8864458343711,16.9863013259707,33.8118619667629,1.2164917621579,6.10230406166823,8.20836575071377,0.382540638145672,-0.426526804450139,0.0123576502071998,0,12.0175925342101,10,654.504155055108,1.31903571428571,2.05346008726791,6.045757490560675
34.6919405383587,12,0.740322333939394,2.0918104571356,27,0.110553330231632,9.40690458533367,3.91397053369995,33.9303991936873,24.43063702,2.1962270852273,5.81592037013696,3.88059914591982,39.659290691162,5.83076636967653,8.29301685809196,1.37497801024933,7.90998580600271,3.15121265224386,11,1.95496589898074,14,3.44399923247201,4.14330559463144,6.48232737555915,6.48232737555915,12,0.246890931869422,16.0414003070947,16.0405799734609,0.677086880074272,15.9891817923083,16.0248743414196,33.2613513617358,1.21660536840802,6.10518084430623,8.22345448442679,0.304047225636234,-0.555999673207603,0.0153561807440383,0,12.0174852473891,9,653.504155055108,1.31880357142857,2.06458745040231,5.939302159646388
41.9153658705801,14,0.811127832258064,2.093128232789,24,0.0860249536033771,20.3904077266311,3.91199199999023,46.6232507954769,25.1449628,2.18308120703909,5.81295945627786,3.87739387815855,45.7641823556835,5.82717703850442,8.1505426181553,1.63701859894022,9.76226468259121,3.13132463433422,13,1.95076114695361,18,3.51455642875028,4.14349598235174,6.14960334659494,6.14960334659494,15,0.288091912320535,19.2263279036844,19.0440599829949,0.829085008622712,18.8107761714626,18.9871326418487,44.5004890721545,1.32560103849683,6.1037778400766,8.5161173906125,-0.0460511226115505,-0.520836784910524,0.0087873034988455,0,12.1362779164853,11,768.502774221084,1.29601639344262,2.49886748592076,5.563837352959244
42.7188205560387,14,0.811127832258065,2.0945533137629,26,0.0767390456172651,21.2449531595527,3.91500134669615,47.4480953350209,25.1449628,2.43518978295704,5.82040785974195,3.88091326058825,46.9263455622583,5.83459495870091,8.80588815744381,1.93477035712341,12.1306861638914,3.39629040733975,13,1.95299938916545,17,3.50591594345058,4.14501359713761,7.34479000091718,7.34479000091718,17,0.289902185317223,19.11108238109,18.9475442806031,0.804819076565632,18.7334545518119,18.8926982166491,45.3149822508885,1.44479878611209,6.22541227046558,10.7128537389556,-0.284301641617195,-1.01182362890242,0.0087291767532373,0,12.3495818768231,11,902.502774221084,1.305640625,3.00977528240621,6.958607314841775
41.6943924329726,14,0.811127832258064,2.09333860058524,25,0.0832369621693857,22.5205691395414,3.91353768764968,46.9064165713368,25.1449628,2.23996457259893,5.81722597240178,3.87909988298095,45.5202972950144,5.8314054280578,8.21835142630258,1.967689171504,10.5996750661261,3.1563508069,13,1.9502296458392,17,3.50428194385138,4.1438636807071,6.61224028779264,6.61224028779264,16,0.306355000010344,19.1962786273905,19.0240691255447,0.803667233059084,18.8006081686592,18.9654287767228,44.3432211377636,1.32931799471829,6.15058202814818,8.89353997249307,-0.267586964285922,-0.753716684129597,0.0087761865570933,0,12.2258321698592,9,812.836107554417,1.30018032786885,2.50086081967639,6.3872161432802645
43.4152730506744,14,0.811127832258064,2.09250978605232,25,0.0857101370105555,19.5788011002938,3.91385877278388,46.796797913986,25.1449628,2.23996457259893,5.81700852102759,3.8799703473018,47.2687489891768,5.83139452674303,8.0856034510842,1.9524763712636,11.7208125412605,3.14485265507416,13,1.95040525628255,17,3.50267011857931,4.14374707833975,6.61224028779264,6.61224028779264,16,0.309742238104294,19.2272354936441,19.0533282598465,0.801336892072256,18.8281240590706,19.0050093962216,44.4171168522199,1.32725162101739,6.15058202814818,9.08941767698058,0.0145996793094875,-0.507017737660012,0.0087730824876623,0,12.1872230742712,9,796.365519319123,1.30650819672131,2.27408362636628,6.096910013008056
38.5789003814412,12,0.738560061818182,2.09215283495727,28,0.098616495920139,17.645550540995,3.91491781785016,39.2245209942603,24.37248204,2.26834921038088,5.8170264558646,3.88192129242423,43.5357736152754,5.83217286640536,9.17972586048074,1.57850432215335,9.60369789806523,3.18732284335097,11,1.95766820803159,14,3.46555426729412,4.14404785822428,6.60116699146362,6.60116699146362,13,0.278666881199723,17.7394886793092,17.6498153505513,0.733186345920385,17.5088191922331,17.6312003257991,37.2748133903784,1.29173118200071,6.14948548609421,9.19688442346115,0.55135022814002,-0.746705888429715,0.0131413358536884,0,12.2279228142963,10,744.170821721774,1.32381355932203,2.26516152430814,7.397940008672037
37.6682475381126,12,0.740670477575758,2.0926470541677,28,0.0945166876968622,20.5175703492164,3.91468856193558,40.1090441295904,24.44212576,2.31448959758297,5.81692692596116,3.88134305807518,42.5386717581582,5.83185604724767,10.4863711917841,1.48291515122778,9.50368307660645,3.2475141513087,11,1.95763780967008,14,3.46739375364005,4.14412241221664,7.03360702634616,7.03360702634616,13,0.209039317389289,18.0036357449441,17.9021570845353,0.63911283575372,17.7488146021235,17.8467842332839,37.6542116011889,1.22110750915915,6.14696961586584,9.11798256537189,0.484787966881992,-0.735313207680424,0.0118938312158857,0,12.2421877156787,11,761.641409957068,1.31735593220339,2.37588713584714,5.543633966870957
44.4702134613894,14,0.812748848387097,2.09175610488989,24,0.0883004198000314,19.5757077220877,3.91299717239819,44.8538054306793,25.1952143,2.36204119099647,5.81467998785884,3.87892296756504,48.8677574246784,5.82914722918461,9.65524909014015,1.73980986148383,10.5803624840749,3.30120463549596,13,1.94988371262657,18,3.51378187124374,4.14328854392131,7.16310147405655,7.16310147405655,15,0.361490413292376,18.9753702141084,18.8212633874687,0.814114237592621,18.6156933338181,18.7536004206391,42.7063179723266,1.28360822349813,6.11699834165387,9.63925226545706,0.243055059808078,-0.132073812611067,0.0098002999525633,0,12.1502683086216,9,779.894931083829,1.31286885245902,2.24255908429407,5.892790030352131
39.3651574327061,12,0.738622408484848,2.09395705442434,28,0.0859673143291468,23.3647989863397,3.91426269816396,45.169395226303,24.37453948,2.33655592058377,5.81579849140336,3.88063973763286,44.1348463067619,5.83070504824928,9.42229972972339,1.59806448339732,9.45817480267212,3.27155657601747,11,1.95834682918701,15,3.50786906594379,4.14487514676953,7.06213515575058,7.06213515575058,13,0.256484833427933,18.9914392758559,18.8385231007885,0.781467555812344,18.6333350305658,18.8034037859153,41.9776012473408,1.28574007931277,6.1576165871495,9.2507112268371,0.594812006002108,-0.832521333866313,0.0094779428271595,0,12.3732771059432,14,824.445331525696,1.3118064516129,2.69209018694091,5.795880017344075
32.9882979152906,13,0.697268983636363,2.09938233441598,31,0.123195894785218,7.17666211298367,3.92026688496228,32.1139236673051,23.00987646,1.88344639549161,5.80504573164109,3.89023526767361,38.2221431134244,5.81478518164102,7.4709162209088,1.12241795505299,7.59246932750267,2.85460345663199,9,1.96939112106993,10,3.46282542312995,4.15247942114111,5.64124652285205,5.64124652285205,9,0.134164964836604,15.1159958192734,15.1611588250507,0.485365920610765,15.1549582153993,15.3321757829287,32.2711372707807,1.05888098407536,6.05731570574732,8.96505068355642,0.742249376779041,0.0710789749424409,0.0112496246828065,0,11.9836588618045,15,535.851131028596,1.293,1.97611756053418,5.197226274708024
34.100136112545,13,0.699144613333333,2.09988921613502,32,0.103707568408682,12.3186716812072,3.92073637786704,37.4621020225734,23.07177224,1.92027920966464,5.80573480263342,3.89055239760866,38.7815182929679,5.81529091974169,7.28840106426659,1.30718783430168,8.14670007950943,2.88596661241404,9,1.97061514878725,10,3.47865764905633,4.1532061972434,5.73219650379775,5.73219650379775,10,0.147623816399402,16.8054094805991,16.7613380466216,0.525969205327421,16.6650558427392,16.8919228502191,36.2189866424202,1.09897087529096,6.09500364895251,9.62033292000002,0.93564946241182,-0.37778437859904,0.0097964474171404,0,12.194768142959,17,646.117797695262,1.28991666666667,2.44441798044917,4.522878745280337
33.2271579679094,13,0.699492756969697,2.0998383859168,31,0.103750910617322,13.6650075780083,3.92062390468963,35.7368280291263,23.08326098,1.92056116758134,5.80553600589271,3.89042270922336,38.47699776103,5.81509181625419,7.7860111077165,1.21505119738915,7.47265967809776,2.88558700105381,9,1.97051932601402,11,3.49028578427563,4.15316276486308,5.72034328044433,5.72034328044433,9,0.146877828400868,16.0983922545483,16.0976875547302,0.521640664137167,16.045500975586,16.2367164425924,34.9644818598264,1.07469718219392,6.08335145285546,9.20035394250002,0.902130724332134,-0.161529323526777,0.0093187235062795,0,12.1828163043152,17,646.117797695262,1.28991666666667,2.3253430008438,5.769551078621726
34.8531738426354,13,0.699492756969697,2.09991777308681,32,0.0997588878773194,22.8625091494985,3.92140173700617,38.5349699778295,23.08326098,2.17916057887055,5.80689324653704,3.89130352988507,39.1874360350847,5.81644960402097,9.08279209065799,1.61954965032175,8.26701229429542,3.09812012434673,9,1.97003991987355,10,3.47974197199114,4.15336925527127,6.52081793661177,6.52081793661177,10,0.238141230042738,17.0338109624144,16.9806465663089,0.82414825615734,16.8755291978978,17.119567987421,37.0236424276183,1.1521456772896,6.12180440302448,9.64132246081634,0.613074428268578,-0.281589495785389,0.0085115261465583,0,12.2684677520323,15,690.451131028595,1.29415,2.34880341851195,4.522878745280337
35.8008961172635,13,0.697954366060606,2.09965997635001,32,0.103297614591051,16.8115851750809,3.92156806120043,38.4723834069589,23.03249408,2.17916057887055,5.80692630118365,3.89175519794987,40.4237168749171,5.81670529961344,9.50160854512928,1.61010200638166,9.3875369829084,3.06332030596185,9,1.9702131107813,10,3.47851724204426,4.15329963387691,6.52081793661177,6.52081793661177,10,0.241603606196169,17.044601057299,16.9916153824939,0.82394786438034,16.8866047071302,17.1342661902711,37.0643643704873,1.12948571534199,6.12180440302448,9.68318125234695,0.85760782180041,-0.189249040504361,0.009532249425473,0,12.231500345172,15,673.980542793301,1.30058333333333,2.25404276369583,4.522878745280337
48.0951022326159,14,0.812748848387097,2.0922558099583,24,0.0908447243955066,19.5969874135825,3.91316817382684,48.6451098138942,25.1952143,2.36204119099647,5.81463312665079,3.87934865667996,52.5378044912513,5.82925215501419,9.59591327636405,1.72788137006957,10.544611127264,3.30621439311088,13,1.95150960755201,19,3.51750504808688,4.14383743422529,7.16310147405656,7.16310147405656,15,0.352572636649139,19.007558919901,18.8509142643407,0.821760198474068,18.6428444818778,18.7918661424246,47.4668950786421,1.30343101459839,6.11699834165387,9.84300570580834,0.0181873895782525,0.0161313427439685,0.0093979526367225,0,12.1740223117426,11,746.561597750495,1.305140625,2.2125719644284,5.935542010773082
46.0410913085252,14,0.810889507096774,2.09325706699376,25,0.0807674415250543,21.3766178650958,3.91283055298295,50.0192362313158,25.13757472,2.38984813376807,5.81428621059178,3.87848631928311,50.4628575537567,5.82873771910147,9.73232576749488,2.0827125901926,11.1805015090892,3.32530237250068,13,1.95134584516714,18,3.51961829839408,4.14413542195766,7.19298805431951,7.19298805431951,16,0.345509490492421,19.6626855597035,19.4789610361246,0.817090533059516,19.2434555514791,19.4212388177022,47.2320884716572,1.4442499756232,6.14259644045839,10.091580463175,0.313891942627685,-0.434674438517681,0.0082413955204183,0,12.3038271823501,12,842.698852652456,1.307703125,2.7315790620706,6.251811972993799
46.2114260957805,14,0.810889507096774,2.09313356134136,24,0.080793976901747,24.3662144409695,3.91255930554916,50.3564515886327,25.13757472,2.39049541269859,5.81352178551301,3.87819616767853,50.6474587763681,5.8279669438133,9.73950196014065,1.74186524090718,10.5179062826225,3.32620039268517,13,1.95126266979161,19,3.52533519877887,4.14403996917039,7.19114040271397,7.19114040271397,15,0.327851070432783,19.811073575975,19.6180549560467,0.836515805165363,19.3730950389568,19.5583632824911,47.4799276636879,1.44424942945264,6.12883130954499,9.68437507677499,0.29770252621161,-0.234835275287218,0.006878976919667,0,12.2931168759294,12,842.698852652456,1.307796875,2.66690991391574,5.756961951313706
47.1967577529583,14,0.811127832258065,2.09456508418728,26,0.0725489231451442,25.393223606862,3.91561945385063,51.4541722113519,25.1449628,2.58204942329366,5.82102116841274,3.88178194536237,51.9671552475998,5.83545301757578,10.397320129293,2.06947265290912,12.8717530753109,3.53130322404448,13,1.95338525682395,18,3.52155139627661,4.14558186760042,7.71051975127073,7.71051975127073,17,0.331812416821401,19.7049245416639,19.5308870414209,0.819439802382917,19.3053887540651,19.4720143703289,48.4727230812592,1.54786376704531,6.24215101982334,11.985882299156,0.0403052750634935,-0.811824842144993,0.008138695742813,0,12.4781413349601,12,976.698852652456,1.31637313432836,3.11907323887811,8.0
40.5242923978605,12,0.738783943030303,2.09528030953292,30,0.076693175081904,26.5390161690513,3.91732255566834,46.3300262203772,24.37987012,2.61360437272611,5.82318034824301,3.8841903019564,45.634340428624,5.83810293085623,12.0904853057966,2.04107287089786,11.8091547052838,3.58821406250405,11,1.95933831071182,14,3.49542136766065,4.14641243573559,8.424317108596309,8.424317108596309,15,0.222436884432345,18.7137372316097,18.5987183055041,0.758403666162276,18.4314773906995,18.5619852878368,43.0748470729038,1.44606703279168,6.25959185286977,11.6868769742435,0.309415500372488,-1.46157442396416,0.008435074739753,0,12.5452043039351,14,958.445331525696,1.32053846153846,3.40709348262371,6.259637310505756
35.4584273360512,12,0.738783943030303,2.09231636091756,27,0.105426745819386,10.7001566513614,3.91374250152532,35.1079711142693,24.37987012,2.23028905492029,5.81582487278928,3.88002334773084,39.8741860797506,5.83045418302584,7.57565631578402,1.40278733875602,7.6537768254189,3.19256402773027,11,1.95492610280686,14,3.44815610217833,4.14337902601865,6.84892460811135,6.84892460811135,12,0.257965580568053,17.0350084162904,16.9704003026967,0.690222595363597,16.855152513442,16.9324444469338,33.565715096599,1.21657809627185,6.10230406166822,8.25695637634985,0.410242277309103,-0.39198458729992,0.0098893200199897,0,12.0350620377074,10,670.974743290402,1.312,2.01289022805913,6.050609993355088
36.1541115788068,12,0.738783943030303,2.09184591237346,27,0.104088040628961,10.6550549988274,3.91574814524188,35.3120584971223,24.37987012,2.23228595465639,5.82002040995573,3.8831182452088,40.7648676239128,5.83494540279823,7.57945461618953,1.39362310614957,7.63284290182932,3.1954065135242,11,1.95482378143594,14,3.44785021037771,4.14351812782558,6.85990774001652,6.85990774001652,12,0.258103520138169,17.0670405355383,17.0058063532176,0.679740264111965,16.894010675901,16.9615719326755,33.5762413965257,1.23248947349683,6.12607160073203,8.25727638485207,0.35578479912184,-0.546052812897738,0.0142548215405964,0,12.0604633990342,9,698.837488388441,1.32339285714286,2.00813266594095,5.889410289700751
37.2576679855321,12,0.738783943030303,2.09280371723642,27,0.109074109765944,10.3809126946714,3.91391091374562,37.9179912111247,24.37987012,2.2302890549203,5.81577914561276,3.8804396560809,42.0331160735913,5.83055234917572,8.40899813385708,1.38464968270209,7.77835418570585,3.1951113650741,11,1.95600280141658,15,3.4755553823569,4.14391630280689,6.84892460811133,6.84892460811133,12,0.247219893620404,16.4224440048559,16.402684310765,0.706248679533973,16.3314202971514,16.3718696101356,37.7075011444639,1.22303233595287,6.10230406166822,8.49835051710745,0.0367515864177942,-0.336582211975494,0.0120217598169464,0,12.0616782424681,12,637.641409957068,1.3036779661017,1.98841298762931,6.008773924307505
36.8114870638063,12,0.738783943030303,2.09218640060216,27,0.111090198931021,9.68633838875031,3.91274406219502,34.2855385939452,24.37987012,2.19961421583092,5.81341936036721,3.87907139255251,41.2139019085553,5.82831313241548,7.4178591608385,1.40232948156415,7.66979574536326,3.12396511651369,11,1.95514177202837,14,3.44327892670075,4.14312922711044,6.05031813149528,6.05031813149528,12,0.223954706812187,16.8948002956721,16.8186914884082,0.689223538387282,16.6935401111327,16.8476794840221,33.5570839704324,1.18498164752822,6.0835321022498,8.39007411587279,0.372237486998903,-0.257991438481023,0.0098524525709007,0,11.9973316617829,11,623.511998192363,1.31046428571429,1.98184959641261,6.309803919971486
36.8178491882623,12,0.738783943030303,2.09376289501069,28,0.0948630583449304,14.2501025690704,3.91358023407105,39.1166979419935,24.37987012,2.25133568857542,5.81543862364172,3.87959914525767,41.4250689482269,5.83005644148214,8.19921742064905,1.58903067408657,8.24889875998062,3.21151464876339,11,1.95590063698104,14,3.48724673184987,4.14420848206333,6.8773384718708,6.8773384718708,13,0.202956384868319,17.4191727332748,17.3451596180918,0.6609596996729,17.2208725353332,17.3156989306143,37.2485287864212,1.21659200508758,6.12968471297027,9.02161066716032,0.454308263627314,-0.575872308875063,0.0100554441939885,0,12.205853174945,13,733.778664859029,1.30647457627119,2.61861180072915,5.966576244513051
31.1291989008529,13,0.697617127272727,2.09958922659715,31,0.121122175946141,6.84705242411591,3.91990667495855,31.7786016040908,23.0213652,1.73580055272244,5.80460958587881,3.8896140463124,35.7652193305083,5.81412414361775,5.59032306629514,1.1362855123764,7.70245509692679,2.74652912796057,9,1.96958521943357,10,3.46316359575223,4.15243572546183,4.11973275516882,4.11973275516882,9,0.124656930778083,14.5186210202997,14.6010833137687,0.484670397975313,14.6315613597242,14.8621157416254,32.1383574642247,1.01049971819763,6.04831762009404,8.82401598882877,0.951842481687622,0.233025993651344,0.010207905995535,0,11.9776315489021,17,512.117797695262,1.27885964912281,2.09283241674048,4.522878745280337
31.1643558161568,13,0.699155518181818,2.09963352848223,31,0.113889203535103,12.4062291058117,3.92064790456985,32.645826446183,23.0721321,1.87938524157182,5.80577715046298,3.89043179097026,35.7443326970914,5.81527845363471,5.13566054758505,1.18490631947939,8.16319833921197,2.85174319220367,9,1.96883979387563,10,3.46436041796065,4.15268892043435,5.62731081166064,5.62731081166064,9,0.131172253962909,15.3961115449567,15.4175063594573,0.496725697199406,15.388612988319,15.5511062185102,32.3279113647473,1.08439738783759,6.07466976335075,8.9119090824564,0.477870089292307,-0.341256594689845,0.0100623816059352,0,12.037862663667,13,598.784464361929,1.28768421052632,1.85290531511055,5.100179497572904
44.7694460748524,14,0.811127832258064,2.09334837401139,25,0.0783298831318575,33.8845119893651,3.914128715385,48.3355250304463,25.1449628,2.39734908775191,5.81781208366008,3.87993221550288,49.1881283804236,5.83222651096667,10.6260563370401,1.66755793481754,11.9043180417552,3.32861667424322,13,1.95076677795165,18,3.52032611340463,4.14441176310075,7.19926249088949,7.19926249088949,16,0.271403190342776,19.1842476944137,19.0380914800549,0.767087605403872,18.839769058052,18.965118077081,45.570268397167,1.44426498592015,6.17151766547653,10.1003855274111,0.163714319158818,-0.325312671048035,0.0091622079934164,0,12.3701587208072,10,887.03218598579,1.311671875,2.74210796927632,7.221848749616356
41.4624665997917,12,0.740322333939394,2.09414241529169,29,0.0831829972560538,29.7440755003457,3.91582896592323,48.0335939969758,24.43063702,2.34813212685717,5.82001189372739,3.88235657011273,45.9397435989583,5.83491011155214,8.79505548755622,1.96957043051795,9.45205359619782,3.27729350545179,11,1.95809491761792,14,3.49412779774418,4.14524446382485,7.07663049871263,7.07663049871263,14,0.256139961307974,19.4244015119862,19.2550210172166,0.781190701252633,19.0332641075502,19.2165210056718,44.1707359413371,1.31945551857486,6.19343986946443,9.70817196252972,0.476114107892624,-0.870931263142428,0.0090188600107226,0,12.4445907720086,12,868.778664859029,1.31590322580645,2.74208275498013,6.337242168318426
40.7816356568753,12,0.738783943030303,2.09336158898645,29,0.0856529186970186,22.8631712621223,3.91615333758026,45.1795521591822,24.37987012,2.34813212685717,5.81981238878556,3.88322564882506,45.5828938297933,5.83490956565357,9.36591985547711,1.90793388515005,11.4202685568274,3.27556799903444,11,1.95817787934566,14,3.49206128804168,4.14512708326356,7.07663049871265,7.07663049871265,14,0.269389418374337,18.9057159017325,18.7673025718232,0.741594196596955,18.5764909782407,18.7404064218516,41.7955558340992,1.30328954365421,6.19343986946443,9.86915609570449,0.657200352251163,-0.785035218205689,0.0094199392202824,0,12.4136863505849,12,852.308076623735,1.32212903225807,2.49607000898626,5.609064892896621
35.8584050643893,12,0.740322333939394,2.09332913109663,28,0.110358521598692,22.5333058919341,3.91392398976914,39.5019730894709,24.43063702,2.35575376292218,5.81533276180563,3.88016515854926,41.6300622803722,5.8302434555544,9.9731360890185,1.58506973953807,10.9145120896344,3.29206227085776,11,1.95773744904426,15,3.48802850088124,4.14448801553758,7.08462297783164,7.08462297783164,13,0.171482032402869,17.5860114348933,17.511540348708,0.613007235464418,17.3856640727579,17.5141712880053,37.400988181764,1.33949777923416,6.16427339341856,10.12395421264,0.337474474842249,-0.930033390372193,0.0082289656374165,0,12.2624928975792,12,863.718058798423,1.31077777777778,2.37021689893475,5.987162775294828
