P_VSA_p_2,F06[C-C],L1p,SpMin1_Bh(p),TPSA(Tot),HOMA,L1v,H6v,H4s,SpMax_B(p),SpDiam_B(v),Tv,Eig07_EA,SpDiam_B(p),HOMT,H6i,RDF115v,RDF060p,F06[C-N],L1e,CATS3D_02_AL,F05[C-N],MATS1p,RDF145s,H7v,H7u,Eig12_EA(ri),L1u,SpMin4_Bh(s),SpMax4_Bh(p),SM10_AEA(bo),NdO,SpMAD_X,ATS5m,Chi_Dz(e),GATS5v,Eig01_AEA(bo),RDF095m,PDI,VE3sign_RG,Mor22s,alvo
119.433935643089,25,7.31252837068396,2.06619545627947,100.3,0.777438276923076,7.31397812032684,0.100371940518328,16.6410466054512,3.95496578428625,5.87591823825168,15.321535096307,2.04175179551789,5.88740643086387,20.2133952,0.696593077904272,0.262611783405263,22.0702502034002,9,7.28979730989835,5,7,-0.0385384310153089,0.0,0.0328660076724958,0.139915815933435,1.0,7.14451063921502,0.931065293103387,3.74661257806706,3.19894666965008,3,0.575425791745902,4.29458830318852,0.257123593468656,0.857986691537724,4.72481157157397,4.45696802477374,1.02273291067318,-4.17522430973857,-2.82555845132681,6.431798275933005
110.910406475419,18,18.6612174449171,2.0860263639504,85.31,0.7521839904,18.9492209314067,0.107851910905194,5.97112074593844,3.87394118668875,5.80003843451148,22.656809117069,1.54755973755737,5.81360215202647,18.80459976,0.671057120493831,2.49638729108369,4.02813649783267,8,19.2647252421217,4,7,0.0267416993365248,7.42023348909804,0.0404797458838575,0.237653187417651,0.679503139922546,18.5162863797223,0.500273612352428,3.161382675286,2.93327626351464,1,0.588494553911708,3.83671823475053,0.292304355127155,1.05252386246218,4.64938433943588,4.1628858899563,1.04505113191277,-2.74115419292797,-0.727008172403791,6.468521082957745
110.910406475419,18,18.7414448344759,2.08573258080707,85.31,0.7521839904,19.0328634219781,0.113729952831197,6.80479008158369,3.87594617072494,5.80154557549116,23.1010011262075,1.78229778538887,5.8157631103903,18.80459976,0.674238014629608,3.04776354353789,4.02025970796527,8,19.253656128923,4,7,0.0336337887759437,8.40586969078612,0.0407787359887795,0.238733230071688,0.679515658687581,18.4827582185188,0.499861550665951,3.16466642374991,3.03663096525381,1,0.583989052329614,3.98489191297255,0.284391302061374,1.09946059687932,4.64939790009137,4.16280825276848,1.04033070168163,-2.74268029692436,-1.25534738196396,5.388276691992658
110.910406475419,18,20.5437499234767,2.0863418790973,85.31,0.7521839904,20.1442680959814,0.120410204370051,5.88730114211353,3.87420408920662,5.80009732348639,24.0966731317824,1.54755973755737,5.81383171869221,18.80459976,0.662008624910751,2.61057977698656,4.03743669080994,9,21.2777202210934,4,7,0.0222604784196788,6.78264405708544,0.0485405129441552,0.253419025244891,0.679517274752758,21.1351593228299,0.632947805356888,3.21118422013057,2.93327626351464,1,0.588494553911707,3.83050435315071,0.291232397619144,0.95509892836692,4.64938433943589,3.99557105055069,1.03624984046715,-2.95585926589957,-0.725176269811756,5.6439741428068775
110.910406475419,18,19.1978828179858,2.08594024176855,85.31,0.7521839904,18.5234552832771,0.101331075250972,4.62598664061148,3.87337050789927,5.79929033303554,22.4940767426887,1.54755346745117,5.81291036290411,18.80459976,0.661822441775028,3.48794566217624,4.05301436860767,8,18.604781762698,4,7,0.0266470284477692,1.69926760753675,0.0458679651156349,0.239261414497417,0.679464539049028,18.4292869867181,0.50133524594031,3.18044333542076,2.85841940073712,1,0.586187237949361,3.78503931238471,0.301515191013311,0.940594591446034,4.64937686246407,3.77398068649598,1.05020609508263,-2.74127406481273,-0.867060458095265,6.1249387366083
110.910406475419,19,19.6646352389803,2.0870028368817,85.31,0.7521839904,21.1613743533249,0.138321295667378,9.35848355501896,3.87370951016758,5.79995619025425,24.7066277533379,1.69651910641302,5.81337402654049,18.80459976,0.828063464276495,3.52656049759849,4.7733647723058,8,23.0520678675773,4,8,0.0150029018508288,0.261130536745629,0.0489198733681286,0.279161998156336,0.951805957551812,21.7584635904281,0.502462310768158,3.1805290951459,3.20902817337883,1,0.567673647020055,3.90651640911747,0.27043873133256,1.05883307966775,4.64939262153717,5.06099188265285,1.04055361628234,-2.950406947182,3.87138001908054,5.681936665037238
132.168784606408,29,41.4421463014787,2.09330762417941,97.62,0.738783943030303,45.5405471390169,0.46434413537853,20.1871468887152,3.88002156786439,5.81486937916492,49.8739500976107,2.35718527862919,5.82974957719216,24.37987012,1.9588830259971,9.62338466451644,9.86613975404913,14,48.4910813293805,8,13,-0.0391212572387991,74.4385390783607,0.239263668543801,0.708920908724766,1.3250293459989,44.7260637401834,0.921870331431714,3.72877280732463,3.22416962874434,2,0.550960517455246,4.44966573190517,0.186650149185014,0.971290629403574,4.65942397139577,11.6978981469831,1.01751933094617,-7.65122073383183,7.39192547784134,5.882728704344236
121.168896718802,30,40.5850816075545,2.09496805780448,88.39,0.740322333939394,41.4681164417656,0.422237271072755,18.0837857633435,3.8815030518489,5.81701604853122,46.2898436980635,2.26834921038088,5.83191537005261,24.43063702,1.85949911487972,9.63645191590146,11.1923518674152,14,43.9978602163825,6,15,-0.0117000875686904,32.2989394469648,0.222509637903099,0.769103067327394,1.29745983469001,42.6886575082687,0.925019334497457,3.7308444834786,3.22442714471746,2,0.558161773357943,4.37117701824338,0.204491947669908,1.08057111479609,4.65955635287389,9.89745905417658,1.02137340754092,-5.93800291090434,3.83873037794762,6.7447274948966935
128.921157158449,15,22.3927557189748,2.08521245223812,97.34,0.850856193043478,22.0362947838956,0.135958520656468,4.29237411166693,3.87161244427657,5.79768497476451,25.1676972378121,1.54702149620521,5.81092879741412,19.56969244,0.800332615472111,2.58543689283405,6.17871750899665,11,23.3127698431065,3,10,0.0187824106329185,6.67425153842937,0.0781112142611241,0.322451379140471,0.679718727310907,23.4645849459802,0.50276913639601,3.17474682498612,2.75086482371274,1,0.588777819973423,3.67869551564913,0.29518401930372,1.01016400333024,4.64931657341914,4.11716344863414,1.04685024934337,-2.87734253881981,-1.16176384681772,5.943095148663527
128.921157158449,15,22.3050342332064,2.08525417543728,97.34,0.850856193043478,22.8631813169876,0.151047927270853,9.64276044548635,3.87205574203491,5.79819064465882,26.0510104374739,1.71104761281999,5.81144540858591,19.56969244,0.837215633773858,3.00930550608103,6.20128835865412,11,24.064987239305,3,10,0.0168009871723548,4.02256270927796,0.0857255302632834,0.320566001149159,0.679775301957316,23.53971743604,0.502259110718896,3.17453360824844,2.88682321475364,1,0.580423158003175,3.81133569022854,0.274814289485789,1.06445679448818,4.64931918362428,4.53070680362243,1.04663969814657,-2.87763334426732,-2.6353250480119,6.036212172654444
128.921157158449,15,23.555285053707,2.08506564352015,97.34,0.850856193043478,23.1714010109862,0.141964595531544,4.8127855081038,3.87186479961633,5.7978889352845,26.5580984239565,1.65056858795789,5.81119089889248,19.56969244,0.788637323596249,3.34171270280855,6.08128424431615,11,23.6844635741049,3,10,0.0284157833057165,6.49500945206258,0.0878469336277225,0.324153730278952,0.679720523771481,23.5692185106018,0.502617021023897,3.17730007251087,2.76470030533942,1,0.577431041124443,3.75991184460068,0.283482846411483,1.05497383262816,4.64931689492421,6.67789434621805,1.04196006722965,-2.87835690274128,-1.03799875557779,5.300162274132754
128.921157158449,15,23.5995943753316,2.08490830692647,97.34,0.850856193043478,23.224999464125,0.150671603467981,5.23464085869018,3.87254010311743,5.79839133612776,26.7842586735816,1.6541474936615,5.81190257626986,19.56969244,0.786733808017493,3.04933271434724,5.91553921196361,11,23.6522769185321,3,10,0.0381293583886995,8.66883721531779,0.0870153145802214,0.318496381162543,0.679748552911053,23.5279845771527,0.502617007143713,3.17730341077369,2.96776941664338,1,0.585875849461367,3.91902001496348,0.276202286299517,1.09055940527621,4.64932029806681,9.25934650413401,1.03754007170047,-2.87876394815035,-1.46723483319259,5.896196279044043
110.910406475419,18,19.2315483185911,2.08691350922283,85.31,0.7521839904,20.4662462782889,0.114285496880584,10.5172750657341,3.87355301843376,5.79975855390872,24.6441829697795,1.70767979137926,5.81317139359221,18.80459976,0.654286438406357,5.11088072850646,4.00511244583995,9,22.1942821615042,4,7,0.0150029018508288,14.1338281500659,0.0473263235132863,0.248988962168937,0.951944081670218,21.1136574238499,0.503367048894455,3.20324336770259,3.20908100087381,1,0.56792592946419,3.78257193842692,0.263689890841469,1.02314100397132,4.64938173678815,4.98048601961868,1.04055361628234,-2.95073678139564,2.70308975552272,5.152427340857888
110.910406475419,20,19.5591124169791,2.08794321269317,85.31,0.7521839904,20.6782578714763,0.242146236483971,11.7521165834648,3.87582010879288,5.80231649066716,25.2700951566376,1.8643994809495,5.81591053382654,18.80459976,1.32457810375269,4.36715160679809,6.59591062064236,8,22.2753781538599,4,9,0.0107387352149461,3.90717279649051,0.0613154364859349,0.328382050177513,1.04238411404935,21.3613562064341,0.50298341311034,3.18760559419943,3.22996179422913,1,0.545679833872928,4.25810428100571,0.248398628771593,1.12275650423387,4.64945824080594,9.86882449807402,1.0321811943078,-3.16493362955846,4.49665171822444,5.079876673709276
122.394117853702,28,41.4252645210591,2.09898601626382,87.53,0.767293484516129,41.7683658090263,0.367001064359396,17.5899411596486,3.88980456299471,5.80450455555129,46.5502738906591,2.16993348096179,5.81414767986047,23.78609802,1.50118679489295,8.88453871772025,10.3980100251704,14,42.3843035043506,8,12,0.0104721048351113,79.137815023977,0.21320043296857,0.579526958931565,1.22094167088036,41.3797550936991,1.01883045878569,3.76314714099939,3.22390214610511,2,0.573846551302657,4.31536084998141,0.203549592135654,0.946629162908675,4.65930468145076,11.5219910354179,1.03312380035995,-9.03732534302529,3.54712188585171,5.634512015109101
115.383255058278,31,30.7297110743541,2.09964145368162,84.73,0.697954366060606,29.8865067090001,0.363053586660236,11.3078691581436,3.89016177419709,5.80532074146577,35.6719857877494,2.13628439574805,5.814826737443,23.03249408,1.55696247010855,6.04925023429303,8.50258822359166,11,30.8513981944677,11,9,-0.0228413608105929,24.7997013784712,0.159713366299695,0.586961458189117,1.2181864050697,31.3910777082407,1.01500904264452,3.75297913438546,3.14419389646521,2,0.572119214382349,4.29341710896097,0.212161382826027,0.926664514203305,4.65935795747511,12.3312099723219,1.02791030007638,-8.9363302238406,-0.139443191738958,4.522878745280337
115.383255058278,32,33.7572566556849,2.09963830267315,84.73,0.699866145454545,35.3387240997859,0.460210790544213,11.5072881870278,3.89009636705327,5.80520061993716,39.9410141605182,2.18747228696499,5.81470678117088,23.0955828,1.86106589090478,8.84901700600648,7.80135293750855,10,37.9109168852261,11,9,-0.0228413608105929,15.979599105044,0.268470528987461,0.824673029975919,1.15877804075697,36.418148763379,1.01501072005369,3.75298625722796,3.14006303741679,2,0.572811474631772,4.25312503201275,0.207927905864176,0.937990223952516,4.65935497903169,9.30500288622983,1.02791030007638,-8.81752647485968,1.5103290817857,4.672028376376989
110.910406475419,18,17.1073042839757,2.08635950387746,85.31,0.7521839904,16.915393007153,0.095276482753478,4.32809757838478,3.87266572847961,5.79884938551017,20.6346846679517,1.54687440356713,5.8121775097366,18.80459976,0.670808226395359,2.16831378707832,4.16071149353949,8,18.1957709970769,4,7,0.021138522219689,0.588299865331115,0.0364606052749279,0.238332163160042,0.679372395777045,18.2283464971521,0.501722870497825,3.15793057001502,2.84226041861859,1,0.596632247265008,3.62350596422028,0.316946372445845,0.996222805794525,4.64937504192741,3.79309092890468,1.05042906924684,-2.7399813720788,-0.362547193052392,6.070581074285707
110.910406475419,18,17.0604348137645,2.08646359850713,85.31,0.7521839904,17.2891347320739,0.0973330979808659,8.69496014814417,3.87384900224309,5.80041278783193,21.0868522344094,1.64066676710757,5.81373161063582,18.80459976,0.670478590736808,2.3005589188337,4.33209873170574,8,18.5076180809982,4,7,0.0195365503887606,9.0473085894016,0.0390667834016745,0.233284027903281,0.679555464206985,18.249133037548,0.500604407980756,3.15762388310583,2.99708250053617,1,0.576684621319445,3.7066321513463,0.295043558676886,1.05377014527915,4.64941446256334,5.83681046595385,1.05015738919055,-2.74081276055174,-0.384615669122502,5.139063379299906
110.910406475419,18,17.0381499057187,2.08645048357548,85.31,0.7521839904,17.6237355769322,0.102234324113711,9.26518578522327,3.87359985686202,5.79999717021308,21.4501850711874,1.76974365320093,5.81334172719985,18.80459976,0.695649360055718,2.29670448173302,4.42620459952364,8,18.8486149217829,4,7,0.0195365503887606,11.0852634761887,0.0365053620366297,0.237844444126045,0.679403724797583,18.305509186485,0.500406281083722,3.15762323499176,2.91900015244305,1,0.573187353828774,3.81123543965637,0.294885157884208,1.05226936193363,4.64938583543058,4.1022200171027,1.05015738919055,-2.74154156412825,-2.71832825900122,6.337242168318426
110.910406475419,18,18.5924615047917,2.08559786896648,85.31,0.7521839904,18.3887769777102,0.111661288693662,4.89667602464483,3.87532940866743,5.80094535626413,22.3114251139585,1.54750416536519,5.81507790454784,18.80459976,0.599931794382521,3.8164349346498,5.12700102901298,8,18.5292126481435,3,7,0.0347038991232358,12.3099695256277,0.0415195670277218,0.202039497590274,0.679494040539303,18.1424237681099,0.501323819748282,3.16173400579053,3.05571552084161,1,0.590078424035971,3.8758789966342,0.296677157783251,1.08685550182424,4.64943295944316,5.54978678546282,1.04038789936959,-2.7425634179746,0.0177754193034214,6.1938200260161125
110.910406475419,18,19.8640555988824,2.08575397895544,85.31,0.7542146664,19.5963509428749,0.110537785829658,5.32185115388786,3.87435198799505,5.80012048712802,23.4299633502447,1.54755973755737,5.81397275687355,18.85536666,0.663469189668382,3.55257540634476,5.178418320964,8,19.2092557638409,4,7,0.0347038991232357,0.91342174615091,0.0449058213976635,0.238591580789496,0.679478076438323,18.5923084219065,0.500602083881207,3.17075379398845,2.93327626351464,1,0.588494553911708,3.8658269929557,0.291950003495768,1.01588830403743,4.64938433943588,3.88802618684921,1.04038789936959,-2.74177557947264,-0.224409194983798,5.91721462968355
110.910406475419,18,18.7900840577715,2.08571046051047,85.31,0.7521839904,18.5557573326857,0.111410663493432,5.70266731870807,3.8742849695196,5.80012553850698,22.5773750859389,1.76974365320093,5.81391888953644,18.80459976,0.672462382203232,3.15612269224074,4.14166144618413,8,18.7828784434062,4,7,0.0347038991232357,0.0090359589160521,0.0374603968370327,0.238208008864021,0.679397952443448,18.4225837788897,0.500852112643221,3.16505285951935,2.91900015244305,1,0.573187353828774,3.9566440394109,0.294147080605277,1.0688971559432,4.64938583543058,4.20550198453994,1.04038789936959,-2.74244520893679,-0.705625732474505,5.531652669587842
104.383367170671,34,30.3290050523167,2.100315590279,75.5,0.699155518181818,29.3795485653636,0.238504374057226,7.10369005342845,3.89116449948565,5.80634791845735,34.6710392451327,1.9359537171361,5.81601962252365,23.0721321,1.15849118290789,7.69680587263125,9.61005386484823,10,31.0914702674653,9,10,0.006841912394991,25.7569603781625,0.111931585567879,0.436825661245507,1.05945723085516,31.6051302759722,1.01827009496403,3.75796635599761,3.00422655957871,2,0.594116200800308,4.14857467269889,0.23364091924947,0.888978278011576,4.65938905916628,6.9939477547444,1.03206360940768,-6.03452989257472,-0.482578475036727,4.522878745280337
104.383367170671,33,34.2084990061107,2.1001994768437,75.5,0.697954366060606,33.3065542851964,0.310284342318601,7.36979097636664,3.8907874966612,5.80583261413754,38.3231481035879,1.87938524157182,5.8154959316774,23.03249408,1.61620628320003,6.67547650283844,9.27800727333373,10,35.2736322158533,9,11,0.006841912394991,11.1796412883044,0.154159181746656,0.58131182733428,1.09221311702179,35.7289595628366,1.01853795742223,3.75848173519097,2.9217452952571,2,0.582933866665984,4.15674380485929,0.232449447956458,1.0604837631519,4.65936205121151,7.22070224085149,1.03206360940768,-5.06195679201671,-0.175024148880029,4.522878745280337
126.383142945884,32,33.9868223676611,2.09968011700452,93.96,0.699492756969697,33.3083755131298,0.465661658823764,7.81912139290617,3.89053710463687,5.80581789094036,38.7958620547569,1.88811566597022,5.81532815018943,23.08326098,1.91376848437285,11.4732917872972,11.2876641803363,11,35.5606520489659,11,9,-0.0521411577322847,18.2230596662814,0.286894357447442,1.12559421388073,1.1697190465247,35.8348871769329,1.01523260489464,3.75317004123969,2.97082209460715,2,0.607729737600244,4.22047954367041,0.219118221598186,0.953677893003177,4.65936222792349,8.38440331667554,1.01247785795532,-12.5184866102062,-2.02380552404246,5.023650020996727
122.394117853702,28,28.8588145184585,2.09889675568643,87.53,0.767664089032258,28.0203003380735,0.271863844806638,8.15890005839556,3.88897037266855,5.80369841092013,34.8591207309676,1.89960488155872,5.81323949554472,23.79758676,1.23489603015389,6.74056677885334,9.27078208213911,13,28.4443676876757,8,12,0.0136468844989613,26.0679169014107,0.110263442322131,0.431298101311652,1.13720557174752,28.5392184346257,1.01833075488575,3.76198398355785,2.83721611455067,2,0.586207535600414,4.1446288120704,0.227738340357582,0.934609304216535,4.65930264757333,10.6287562062837,1.03953293840682,-8.4793338415309,-0.761758727890365,5.133122185662502
122.394117853702,28,39.8966232875393,2.09881867871683,87.53,0.767664089032258,38.9955929726704,0.453471359683529,8.28238899117894,3.88958856646796,5.80420664560669,42.9270634752315,1.89966166143969,5.81390911129692,23.79758676,1.62853416831591,9.58641165858474,9.41510269247601,13,39.3972200430342,8,12,0.0168885689146145,48.1724664059368,0.294712204858658,0.909651276584125,1.22012504330767,39.5466742756206,1.0182329166249,3.76261363534569,2.96801287267137,2,0.592531940518054,4.25562171729539,0.22272619281481,0.959776354634763,4.65930548616046,13.5439938849376,1.03620053223238,-8.6016460855913,-1.75812024368444,4.799149501908922
122.394117853702,28,41.8768420123953,2.09885133000887,87.53,0.767305092903226,40.9278056762081,0.474786459568521,8.22098795341832,3.88940317391876,5.8040260191448,44.6704170150161,1.9492328217144,5.81368944132382,23.78645788,1.62746082954187,9.60917887803535,10.0668732501948,13,40.1622230496905,8,12,0.0168885689146145,38.0406972742252,0.31178613917648,0.908941863144293,1.19741583344367,39.8229103888932,1.01822575877239,3.76274088950206,2.85541159611633,2,0.590059815235631,4.19628804371262,0.220607800705362,0.9375698221112,4.65930291555338,12.6198210518211,1.03620053223238,-8.60041028695184,-1.56410369743931,5.350665141287858
122.394117853702,28,39.5805945394992,2.0990711683359,87.53,0.767293484516129,40.0398636177422,0.347106032949394,12.5669720911672,3.88922086125746,5.80401051777653,44.8831264081902,2.03185888698861,5.81352319516937,23.78609802,1.50442651498613,7.66760133792055,9.95107666333367,14,41.8180687023627,8,12,0.0080467915804452,40.8429293521343,0.19809549686475,0.581361043958781,1.21789411413621,41.2207457253654,1.0188568600694,3.76259341153375,3.22390034470429,2,0.573180742864561,4.26963548148627,0.207891104725464,0.944658709400993,4.65930335368761,11.1398641259163,1.03626251693398,-9.02178842480015,1.47807824379647,5.367542707815276
122.394117853702,29,41.3283882391235,2.09906885319117,87.53,0.767664089032258,42.8779365826156,0.356972821040101,12.9749882613834,3.8891833978542,5.80395816976154,46.8302154695584,2.03189891302727,5.81346864623789,23.79758676,1.39676707802052,7.30578381483983,9.61742061080721,13,45.1286500885615,8,13,0.0080467915804452,64.6276137069745,0.22456639232119,0.687004465872646,1.21883183609373,43.6437671649797,1.01887221364214,3.76265658513886,3.22390500152576,2,0.573709849524979,4.19504838198194,0.204570947865759,0.933274857119312,4.65930275502749,8.53732448189576,1.03626251693398,-9.02967846062117,0.750216240880765,5.521433504406157
122.394117853702,28,42.1123568895961,2.09921921010724,87.53,0.767293484516129,43.6410507070662,0.425081274420653,14.184926351288,3.89010114906234,5.80495824577415,48.413879824505,2.34470524810927,5.81453848678124,23.78609802,1.81236077282482,9.42728847584167,11.1184957572905,15,45.6639557795894,8,12,0.0060934829637731,51.0873383049253,0.240675290839326,0.641416194990607,1.38674303648955,44.2721618722799,1.0190067440647,3.76335619795219,3.22996179422913,2,0.555357059308662,4.52114265315903,0.192963754543745,0.987170633873319,4.65930629042956,11.3448709066418,1.03018192196343,-9.52330807688962,1.88806394299047,5.681936665037238
128.921157158449,15,23.4860250150737,2.08507729453642,97.34,0.850856193043478,23.9605387320833,0.153076732167894,6.02008043342512,3.87215331650521,5.79815781442036,27.3086558449001,1.66975062184071,5.8114993688159,19.56969244,0.809361730602363,3.77245428425445,6.17074111181713,11,24.4625071695229,3,10,0.0272784563098038,3.82351187580969,0.0958129327664825,0.324770186851983,0.679751801826549,23.6745732357189,0.502134226776001,3.17707715697763,2.85062473579665,1,0.582697409719183,3.79979318021718,0.272500873852461,1.08701058161241,4.6493172204023,6.67455305324421,1.041891856755,-2.87873548080045,-1.61176367518113,5.36251027048749
128.921157158449,15,25.6118505152341,2.08504544582534,97.34,0.850856193043478,24.5691949265137,0.167489148496169,4.57001312572064,3.87193075363286,5.79788414442003,27.6210622683384,1.66786657637627,5.81125322650018,19.56969244,0.789989791988373,2.7822145556469,6.59843221270595,11,23.9917881014469,3,10,0.0287791005682758,4.46854579632798,0.100026099334348,0.324775268789374,0.679739285094788,23.8022562030946,0.50258455391224,3.18761657052617,2.75724826770632,1,0.587661781144526,3.85560286995835,0.281139502968488,0.975915784015883,4.64931670172046,7.68128748395183,1.04686714929574,-2.87766150968227,-1.23469146333443,5.333482019445119
128.921157158449,15,24.3516684366321,2.08546367246724,97.34,0.850856193043478,25.3237376612035,0.156005991815805,9.01646573589461,3.87211114507542,5.79818140805661,29.0971914311877,1.72286732826895,5.81145934094929,19.56969244,0.935602127049759,3.63437953047078,6.51105518609581,12,26.8713956888978,3,10,0.0114933768154232,20.8624846708156,0.0938043117897388,0.299991808071076,0.952073082954551,26.0060790217953,0.503093759356635,3.18717766829483,3.20891845491504,1,0.56180808564461,3.93858726383525,0.252702568085342,1.06665092124002,4.6493177801234,8.25603585908047,1.03764567271013,-3.08779387280188,1.83443653320812,5.281498311132726
128.921157158449,16,25.7228243602806,2.08545128357926,97.34,0.850856193043478,27.5124249723609,0.164825579168633,9.98682663570059,3.87206966876579,5.79812979987239,30.5296368869007,1.72624014124508,5.81140586599502,19.56969244,0.843465226296638,3.80455503944183,6.17628959176484,11,29.4291945760448,3,11,0.0114933768154232,69.9226633610125,0.114102344599324,0.401684341476673,0.952075687917982,27.9095615739152,0.50343007551463,3.19914836459304,3.20892372766294,1,0.562478285005978,3.83313961735055,0.24689734450277,1.05091684073957,4.64931704144373,5.64116704580758,1.03764567271013,-3.08671513333889,1.30849751405105,5.958607314841775
128.921157158449,15,25.8398229568104,2.08584475145002,97.34,0.850856193043478,27.2513996596697,0.179535955013454,11.3317725842374,3.873050844848,5.79909871583178,31.3755164773039,2.0,5.81247834220892,19.56969244,0.976681431351131,4.89968226444568,7.67580123275432,13,28.8735271963859,3,10,0.0063455181795398,37.44829637876,0.117034467466861,0.349084614363718,1.15686642025533,27.7323847295995,0.503319171308476,3.19092631855787,3.22996179422913,1,0.54112855390615,4.2737596277317,0.232497154740485,1.12408872191541,4.64932172819907,8.44331279330029,1.02979105882042,-3.2982354961774,2.22084953122892,5.042871802323187
128.921157158449,15,25.9147082477414,2.08526639805938,97.34,0.850856193043478,26.7277615170787,0.171670918449325,13.0196010141273,3.87274577813731,5.79866868432545,30.4227776423942,1.88421308352703,5.81211967277179,19.56969244,0.936012541060902,4.57338784193194,6.95373342572201,12,27.3503099966396,3,10,0.0194292983732418,64.8338079322987,0.110033584332844,0.301705785245481,0.952077511462652,26.1754888734622,0.50272119636466,3.19257223537851,3.20892013198023,1,0.563012553361074,4.00170038841354,0.246804427977772,1.06937266649534,4.64931955039394,8.62079843569818,1.03355418676122,-3.08832605469281,4.02389957922181,4.9503943874050265
128.921157158449,16,25.9642896638659,2.0854202267248,97.34,0.850856193043478,25.3411980498604,0.147521034934975,4.70038542153165,3.87181230063188,5.79785955265434,28.3819361239065,1.66786657637626,5.81113688629105,19.56969244,0.823801995925968,3.19423734429536,6.21633363799412,11,27.4690923995726,3,11,0.0138551533179774,7.78640467379138,0.0958876372497963,0.407226151280787,0.679754665421681,27.731957641578,0.622454734960986,3.20100211759131,2.75724826770631,1,0.587661781144525,3.71254334018561,0.280682709396395,0.962825879345582,4.64931670172047,4.82646997431567,1.03776381910863,-3.09003451225954,-1.20671638010599,5.568636235841013
139.921045046056,15,27.2039603044723,2.08524944045023,106.57,0.850856193043478,26.9560740939179,0.154518345782135,4.80821127789211,3.87179440033667,5.79786863424449,29.9109600774334,1.6762099698216,5.81112158012367,19.56969244,1.03942882958673,3.07366880190235,6.91181186720396,12,29.3379133182671,5,10,-0.0313925562918879,13.9786341547655,0.0774674265065246,0.331958614819387,0.679787169324939,29.3253511812166,0.5763816991492829,3.17921383767911,2.76047971327028,1,0.59416111383033,3.75574000849443,0.268149721172,1.03844098991583,4.64931671747311,4.93323501462883,1.02438242438118,-3.16001309738674,-1.943150578768,5.522878745280337
139.179647401832,24,38.3980099757011,2.09228447187331,100.42,0.811127832258064,38.4284212377476,0.430737136133314,14.4629404136583,3.87600046494289,5.81053820021251,42.1236387681967,1.9886459186502,5.8247431661214,25.1449628,1.64801038585883,7.8988858684255,9.94836439968026,17,39.803400471549,5,15,-0.0119780305598032,42.0278303531995,0.274005127498952,0.80268034552781,1.21578267960654,39.580675791489,0.922823814340292,3.73182787189349,2.88859214006377,2,0.588290969552993,4.18219530050224,0.222316180212559,0.918622675835208,4.65930457232611,7.24563043209019,1.04061071009809,-12.0866796164672,-2.81849706624523,5.701146923590294
139.179647401832,24,38.2474011432428,2.09242824118356,100.42,0.810955876129032,39.6455801566194,0.446240783121247,15.4812502021436,3.87757817682958,5.814397461068,43.4100364550994,2.16043821835585,5.82855423101921,25.13963216,1.67592023695014,7.89398774143099,10.24019936405,17,40.9471585578895,5,15,-0.0123890771746096,46.157601867291,0.291578385591064,0.79766481178366,1.32656890354593,39.6697284138599,0.921235408941594,3.73173940108357,2.91088756555432,2,0.572070857787312,4.29383812108528,0.212564801855166,0.961077851786882,4.65947351971753,7.96398695917689,1.04051676548289,-5.68601379962789,-4.46074739010297,5.235077015350112
139.179647401832,24,40.3195355953637,2.09103003531457,100.42,0.811248503225806,40.264373049084,0.407563643837066,15.6477569224147,3.88051565605327,5.81701976593981,44.3462486567572,2.15461556103823,5.83163528352519,25.1487036,1.57880136936584,8.195206886172,10.4669986354368,17,40.3888303983442,4,15,-0.0020538505047235,31.503514427418,0.214305243572816,0.633928794340605,1.29152335610816,39.7182086717263,0.922432505730654,3.73303545454713,3.0458515255252,2,0.584079926099717,4.33422560535549,0.213276526678843,0.995175610682477,4.66019870964323,10.8293961132263,1.03386973268389,-5.65959177464841,-2.54748193135966,6.769551078621726
139.179647401832,24,42.4576033034627,2.0913009199319,100.42,0.810955876129032,42.2975397298917,0.469742051578318,15.1259133151332,3.87876893832918,5.8140785599503,46.0224468372848,2.17305375675117,5.8286176526699,25.13963216,1.625110354853,7.9064308139731,10.968875561967,17,41.1924226014376,5,15,-0.0020538505047235,50.9681123728607,0.32359867968602,0.802793025681708,1.2629734919958,39.9928433104993,0.922319354417291,3.7332382146972,2.9255534105853,2,0.582950381495093,4.32788119533771,0.21138704441345,0.939391824642212,4.65944934062663,7.27915470560015,1.03386973268389,-5.65768724877486,-2.91134218005953,5.723538195826756
139.179647401832,24,41.2611174771627,2.09122472469306,100.42,0.811127832258064,41.1626371647203,0.465039525396607,14.6037717937191,3.878698246441,5.8142116842936,45.0678398587042,2.16043821835584,5.82866881412825,25.1449628,1.61941666871732,7.89513125748119,9.91929115176267,17,40.7223400420166,5,15,-0.0020538505047235,49.3155647248217,0.313863007102775,0.789138567705945,1.32624678457606,39.8010769860575,0.922351579779621,3.73315274524162,2.91088756555431,2,0.572070857787313,4.3860483254485,0.212287655306425,0.981059447786004,4.65947351971754,7.41100802142946,1.03386973268389,-5.69490043451993,-3.14525451816186,7.221848749616356
139.179647401832,24,40.3636843652899,2.0917472751288,100.42,0.810955876129032,41.2147647518387,0.463183802023814,15.7044217151827,3.87811711494723,5.81411776109006,44.9137298060441,2.17305375675117,5.82835359939541,25.13963216,1.63968205713001,8.07275293922776,9.83016073140164,17,41.3239211588274,5,15,-0.0073093252653795,45.3014530748954,0.318977940846182,0.802694430483448,1.27904688218053,39.8786910279175,0.921771671877701,3.73254848817988,2.9255534105853,2,0.582950381495093,4.30964202412144,0.211521555745916,0.96510525953626,4.65944934062661,7.37364664437403,1.03708239014962,-5.66186460770524,-3.03946060971047,5.809668301829708
139.179647401832,24,41.1682934382813,2.09126142626994,100.42,0.811127832258064,41.9689338877951,0.470917279613493,15.6476033496091,3.88124759512283,5.81835664069892,45.8706351606627,2.1736480721593,5.8328910036398,25.1449628,1.62718631458033,8.06858664873459,9.80379359057374,17,41.541616500601,5,15,-0.002392001402185,49.7232056373657,0.317463820777128,0.788625348025021,1.32940421236564,39.8882373699682,0.921460162934756,3.73312236493751,3.03093857524017,2,0.57985522051883,4.40452517240727,0.207613793458556,1.00249785858021,4.65965515890793,7.38729285413636,1.03385905356497,-5.68089364445397,-3.52838108262599,6.4089353929735005
139.179647401832,24,43.7709353534862,2.09224919650276,100.42,0.810955876129032,43.4347554006367,0.467290016522719,15.6802102880364,3.87853571235511,5.8140682932687,47.1786203864196,2.17305375675118,5.82845156735274,25.13963216,1.62217875741512,8.01550191781334,9.78717363035874,18,44.9410678970437,5,15,-0.008595569509907,41.082518533671,0.313848489913212,0.814721811424632,1.29630390628339,44.4879298387133,0.925342893954904,3.73381640294192,2.9255534105853,2,0.582950381495093,4.30577420845589,0.211113870217569,0.895017865643804,4.65944934062663,7.26416061690103,1.03083463737116,-3.16803793287637,-3.38971984418307,5.703334809738469
110.910406475419,19,19.642297293838,2.08706497115682,85.31,0.7542146664,21.4691123016691,0.140318308182666,20.9125959745017,3.87460905050958,5.80107215981107,25.0816674799927,1.78086163894543,5.81451198472529,18.85536666,0.823063158041511,3.66215773785098,4.91726742772916,8,23.3312678624258,4,8,0.0144164403809051,9.89243232112829,0.05102315503106,0.2801483419521,0.952000077771527,21.8097321816095,0.501256147457605,3.18008843042462,3.20904461191737,1,0.561320893062967,3.93619503102442,0.264360605351141,1.0841036216211,4.64942038977767,4.74472217259946,1.0404941942295,-2.95072706419043,0.31189621489645,5.671620396561262
121.910294363026,20,20.714432764522,2.08728002724137,94.54,0.7521839904,20.557646303325,0.136224999016972,5.46813310124073,3.87452537658404,5.80084250186091,24.5835298669262,1.54768564020672,5.81436220766032,18.80459976,1.19612653201849,4.01335752616421,6.46660617575614,9,22.5826897122282,6,7,-0.0284070575609643,5.15310230868936,0.0549838805103333,0.247295263316661,0.679685617876261,22.5332218789918,0.605120197337969,3.16172495397897,3.07099821590711,1,0.594406285636348,3.82432614482102,0.285139856764894,1.07743490855624,4.64943671023829,4.09743124835719,1.01926859130382,-3.24161123202063,-0.66261404134775,4.997402019280091
121.910294363026,18,16.674787399038,2.08647931227245,94.54,0.7542146664,16.39949194522,0.104736369139776,8.61831628072708,3.87325221345661,5.79953773759906,21.4824348266677,1.77288780812167,5.8128707774013,18.85536666,0.63281074226587,2.28901553111768,5.85097858823775,9,17.2588283675438,6,7,-0.028439632499086,0.112870743835607,0.0330482367582119,0.197108524690095,0.951811797206237,17.438274237905,0.501397410136121,3.16139123726417,3.14416397051397,1,0.560463445962429,3.97154907808388,0.2602404680581,1.04277355866554,4.64938093390532,11.7710138495534,1.02680906847293,-3.02789766866459,1.95550035199797,4.861697301833718
110.910406475419,19,20.5308243998018,2.08651415006922,85.31,0.7521839904,21.9029676902711,0.140738110386806,14.5636596524258,3.87517901563894,5.80115758692167,25.6332729072496,1.78086163894543,5.8149727873644,18.80459976,0.823206677848149,4.5528987366524,6.04583900616821,8,23.3053427439751,4,8,0.0201335545884806,4.99945829859147,0.0536430145588603,0.280569915423611,0.951983462633487,21.8620953590948,0.501632259485693,3.19075101644866,3.20904461191737,1,0.561320893062967,3.96258354175407,0.264083512155524,1.04477100558265,4.64942038977767,4.6814100893538,1.03616200389755,-2.95120608278382,3.43520565665979,5.85078088734462
110.910406475419,20,19.729264756532,2.08769753705472,85.31,0.7521839904,19.4090400535139,0.146739148570582,5.02867712117005,3.87402664694167,5.80008460268884,23.6169390733847,1.76974365320093,5.81367748267197,18.80459976,1.08302952224482,3.69023070190557,5.75348186275282,8,21.1870431176626,4,9,0.0136354739696728,0.0262315164300844,0.0508823937776017,0.324300205463735,0.679406836357181,21.2629886141059,0.718665916907533,3.18937675893741,2.91900015244305,1,0.573187353828774,3.77766097717849,0.292659465713212,1.20589136827801,4.6493858354306,3.91583877898334,1.0322002393103,-3.17687627043402,-0.122519086877969,6.086186147616283
121.910294363026,19,19.381628282488,2.08647003622582,94.54,0.7521839904,20.6015976710826,0.137575057854303,8.6756073813197,3.87317520216834,5.79941906545178,25.3171030186655,1.78124790400174,5.81275485861368,18.80459976,0.76273693448908,4.25160393497714,4.46060504043739,8,22.2231713635037,6,7,-0.028439632499086,5.24890130565372,0.0494984665595023,0.232599110799634,0.952006101032661,21.1833374218637,0.501113820129819,3.16542246410322,3.14005152877119,1,0.561340317182691,3.91552245400925,0.252835357736133,1.05843431885189,4.64937737199538,5.53621208070546,1.02680906847293,-3.0217680738191,1.44645127581939,6.366531544420414
132.910182250632,19,22.5033102455493,2.08656870304183,103.77,0.7521839904,22.437244181478,0.0955981946066523,5.16891597645828,3.87369915653854,5.80003477957619,26.4626730531656,1.61089146183021,5.81340066185761,18.80459976,0.74635681932604,2.94985892090873,7.37501174052927,9,24.4240856370418,6,7,-0.0705886139165121,7.42947965563213,0.0368207823833479,0.222028351730136,0.679657314340932,24.3249213368475,0.578795335671293,3.17078890782465,2.96998930255473,1,0.605495639725574,3.86946115239815,0.271429932973628,1.05716229502395,4.6493861475488,3.99145015778884,1.00717298117028,-3.3232235081722,-0.883220876412617,5.4156687756324695
121.168896718802,28,38.0816060386029,2.09305075387095,88.39,0.738622408484848,39.3077628732416,0.413293322336224,19.0417327317278,3.88187794147431,5.81869740763526,44.0603236070891,2.28373098819587,5.83348653180416,24.37453948,1.62150810088981,8.01981984482482,9.73251571595473,14,39.2947994580929,6,13,-0.0086976315663807,133.891858101153,0.213246160808664,0.66976602625551,1.2167131018575,37.1228980130525,0.922072194521243,3.72836430133152,3.22329361956168,2,0.56851583741967,4.40422940028819,0.205379236380344,0.962531925196069,4.66000537585946,7.73144276180733,1.02978211010674,-7.17863901415644,4.63796371592893,5.966576244513051
132.168784606408,27,35.5458977497044,2.09301384624112,97.62,0.738783943030303,36.1242721533077,0.365822024054871,12.9727670712881,3.87884960756297,5.81422550446923,40.9149756539452,2.28778436108732,5.82884265196669,24.37987012,1.39910431997376,8.85511757382679,8.83442083808097,15,36.4454603064936,8,12,-0.0400205241748473,97.0472813055198,0.160441437304745,0.597745980582867,1.27909362662141,35.2828373131416,0.921118491503839,3.72662929807717,3.14352455688788,2,0.567851682168737,4.41000325473573,0.203588891962022,0.957674426135884,4.65945284415011,9.34528642396338,1.02274253665655,-7.39607673438275,0.0147421914968599,5.823908740944319
139.179647401832,24,41.9977629994332,2.09161171450811,100.42,0.811127832258064,41.2011929823448,0.415021007931652,14.5945777716149,3.87716169143959,5.81168987697103,44.870736420969,2.16415475484113,5.8262001950927,25.1449628,1.59998700224429,7.35198827037743,9.83206237042497,17,40.5816875625724,5,15,-0.0036709537383116,42.8065291664974,0.240635370393068,0.714135501585056,1.23911367360882,39.9869366041668,0.922974432799298,3.73332684162869,2.88902411052259,2,0.581201997817164,4.2777517590789,0.215846658267257,0.880866240831295,4.65933307045395,7.11881334869265,1.04093290371143,-5.62586286518762,-3.46669846562014,5.425968732272281
139.179647401832,25,41.7605971295617,2.09324728909685,100.42,0.811127832258064,44.0666212569452,0.493363805386412,17.3989488516872,3.87768092659315,5.81372127447898,47.7750039383234,2.18293741991066,5.82794450457889,25.1449628,1.96369805630671,8.15177738351886,10.4343818635902,17,46.3139009072265,5,16,-0.0134200586594899,50.1991186922588,0.302665969852909,0.800787626285805,1.32551499282953,44.2701113442958,0.923840769565159,3.73320280345296,3.22290580807017,2,0.568130053555503,4.35370732219118,0.20116986334411,0.972782824560178,4.65957001969997,10.06243696787,1.03389786591576,-6.12744301647043,0.465186102864753,6.356547323513813
143.910070138238,20,21.7636131766772,2.08668915621692,113.0,0.7521839904,21.7044870678005,0.229402076504107,6.17592571523089,3.87473798758201,5.80142461922543,26.4055271515048,1.78567789193783,5.81474632169287,18.80459976,1.1026466745237,4.34907803619546,9.71557307154095,10,23.4215699015806,6,7,-0.109050269000855,13.0827360883488,0.108680681618639,0.69820792097245,0.862079053648769,23.345766550117,0.584346366231319,3.17462315728447,3.09632718404488,1,0.609383319433041,4.05867040938237,0.260804423781473,1.06005917510406,4.64940510977223,5.35066686439016,0.990797924555756,-3.61224470306558,-2.34301293816529,5.812479279163537
121.168896718802,27,37.2370994123515,2.093654664768,88.39,0.740322333939394,39.0326233763346,0.383485639153487,15.207362440979,3.87931500342817,5.81468607146613,43.3751887855263,2.25175593983279,5.82929552795401,24.43063702,1.40477319933804,7.66023342504342,7.59658665882848,15,40.16069223776,6,12,-0.0113158505944252,84.5109004437128,0.230988315883932,0.721745566322016,1.21659649360179,37.9754678822747,0.922405826990903,3.72795810124309,3.22365102630031,2,0.573591325275159,4.29226518775142,0.20588434376103,0.938542821657668,4.65946172630059,11.0183251714862,1.03278527214375,-7.21030985081358,2.58786459833945,6.251811972993799
121.168896718802,29,38.0846616003862,2.09502005934863,88.39,0.738622408484848,39.8689256624852,0.444376720161993,16.1727450722192,3.88282542754443,5.82206328013969,44.7910393792183,2.5072547728156,5.83667318883624,24.37453948,1.7120780298866,8.34195954707473,9.96756085512474,14,40.8214460564571,6,14,-0.0116920376289829,90.4052427610768,0.22923199948992,0.698527554034326,1.30820730282637,38.6795119265903,0.922888297952231,3.72862020655073,3.22996179422913,2,0.555990770437041,4.60395879685246,0.195843055788699,1.02356818018669,4.66049593336855,12.7985503301628,1.02692185263226,-7.70909725422475,2.95344752580456,5.935542010773082
121.168896718802,28,36.5063280031428,2.09385106569626,88.39,0.738622408484848,38.5302534607248,0.410584826694162,24.8689115929878,3.88101492373067,5.8189058655347,43.2750911077649,2.28373098819587,5.83349753397915,24.37453948,1.63066131923537,8.12644366813141,8.59658297455426,14,39.4098440978664,6,13,-0.0113710091732013,142.531217701161,0.208722549309333,0.669308669312887,1.23241455086139,37.0555810890353,0.921716955109987,3.7278187384316,3.22329361956167,2,0.56851583741967,4.38734231276511,0.205504786569123,0.987729740752435,4.66000537585946,7.74050718854465,1.03277984528247,-7.18218516585425,1.30068838897224,5.943095148663527
150.179535289438,24,39.6962107505172,2.09246748562478,109.65,0.811127832258064,40.6779929434789,0.428898886838347,18.2430346214074,3.87693161657985,5.81249834963518,45.0998614673506,2.22771453992356,5.82672702856492,25.1449628,1.57113128348494,10.0833741306593,11.0189319519448,18,42.2516449999242,7,15,-0.045013038079507,92.3672635366096,0.253879869772228,0.758293017279252,1.33577701160591,41.3056018364543,0.922679221092893,3.73193712798262,3.14351971441909,2,0.562842988409602,4.39577516907724,0.196050054216097,0.963953469498976,4.65939676683463,8.3383259895894,1.02380182873016,-6.16923204061377,-1.17634403295684,6.022276394711152
132.168784606408,28,38.2271668225269,2.09299346952684,97.62,0.738783943030303,40.2865046623878,0.426334281845449,13.5827351784014,3.87870650831822,5.81376255024189,44.6513502838516,2.29959604240033,5.82834984313131,24.37987012,1.70798595767592,8.72216792695505,8.07790102981183,14,41.5484505154745,8,12,-0.0400205241748473,96.4798594722199,0.206409339980276,0.678175015091048,1.24022731540046,39.1592543920076,0.921088399376263,3.72663548464297,3.13980023951116,2,0.568525716756243,4.3742255173047,0.199805897189762,0.970273743171955,4.65939699951985,11.7447560544193,1.02274253665655,-7.36952184433927,1.77982441238275,6.356547323513813
150.179535289438,25,42.8481877743363,2.09244823997926,109.65,0.810955876129032,45.5517381599523,0.486765743671846,18.6522351342294,3.87678744836089,5.81203003505121,49.3759768328215,2.25837349510437,5.82623081857974,25.13963216,1.94427977742026,9.20553251368195,10.2470663765994,17,48.0481438031848,7,15,-0.0450130380795069,62.8338558633219,0.263942793197053,0.780256424981081,1.3303530438918,45.7174966781375,0.922647999959283,3.73194371703453,3.13979830737541,2,0.563500583190728,4.35947532627007,0.192587793519859,0.976431097808541,4.65934085562271,10.446766525287,1.02380182873016,-6.09183542641907,-0.536485898888675,5.421360790031928
139.179647401832,26,43.0308388101597,2.09422151040059,100.42,0.810955876129032,42.8574116620636,0.435585765572499,14.4445220824076,3.878279801459,5.81420472786427,46.8928054420107,2.16043821835584,5.82841288369521,25.13963216,1.83375916630915,8.36434590591849,11.5030461336304,17,45.3449666017914,5,17,-0.013606867032665,44.0770056500688,0.257211891264726,0.81484168296627,1.32678336316899,45.1658773089152,0.925815021524374,3.73404686821054,2.91088756555432,2,0.572070857787313,4.27325031359505,0.211726272640755,1.09964843602581,4.65947351971753,7.53022869789351,1.02784808448476,-9.77761612277427,-2.93818722513219,6.920818753952375
139.179647401832,24,42.5041751958487,2.09229262573043,100.42,0.811127832258064,42.7229468322251,0.465112827683648,18.3060769195472,3.87676548273325,5.81107269056886,47.2320874151292,2.16993348096179,5.82549538266317,25.1449628,1.74730997399231,9.49115309123321,10.7082796117392,18,43.3355177029008,5,15,-0.0088119108847452,88.1005716564704,0.315130201489649,0.813927541890468,1.21774749647802,42.4147931147975,0.923032914053667,3.73311750962717,3.22390214610511,2,0.573846551302657,4.31735196346831,0.203799035390477,0.931841507027252,4.65930468145074,11.3363071767038,1.03083880307826,-12.8361442843363,4.13381302298209,5.85078088734462
139.179647401832,24,42.3500941547334,2.09243623032813,100.42,0.812748848387097,43.9444233387991,0.48109286878741,19.5212069125486,3.87837353293095,5.81495574255268,48.5254490066936,2.29100209827345,5.82933762965224,25.1952143,1.77639428636089,9.48510529163662,10.9945944257752,18,44.4978201681507,5,15,-0.0092288235237721,92.1445706079774,0.333905370562394,0.809103853904153,1.4442592561849,42.5021979110262,0.92143683217185,3.73302940892354,3.22433378488493,2,0.559517882748098,4.41555016020669,0.195603047019657,0.97674026321226,4.6594736253392,12.0694284309025,1.03084701412037,-5.69678701192433,2.53597443349161,5.7121982700697735
139.179647401832,24,45.5495771074928,2.09123414170093,100.42,0.812748848387097,45.61300091698,0.464470171619617,19.0923255029003,3.87951168065576,5.81477603843681,50.3236556593389,2.29100209827344,5.82946989391334,25.1952143,1.70126929559453,8.90895864983687,10.6664938984841,18,44.4007238463396,5,15,-0.000132450001479,101.138666360902,0.290639180355172,0.707606963585552,1.44135903423859,42.7628137907414,0.922558146688082,3.73443258082207,3.22433378488492,2,0.559517882748098,4.49761464079241,0.195384446528306,0.997043931537839,4.6594736253392,11.5334371454135,1.02530865342161,-5.7017650654902,3.40413613368268,7.522878745280337
121.168896718802,29,36.698295010325,2.09470000639501,88.39,0.739058835151515,36.1851196633212,0.368063734938441,9.30152861513068,3.88018376033502,5.81591194639853,41.1299890963119,2.19622708522731,5.8305123076314,24.38894156,1.61051048344695,8.75144024113833,9.49322232097807,14,38.2226749484889,6,14,-0.0114816370089501,77.2577024266329,0.194075572529255,0.710678589907494,1.21662305114615,38.2889805601597,0.924209058483488,3.72866277951592,2.93728749904516,2,0.577735063732111,4.2893181658949,0.220830743046414,1.08686196517449,4.65952950526687,5.93656982305387,1.02678346833601,-5.42935716935368,-0.560956405730913,5.785156151952302
104.383367170671,31,30.2152133352745,2.09920015290761,75.5,0.697954366060606,29.3572789641375,0.295984577645764,7.82645971348002,3.8918086404652,5.80665807580147,34.3233388356228,1.87512577946438,5.81665556337621,23.03249408,1.2427427315711,8.86726972478489,9.16531861141798,10,30.3221486413851,8,9,0.0111213886420835,16.4622906497007,0.166598470757169,0.61704266327411,1.10891801865859,30.6735947807124,1.01454712411897,3.75624348027817,3.05624155405799,2,0.595964116481514,4.22500180668705,0.234436172636041,0.952634715677971,4.65940104645725,8.3247363083261,1.03834487940251,-8.3115560354248,-0.326359177232119,4.522878745280337
104.383367170671,31,32.8241555194821,2.0994241493746,75.5,0.699155518181818,32.6397561841263,0.266455594139473,8.70041844355229,3.89071711717671,5.80579647259438,37.1777696298412,1.88574475353457,5.81544467303677,23.0721321,1.13376108995536,5.36382140110664,7.56227494299381,10,32.8752357433463,9,9,0.0094131433405839,11.3987400022748,0.135565896942126,0.481907428912043,1.15209988585414,32.3946730183775,1.01313560727753,3.7548093740476,2.93509482458951,2,0.594742276165256,4.19754169084481,0.232203323946837,0.926479732258109,4.6593607613045,7.42178300585848,1.0418159369914,-8.28044557341206,-0.826759189661604,5.094743951251549
104.383367170671,31,32.8814519510434,2.09927559450978,75.5,0.697617127272727,32.7210169476813,0.271935043105901,9.71140179021218,3.89228966914665,5.80727507478918,37.6201507248387,1.88575434173077,5.81726102049671,23.0213652,1.12957750130093,5.56808774783469,7.54524652898872,10,32.8452803444744,9,9,0.0108699083137828,12.1366832535117,0.136068983041936,0.483029490368246,1.15216452630353,32.3333489431159,1.01255065072381,3.75636266339392,3.03698163909087,2,0.591064450871299,4.30310563361053,0.226975013846581,0.957082912885812,4.65937177221707,7.4772688869421,1.03831124409264,-8.30925009502607,-1.15337475137774,5.13430394008393
110.910406475419,21,17.8812448771448,2.08794145987161,85.31,0.7521839904,17.7404317694851,0.109184855775123,5.0237817632671,3.87449969978489,5.80060769706017,22.3037461889578,1.70402406199931,5.81425414211818,18.80459976,0.698202149223211,3.45141190111741,5.3836326114122,8,18.989221168941,4,8,0.0136354739696728,0.597750433746964,0.0446979706180619,0.257058565316147,0.679454968889832,18.9858659526258,0.74673288607197,3.20839546603575,3.00334064165701,1,0.587682975323545,3.76570374400189,0.294978930904209,0.974465040370396,4.6494180976004,3.73445449932117,1.0322002393103,-3.17642718770733,-0.23359648455616,5.563837352959244
121.168896718802,27,33.9487781943495,2.09283659612082,88.39,0.738783943030303,33.6370116674555,0.332527905725915,9.29438252846417,3.8779054662552,5.81227099603051,37.8775437517485,1.88574475353456,5.8268535756994,24.37987012,1.35167489659634,7.9399100485317,7.75922047108329,14,33.8643696490085,6,12,-0.0105370083984099,79.9513373554706,0.177388669048434,0.598592927027519,1.1514796748766,33.460403628141,0.921261927808,3.7265373702875,2.9350948245895,2,0.594742276165256,4.19978149581,0.232583297963605,0.90983878482205,4.65936076130449,6.59709929666871,1.03940825856117,-11.5041675406517,-0.656463112249566,5.935542010773082
121.168896718802,27,31.9749349561008,2.09297577905092,88.39,0.738783943030303,32.9845392716072,0.369229468969993,10.8072362968245,3.87948531242586,5.81609642995089,37.7070156066932,2.1962270852273,5.83065055133837,24.37987012,1.42879386345602,8.28505367579446,8.22905025425034,14,34.1364033148621,6,12,-0.0107251627543786,77.8243311938842,0.226858329498839,0.685061010445901,1.21661503546547,33.1328315000589,0.919704485715667,3.72645321313434,2.93728749904516,2,0.577735063732111,4.30958111720321,0.221762662164301,0.956693156675675,4.65952950526687,6.36376872943232,1.03932719204162,-6.88939122309786,-2.31659687882372,6.346787486224656
121.168896718802,27,36.0242375729153,2.09162207236245,88.39,0.738783943030303,35.6628701763532,0.441640338817757,11.9498419572893,3.88238395949183,5.81869366030282,39.9860118301509,2.18194909348909,5.83369244955341,24.37987012,1.4017727464357,9.0078458424712,8.30226233797649,14,34.3914355421474,5,12,-0.0037913081684956,109.81123975573,0.322054080814322,0.664170768738301,1.21661529924291,33.3715115218233,0.92087706801411,3.72769526427706,3.04605655974795,2,0.590068701392164,4.34935013821672,0.222550464421,0.996647856452523,4.66025380338218,11.4941605119614,1.03277307873946,-6.84416623591097,0.0379624941941123,4.633017024022149
121.168896718802,28,36.1206706785211,2.09315556474637,88.39,0.741845106666666,37.2228971987984,0.351978631824715,18.94296908312,3.87919802694728,5.81336386443946,41.6413741922425,2.17916057887055,5.8282348162782,24.48088852,1.481870370329,10.3164944581101,9.62677812527989,14,38.7779376970143,6,13,-0.0112580705409692,40.3392530866169,0.193955822461088,0.638063824948585,1.12921457818544,37.4268725137961,0.92204487464106,3.72866582064463,3.22399656056688,2,0.572796137952041,4.28897545332266,0.214469923724419,0.909144217752724,4.65938776808869,7.64819733313969,1.03279075338556,-12.1364475451162,3.86864049875382,5.739928612014925
121.168896718802,28,35.6496120065024,2.09329160306068,88.39,0.740322333939394,37.9649998953564,0.424994008002152,18.8194003126156,3.88079840868612,5.81719265470245,42.5554036839709,2.26834921038088,5.83204439775843,24.43063702,1.62589063819757,9.16025897388818,9.93146662958557,14,39.4424702822159,6,13,-0.0113710091732013,40.0732185166801,0.255101935178707,0.738980306603899,1.2951960517001,37.1465708249229,0.920467277191325,3.72857942545292,3.22442714471747,2,0.558161773357943,4.38986212525869,0.20523395088274,0.956222876890633,4.65955635287388,10.3208764275776,1.03277984528247,-7.22060640406858,2.71660924017294,5.790484985457369
121.168896718802,28,39.4489714337537,2.0922263947321,88.39,0.738783943030303,40.3184307846224,0.382595838982683,19.9204187995797,3.88199629141592,5.81689758158877,45.0551665203238,2.31448959758297,5.83212639571965,24.37987012,1.4751120479964,10.1013595350438,10.819131677496,14,39.720312477062,6,13,-0.0057570408401748,53.5112757223028,0.209095807646459,0.637473160823497,1.22036524669698,37.524393280288,0.921542639605282,3.73005355066037,3.22437543211025,2,0.568497320871936,4.42083604342137,0.204184791592226,0.93955348880223,4.6595322191256,7.13926865300067,1.0269673560726,-7.11051292422547,3.2798517893099,6.180456064458132
121.168896718802,28,38.4895032025102,2.09218740119937,88.39,0.740322333939394,40.1959085516694,0.451955333028758,18.7035894538364,3.8844503040716,5.82112538047579,44.9072103168615,2.31801206726999,5.83635419783927,24.43063702,1.58716916506894,9.34312253335633,9.49799570083696,14,40.0263144359833,6,13,-0.0059057615284017,33.9452581572305,0.283963722172979,0.733105614119885,1.31990256825932,37.361180788281,0.920689106522237,3.72993801325511,3.22501275112555,2,0.565905657037673,4.49090933279557,0.200563603870926,1.00500011019656,4.659737553832,9.74597751514671,1.02698925719006,-7.21662064114622,3.26831914540302,4.522878745280337
121.168896718802,28,41.2184038394519,2.09312502937637,88.39,0.738783943030303,41.9835892492916,0.38486614893626,20.594449242698,3.88176306123975,5.81688548899367,46.5939368698639,2.31448959758298,5.83195946688001,24.37987012,1.47356775510877,10.4513173778156,9.46136414159713,15,43.8141727739791,6,13,-0.0092750381886628,42.2204569491555,0.202738721447211,0.664530663220475,1.23822480052458,42.2732716790592,0.924555859420966,3.73062140556667,3.22437543211026,2,0.568497320871936,4.40071127659548,0.203942721835996,0.887916119929593,4.65953221912558,7.65061050645999,1.0241490540313,-3.22588163466761,3.60698851136003,5.554395796726403
121.168896718802,28,39.4492124638422,2.09252115135988,88.39,0.740189579393939,39.712661754228,0.369391628317167,19.2270833173142,3.88038239900526,5.81452016202659,44.1645746646808,2.2545374629668,5.82971130676389,24.42625612,1.47450501778894,10.3225161944324,9.51247764722932,14,39.4086532500371,6,13,-0.0061899006529678,40.0676837065057,0.204623658710948,0.639204210587889,1.17416811007163,37.7073332842972,0.922194058006857,3.73014266233638,3.22406439354767,2,0.566468006658042,4.37525940390684,0.208430300739569,0.877685174697191,4.65941620458344,7.4856503927492,1.03346082271905,-7.10458454723582,3.21612517046486,5.7447274948966935
121.168896718802,29,38.9510677531535,2.09405637219457,88.39,0.740322333939394,41.9355167181047,0.418147589372427,24.0247010497654,3.88092434725579,5.81654690478519,46.83079290101,2.33602634055712,5.83146279325384,24.43063702,1.74063486237044,10.5806005578359,10.1016528204686,14,44.1954141785319,6,14,-0.0116616960611935,79.2094291863715,0.22161903038107,0.703913104199893,1.28428273782678,41.3207972271867,0.923053817453045,3.73001155304641,3.32407788721144,2,0.555070963821438,4.44439648974325,0.194580788684027,0.966799112756123,4.65965257416007,10.445388606595,1.02689933308431,-7.62412846385806,7.62160174046036,4.897223385116559
104.383367170671,31,34.7082552489704,2.09956922025163,75.5,0.700203384242424,33.8163805082052,0.293456904274532,8.46094126804307,3.89093226833589,5.80583946194959,38.782643772461,1.88574475353456,5.81560889687341,23.10671168,1.14931246495569,5.36701359421923,7.57702646435446,11,34.8091119488618,9,9,0.0083834699425029,17.9358889286687,0.154139264137999,0.517268018366246,1.16148260047879,34.9189384786659,1.0180234426084,3.75790984474655,2.9350948245895,2,0.594742276165256,4.19321406103756,0.231678038745456,0.867322898556607,4.65936076130449,7.25378740308824,1.03517813890247,-3.12279530282764,-0.978399981150701,5.150580586203101
121.168896718802,27,37.3451266898908,2.09188505279968,88.39,0.738622408484848,36.9201882387052,0.361124329809855,10.2294079141267,3.88067115467724,5.81579013127142,41.3263735236923,2.2302890549203,5.8307172211483,24.37453948,1.33832131763677,7.96886882703109,8.78425196391431,14,35.0791643472844,6,12,-0.0037913081684956,92.2245319141488,0.196136971611671,0.601294770478062,1.2164917621579,33.8118619667629,0.920764109826483,3.72789542943693,2.93926912797485,2,0.588908628591039,4.34310126061372,0.220458940880935,0.939843758204906,4.65950535088516,6.61405542965029,1.03277307873946,-6.79517005596653,-0.793749932576216,6.045757490560675
121.168896718802,27,34.6919405383587,2.0918104571356,88.39,0.740322333939394,34.3804002426809,0.387761505861826,9.40690458533367,3.88059914591982,5.81592037013696,39.2301209786209,2.1962270852273,5.83076636967653,24.43063702,1.37497801024933,8.29301685809196,7.90998580600271,14,33.9303991936873,6,12,-0.0037913081684956,78.0361822474884,0.246890931869422,0.677086880074272,1.21660536840802,33.2613513617358,0.9207953454798,3.72781109138249,2.93728749904515,2,0.577735063732111,4.40041448652453,0.221454580452898,0.982273502164848,4.65952950526687,5.81188737806186,1.03277307873946,-6.90109361754188,-1.03780034712984,5.939302159646388
139.179647401832,24,41.9153658705801,2.093128232789,100.42,0.811127832258064,44.3121679470925,0.44923593325268,20.3904077266311,3.87739387815855,5.81295945627786,48.0812415215967,2.18308120703909,5.82717703850442,25.1449628,1.63701859894022,8.1505426181553,9.76226468259121,18,46.6232507954769,5,15,-0.0134200586594898,53.0699627808432,0.288091912320535,0.829085008622712,1.32560103849683,44.5004890721545,0.92398812632003,3.7333147101171,3.22347889718084,2,0.568313923104401,4.27624499882962,0.198146201134574,0.944613644180531,4.65940567920121,9.72776382459615,1.03389786591576,-5.93803299135467,0.0637798515023017,5.563837352959244
139.179647401832,26,42.7188205560387,2.0945533137629,100.42,0.811127832258065,45.2283898086118,0.506285162784484,21.2449531595527,3.88091326058825,5.82040785974195,49.5926289744305,2.43518978295704,5.83459495870091,25.1449628,1.93477035712341,8.80588815744381,12.1306861638914,17,47.4480953350209,5,17,-0.0143421099848814,48.6577186637579,0.289902185317223,0.804819076565632,1.44479878611209,45.3149822508885,0.924481289050644,3.73400325668813,3.22996179422912,2,0.551593144701927,4.59225394502565,0.188954490371864,1.02606300407432,4.66044173974071,11.5293037582483,1.02795670496502,-6.35479010655712,1.0217009376644,6.958607314841775
139.179647401832,25,41.6943924329726,2.09333860058524,100.42,0.811127832258064,44.6942801306409,0.497611032898519,22.5205691395414,3.87909988298095,5.81722597240178,48.4107844963299,2.23996457259893,5.8314054280578,25.1449628,1.967689171504,8.21835142630258,10.5996750661261,17,46.9064165713368,5,16,-0.0135715975007262,48.1482543531461,0.306355000010344,0.803667233059084,1.32931799471829,44.3432211377636,0.923290798073472,3.73317311666646,3.22312025159499,2,0.563490944830095,4.37278573944299,0.197795128398899,0.991198105754938,4.65995024336694,8.6899156542221,1.03388689273864,-5.9903777765579,-2.41756366933766,6.3872161432802645
139.179647401832,25,43.4152730506744,2.09250978605232,100.42,0.811127832258064,45.5212473603952,0.501900473694233,19.5788011002938,3.8799703473018,5.81700852102759,49.2717023343169,2.23996457259893,5.83139452674303,25.1449628,1.9524763712636,8.0856034510842,11.7208125412605,17,46.796797913986,5,16,-0.0092288235237721,57.9513643605223,0.309742238104294,0.801336892072256,1.32725162101739,44.4171168522199,0.923652167487331,3.73373103920593,3.22312025159499,2,0.563490944830095,4.38991833376533,0.197681125304519,0.963907218734113,4.65995024336694,8.54802290055114,1.03084701412037,-5.98202515215981,1.12194204639704,6.096910013008056
121.168896718802,28,38.5789003814412,2.09215283495727,88.39,0.738560061818182,39.4183903756435,0.444486409450311,17.645550540995,3.88192129242423,5.8170264558646,44.138609574966,2.26834921038088,5.83217286640536,24.37248204,1.57850432215335,9.17972586048074,9.60369789806523,14,39.2245209942603,6,13,-0.0057570408401748,31.1139684612,0.278666881199723,0.733186345920385,1.29173118200071,37.2748133903784,0.921573512088237,3.72996807755339,3.22442714471747,2,0.558161773357943,4.47397462079336,0.204988797627223,0.98049122045755,4.65955635287388,9.76409615534481,1.0269673560726,-7.21379390726828,3.64197997203456,7.397940008672037
121.168896718802,28,37.6682475381126,2.0926470541677,88.39,0.740670477575758,39.5529433768222,0.375560677556301,20.5175703492164,3.88134305807518,5.81692692596116,44.1611551074529,2.31448959758297,5.83185604724767,24.44212576,1.48291515122778,10.4863711917841,9.50368307660645,14,40.1090441295904,6,13,-0.0086976315663807,43.3250802328657,0.209039317389289,0.63911283575372,1.22110750915915,37.6542116011889,0.920999613346676,3.72937230829553,3.22437543211025,2,0.568497320871936,4.40422940028819,0.204303947056399,0.962531925196069,4.65953221912562,7.76048931400676,1.02978211010674,-7.15720155604234,3.65834339964646,5.543633966870957
139.179647401832,24,44.4702134613894,2.09175610488989,100.42,0.812748848387097,45.4876161273347,0.498648529562438,19.5757077220877,3.87892296756504,5.81467998785884,50.02453547785,2.36204119099647,5.82914722918461,25.1952143,1.73980986148383,9.65524909014015,10.5803624840749,18,44.8538054306793,5,15,-0.0047713117850792,91.35622799521,0.361490413292376,0.814114237592621,1.28360822349813,42.7063179723266,0.921977353846175,3.73383364421289,3.22428196925495,2,0.569601343760162,4.42955560768551,0.194770291350645,0.981263940463124,4.65944944673916,11.4519313387524,1.02799312164373,-5.67322920692776,4.11970372834355,5.892790030352131
121.168896718802,28,39.3651574327061,2.09395705442434,88.39,0.738622408484848,42.7174076391537,0.426333875927992,23.3647989863397,3.88063973763286,5.81579849140336,47.2722220138232,2.33655592058377,5.83070504824928,24.37453948,1.59806448339732,9.42229972972339,9.45817480267212,15,45.169395226303,6,13,-0.0116616960611935,34.7763626413111,0.256484833427933,0.781467555812344,1.28574007931277,41.9776012473408,0.923201923272279,3.73012365551291,3.31515657255568,2,0.555246077674272,4.37389272430847,0.191861722362609,0.93926917658464,4.65948862811118,12.0942959876322,1.02689933308431,-7.54141895859371,7.11224163437556,5.795880017344075
104.383367170671,31,32.9882979152906,2.09938233441598,75.5,0.697268983636363,31.9085689117876,0.258285546077373,7.17666211298367,3.89023526767361,5.80504573164109,36.7857317164936,1.88344639549161,5.81478518164102,23.00987646,1.12241795505299,7.4709162209088,7.59246932750267,10,32.1139236673051,9,9,0.0091643295322671,9.56214932550352,0.134164964836604,0.485365920610765,1.05888098407536,32.2711372707807,1.01564461007325,3.75679163167044,2.8706205546458,2,0.593161605793333,4.16180006669908,0.23808157188919,0.851823754514763,4.65935456457533,7.01693172434116,1.04575986879643,-8.24798282619409,-1.07281754889979,5.197226274708024
104.383367170671,32,34.100136112545,2.09988921613502,75.5,0.699144613333333,35.3766297856776,0.289146623585039,12.3186716812072,3.89055239760866,5.80573480263342,39.8287742061315,1.92027920966464,5.81529091974169,23.07177224,1.30718783430168,7.28840106426659,8.14670007950943,10,37.4621020225734,9,10,0.0071873899667333,22.334098635777,0.147623816399402,0.525969205327421,1.09897087529096,36.2189866424202,1.01693837991537,3.75637195936418,3.22397904027245,2,0.578085473715456,4.24670771108168,0.218666639642954,0.935949273461016,4.6593672161697,8.78097503712405,1.03844089826273,-8.77171161845964,3.32704166279067,4.522878745280337
104.383367170671,31,33.2271579679094,2.0998383859168,75.5,0.699492756969697,33.9168364610293,0.303408458190659,13.6650075780083,3.89042270922336,5.80553600589271,39.2740982303122,1.92056116758134,5.81509181625419,23.08326098,1.21505119738915,7.7860111077165,7.47265967809776,11,35.7368280291263,9,9,0.0071873899667333,89.2307025652141,0.146877828400868,0.521640664137167,1.07469718219392,34.9644818598264,1.01701642839429,3.75656459368457,3.22402530684612,2,0.578283208072898,4.16010790608298,0.214925593809182,0.910388289370505,4.65935843341065,8.92318412510954,1.03844089826273,-8.64656229879538,2.7675754871909,5.769551078621726
104.383367170671,32,34.8531738426354,2.09991777308681,75.5,0.699492756969697,36.4897225796293,0.423817243208198,22.8625091494985,3.89130352988507,5.80689324653704,40.7186399055544,2.17916057887055,5.81644960402097,23.08326098,1.61954965032175,9.08279209065799,8.26701229429542,10,38.5349699778295,9,10,0.0070673736139744,29.1032515463838,0.238141230042738,0.82414825615734,1.1521456772896,37.0236424276183,1.01633447842948,3.75629359277226,3.22399656056688,2,0.572796137952041,4.26791802970859,0.21432757700881,0.950722968179036,4.65938776808869,10.6779441421492,1.03840626941673,-8.7035591020631,0.330271918301795,4.522878745280337
104.383367170671,32,35.8008961172635,2.09965997635001,75.5,0.697954366060606,36.9721530278381,0.425648899596966,16.8115851750809,3.89175519794987,5.80692630118365,41.3580711015275,2.17916057887055,5.81670529961344,23.03249408,1.61010200638166,9.50160854512928,9.3875369829084,10,38.4723834069589,9,10,0.0079057526624648,30.7399378621402,0.241603606196169,0.82394786438034,1.12948571534199,37.0643643704873,1.01681282225111,3.75774671004173,3.22399656056688,2,0.572796137952041,4.28692697095949,0.214184921301023,0.925150349975924,4.65938776808869,10.6338269226954,1.0351262165012,-8.70428532962241,3.59812258420247,4.522878745280337
139.179647401832,24,48.0951022326159,2.0922558099583,100.42,0.812748848387097,47.9329797315713,0.503238936714493,19.5969874135825,3.87934865667996,5.81463312665079,52.5135729373047,2.36204119099647,5.82925215501419,25.1952143,1.72788137006957,9.59591327636405,10.544611127264,19,48.6451098138942,5,15,-0.006118764291786,87.1524700378837,0.352572636649139,0.821760198474068,1.30343101459839,47.4668950786421,0.925560738836049,3.73510490033327,3.22428196925493,2,0.569601343760162,4.42612561695985,0.194447943107862,0.909030740414358,4.65944944673914,11.3364022375475,1.02257936252512,-3.33882392074801,3.38409002678086,5.935542010773082
139.179647401832,25,46.0410913085252,2.09325706699376,100.42,0.810889507096774,48.5412445033166,0.532413493135552,21.3766178650958,3.87848631928311,5.81428621059178,53.104442700125,2.38984813376807,5.82873771910147,25.13757472,2.0827125901926,9.73232576749488,11.1805015090892,18,50.0192362313158,5,16,-0.010421966639918,96.2731996754206,0.345509490492421,0.817090533059516,1.4442499756232,47.2320884716572,0.924053370555868,3.73449692785919,3.32407786093002,2,0.556435877653726,4.46873761254822,0.186074953519894,0.98623051830269,4.65957012324573,14.1563367111773,1.0252204185583,-6.12545364976183,7.21063158126019,6.251811972993799
139.179647401832,24,46.2114260957805,2.09313356134136,100.42,0.810889507096774,48.8134695676217,0.484784002320561,24.3662144409695,3.87819616767853,5.81352178551301,53.4166541668249,2.39049541269859,5.8279669438133,25.13757472,1.74186524090718,9.73950196014065,10.5179062826225,19,50.3564515886327,5,15,-0.010421966639918,99.1406047518069,0.327851070432783,0.836515805165363,1.44424942945264,47.4799276636879,0.924201720847501,3.73461026428899,3.3151565464494,2,0.556606919098454,4.39998892547154,0.183618812292973,0.959601737416513,4.65940578618688,13.8244361159399,1.0252204185583,-5.93072337821076,6.94172641437947,5.756961951313706
139.179647401832,26,47.1967577529583,2.09456508418728,100.42,0.811127832258065,49.9780655380244,0.548875054732638,25.393223606862,3.88178194536237,5.82102116841274,55.120758729739,2.58204942329366,5.83545301757578,25.1449628,2.06947265290912,10.397320129293,12.8717530753109,18,51.4541722113519,5,17,-0.011529478992992,94.6743137568366,0.331812416821401,0.819439802382917,1.54786376704531,48.4727230812592,0.92469589126923,3.73529684150635,3.37711096879831,2,0.54194976518657,4.68395329282054,0.175527151583088,1.03974614219101,4.66044182495385,15.6270603801273,1.02019805536599,-6.3197278905768,6.86416471543741,8.0
121.168896718802,30,40.5242923978605,2.09528030953292,88.39,0.738783943030303,44.0413960312754,0.496398828577635,26.5390161690513,3.8841903019564,5.82318034824301,49.2101332450753,2.61360437272611,5.83810293085623,24.37987012,2.04107287089786,12.0904853057966,11.8091547052838,14,46.3300262203772,6,15,-0.0118003227985852,124.753448634681,0.222436884432345,0.758403666162276,1.44606703279168,43.0748470729038,0.923690168799914,3.73080116934801,3.3807893517746,2,0.540388624025569,4.66437188788692,0.182849448134517,1.02369934573623,4.66052158622695,13.3684327988362,1.0216497882105,-7.99521079124226,6.87641995546644,6.259637310505756
121.168896718802,27,35.4584273360512,2.09231636091756,88.39,0.738783943030303,35.9218481191427,0.395919079162074,10.7001566513614,3.88002334773084,5.81582487278928,40.238331675145,2.23028905492029,5.83045418302584,24.37987012,1.40278733875602,7.57565631578402,7.6537768254189,14,35.1079711142693,6,12,-0.0074356202265338,78.3708403009622,0.257965580568053,0.690222595363597,1.21657809627185,33.565715096599,0.920227882757108,3.72722727332734,2.93926912797486,2,0.588908628591039,4.32514007803918,0.220608352974949,0.963429563781425,4.65950535088514,8.65879262678643,1.03594110331931,-6.84969151267416,-0.312035986342854,6.050609993355088
121.168896718802,27,36.1541115788068,2.09184591237346,88.39,0.738783943030303,36.5868821123514,0.403842686961727,10.6550549988274,3.8831182452088,5.82002040995573,41.0856075733774,2.23228595465639,5.83494540279823,24.37987012,1.39362310614957,7.57945461618953,7.63284290182932,14,35.3120584971223,6,12,-0.0040066111321389,83.5257838191665,0.258103520138169,0.679740264111965,1.23248947349683,33.5762413965257,0.919920723109514,3.72778157046242,3.03109240843818,2,0.585575220057145,4.4186301754163,0.216296483675458,1.00680215940887,4.65971089248111,8.66931116279664,1.03276778854007,-6.86919962702709,-0.838864265792001,5.889410289700751
121.168896718802,27,37.2576679855321,2.09280371723642,88.39,0.738783943030303,36.658537054443,0.393321202614878,10.3809126946714,3.8804396560809,5.81577914561276,41.3304908248584,2.2302890549203,5.83055234917572,24.37987012,1.38464968270209,8.40899813385708,7.77835418570585,15,37.9179912111247,6,12,-0.0083800351286507,73.5807394253329,0.247219893620404,0.706248679533973,1.22303233595287,37.7075011444639,0.923750596827762,3.72844803070212,2.93926912797485,2,0.588908628591039,4.32133185727942,0.220155558893265,0.887282327534464,4.65950535088515,5.6675816435275,1.02975419022315,-3.05653903027562,-1.3986870282697,6.008773924307505
121.168896718802,27,36.8114870638063,2.09218640060216,88.39,0.738783943030303,35.7869154784257,0.37973656560625,9.68633838875031,3.87907139255251,5.81341936036721,40.115417928001,2.19961421583092,5.82831313241548,24.37987012,1.40232948156415,7.4178591608385,7.66979574536326,14,34.2855385939452,6,12,-0.0046512500892248,72.9632476291203,0.223954706812187,0.689223538387282,1.18498164752822,33.5570839704324,0.921408311136148,3.72798367591927,2.93525215933319,2,0.5872771854876,4.29374801948609,0.225393756416375,0.87693149578301,4.65938922483272,8.36756347736031,1.03978908094636,-6.80807844680735,-0.935739217653634,6.309803919971486
121.168896718802,28,36.8178491882623,2.09376289501069,88.39,0.738783943030303,38.2181507913524,0.396629962399414,14.2501025690704,3.87959914525767,5.81543862364172,42.8699880990218,2.25133568857542,5.83005644148214,24.37987012,1.58903067408657,8.19921742064905,8.24889875998062,14,39.1166979419935,6,13,-0.0113158505944252,118.802957909691,0.202956384868319,0.6609596996729,1.21659200508758,37.2485287864212,0.922258790362865,3.72784763548325,3.22307913466555,2,0.573402741131071,4.36854220844461,0.209200438039587,0.967013027958073,4.65962584039894,9.39030452124068,1.03278527214375,-7.2751249065203,2.96360851614534,5.966576244513051
104.383367170671,31,31.1291989008529,2.09958922659715,75.5,0.697617127272727,30.4545324954224,0.245308207964292,6.84705242411591,3.8896140463124,5.80460958587881,34.8258217710929,1.73580055272244,5.81412414361775,23.0213652,1.1362855123764,5.59032306629514,7.70245509692679,10,31.7786016040908,9,9,0.0085186152634163,9.43237654398328,0.124656930778083,0.484670397975313,1.01049971819763,32.1383574642247,1.01516018183196,3.75282683892301,2.86103754721551,2,0.601285846810848,4.05383952232753,0.246908360983903,0.888904753287879,4.65935304790485,7.04251165745808,1.045686965006,-7.95276768224091,-0.562991097620733,4.522878745280337
104.383367170671,31,31.1643558161568,2.09963352848223,75.5,0.699155518181818,31.3601550502592,0.262321556132402,12.4062291058117,3.89043179097026,5.80577715046298,35.8490519033681,1.87938524157182,5.81527845363471,23.0721321,1.18490631947939,5.13566054758505,8.16319833921197,10,32.645826446183,9,9,0.0081859610425141,25.1978161245919,0.131172253962909,0.496725697199406,1.08439738783759,32.3279113647473,1.01083281835968,3.75258120108881,2.92174529525709,2,0.582933866665984,4.17984636832717,0.233531156286843,0.923875001312853,4.65936205121149,7.22281474954063,1.04553459874814,-8.22957927878313,-2.86650176283971,5.100179497572904
139.179647401832,25,44.7694460748524,2.09334837401139,100.42,0.811127832258064,47.2539055358434,0.453002270908305,33.8845119893651,3.87993221550288,5.81781208366008,51.8021928926096,2.39734908775191,5.83222651096667,25.1449628,1.66755793481754,10.6260563370401,11.9043180417552,18,48.3355250304463,5,16,-0.0105802019326311,131.451645678739,0.271403190342776,0.767087605403872,1.44426498592015,45.570268397167,0.923502318983274,3.73446757096414,3.37711092758816,2,0.552378848568877,4.48576049183986,0.18316056283875,1.00601146293403,4.65995033880374,15.5777871977858,1.02524998698474,-5.98368861064207,3.762583641558,7.221848749616356
121.168896718802,29,41.4624665997917,2.09414241529169,88.39,0.740322333939394,45.6389931202095,0.473857941702741,29.7440755003457,3.88235657011273,5.82001189372739,49.8596287429798,2.34813212685717,5.83491011155214,24.43063702,1.96957043051795,8.79505548755622,9.45205359619782,14,48.0335939969758,6,14,-0.0116920376289829,87.6063068240509,0.256139961307974,0.781190701252633,1.31945551857486,44.1707359413371,0.922507109511098,3.72998215185057,3.38078065969022,2,0.550951327401794,4.46183517281649,0.191333512206051,0.987715996338008,4.6600316454144,8.87072369411149,1.02692185263226,-7.48827619838027,4.81674112547838,6.337242168318426
121.168896718802,29,40.7816356568753,2.09336158898645,88.39,0.738783943030303,43.7749105962388,0.482605765656345,22.8631712621223,3.88322564882506,5.81981238878556,48.3705055113922,2.34813212685717,5.83490956565357,24.37987012,1.90793388515005,9.36591985547711,11.4202685568274,14,45.1795521591822,6,14,-0.0094844901122552,38.0450819816465,0.269389418374337,0.741594196596955,1.30328954365421,41.7955558340992,0.922866157116698,3.73053623970721,3.38078065969022,2,0.550951327401794,4.47751946086552,0.191232001631592,0.963178593123463,4.66003164541437,10.9091437980196,1.02425221065007,-7.58957088939595,7.66769491294571,5.609064892896621
132.168784606408,28,35.8584050643893,2.09332913109663,97.62,0.740322333939394,37.6791443140774,0.416032133701943,22.5333058919341,3.88016515854926,5.81533276180563,43.5162250171866,2.35575376292218,5.8302434555544,24.43063702,1.58506973953807,9.9731360890185,10.9145120896344,15,39.5019730894709,8,13,-0.0391212572387991,84.8594832988865,0.171482032402869,0.613007235464418,1.33949777923416,37.400988181764,0.921900041638532,3.72876635697028,3.22446795259847,2,0.550333508444174,4.48288637701724,0.189775643208682,0.959078621585503,4.65947976367692,12.8138348659345,1.01751933094617,-7.38602390568963,3.56870686028147,5.987162775294828
