F06[C-C],F03[C-N],TPSA(Tot),RNCG,L1v,HOMA,F05[C-N],P_VSA_p_2,SM15_AEA(bo),SpMax_B(v),H6p,Tv,H4s,Eig07_EA,SpMax_B(p),SpDiam_B(v),SpDiam_B(p),RDF115v,L1e,H6i,Eig07_AEA(ri),RDF060p,SpMin1_Bh(e),TPSA(NO),CATS3D_02_AL,VE3sign_RG,SpMax1_Bh(i),SM02_AEA(ri),SpMax5_Bh(i),RDF145s,F06[C-N],DP18,SpMax1_Bh(e),H7u,H7v,DP20,Eig12_EA(ri),DP19,SP07,B05[N-O],DISPe,RDF025p,ATSC1e,B04[N-F],Mor20v,VE1sign_B(m),SpMax_EA(ed),J_RG,SpMin1_Bh(s),R8p+,HyWi_X,alvo
25,10,100.3,0.150586894151745,7.31397812032684,0.777438276923076,7,119.433935643089,2.04175179551789,3.96559315824151,0.0963908390735381,15.321535096307,16.6410466054512,2.04175179551789,3.95496578428625,5.87591823825168,5.88740643086387,0.262611783405263,7.28979730989835,0.696593077904272,2.97861760223671,22.0702502034002,1.98635321747897,91.92,5,-4.17522430973857,4.17947390944095,6.06520454741165,3.46639436599873,0.0,9,4.66274064050154,4.1515181027797,0.139915815933435,0.0328660076724958,3.3528975433896,1.0,4.02441907857274,8.16602455998164,1,0.251301111165298,20.9575124737321,0.193463836401385,0,1.47052386326863,0.0678837867516793,11.6756338375373,144.961614525484,1.27310638525443,0.0117327050420475,2.5191630567601,6.431798275933005
18,9,85.31,0.153070870033617,18.9492209314067,0.7521839904,7,110.910406475419,1.54755973755737,3.90790530332113,0.131162838760754,22.656809117069,5.97112074593844,1.54755973755737,3.87394118668875,5.80003843451148,5.81360215202647,2.49638729108369,19.2647252421217,0.671057120493831,2.48375978133153,4.02813649783267,1.95307888375824,85.31,4,-2.74115419292797,4.18462279930907,3.67563296206769,3.314174691162,7.42023348909804,8,10.6045556309853,4.13557734323005,0.237653187417651,0.0404797458838575,9.92573017139542,0.679503139922546,10.2872707254012,10.0768033741531,0,0.303474110341737,18.5666082396984,0.132497114368751,0,1.25843247780182,0.160346790847805,11.2013783960257,108.007732803765,1.15208298654351,0.0132543805138671,2.34460047801663,6.468521082957745
18,9,85.31,0.150630953418243,19.0328634219781,0.7521839904,7,110.910406475419,1.78229778538887,3.90902373291,0.139840402456291,23.1010011262075,6.80479008158369,1.78229778538887,3.87594617072494,5.80154557549116,5.8157631103903,3.04776354353789,19.253656128923,0.674238014629608,2.70683956370264,4.02025970796527,1.95258147595368,85.31,4,-2.74268029692436,4.1846125907593,5.22488835159337,3.31379490517628,8.40586969078612,8,10.5756802184287,4.1356640447088,0.238733230071688,0.0407787359887795,9.89465536984442,0.679515658687581,10.2571865829769,10.0846588957815,0,0.423213220361645,18.4992528663436,0.171506086400001,0,1.31717479710244,0.141755169160436,11.201383054149,109.829972265725,1.15209556936322,0.0147069290618325,2.37319911413999,5.388276691992658
18,9,85.31,0.159800840019806,20.1442680959814,0.7521839904,7,110.910406475419,1.54755973755737,3.90799891767132,0.145548899779305,24.0966731317824,5.88730114211353,1.54755973755737,3.87420408920662,5.80009732348639,5.81383171869221,2.61057977698656,21.2777202210934,0.662008624910751,2.48383255587962,4.03743669080994,1.95747220831746,85.31,4,-2.95585926589957,4.18495225322104,3.67563296206769,3.35359310978206,6.78264405708544,9,10.6313707798835,4.13596277149691,0.253419025244891,0.0485405129441552,9.95268370739051,0.679517274752758,10.3142224127877,10.0952126273154,0,0.0567746201532894,20.5389966434788,0.0647197031909148,0,1.2982093606094,0.165011296927125,11.2013783960257,119.270997643257,1.15993432409082,0.010731769271948,2.34460047801663,5.6439741428068775
18,9,85.31,0.163573424861437,18.5234552832771,0.7521839904,7,110.910406475419,1.54755346745117,3.90737605429951,0.124495187771319,22.4940767426887,4.62598664061148,1.54755346745117,3.87337050789927,5.79929033303554,5.81291036290411,3.48794566217624,18.604781762698,0.661822441775028,2.48362658442028,4.05301436860767,1.95408266064458,85.31,4,-2.74127406481273,4.18454361700854,3.67452144824141,3.305992187273,1.69926760753675,8,9.92987583549807,4.13542073287751,0.239261414497417,0.0458679651156349,9.16697303247559,0.679464539049028,9.57078444965445,9.88167816109283,0,0.0389608289279698,18.436951229423,0.0666189369250012,0,1.08941408096986,0.161376802352776,11.2013754460321,107.473382052763,1.15285009951576,0.0179653577281751,2.3151598201551,6.1249387366083
19,9,85.31,0.134243550335054,21.1613743533249,0.7521839904,8,110.910406475419,1.69651910641302,3.90785843774006,0.132123587278673,24.7066277533379,9.35848355501896,1.69651910641302,3.87370951016758,5.79995619025425,5.81337402654049,3.52656049759849,23.0520678675773,0.828063464276495,2.65271307273733,4.7733647723058,1.95712618473005,85.31,4,-2.950406947182,4.18513320157173,4.83133959414419,3.36976264907078,0.261130536745629,8,11.8697155400072,4.13616032971546,0.279161998156336,0.0489198733681286,11.285576218975,0.951805957551812,11.600683651314,10.6710455383813,0,0.561469476605332,20.7840028959633,0.211287318117902,0,1.33755054052322,0.16380455718362,11.698616831491,120.418925436644,1.15495211650521,0.0085660023934441,2.39627611243924,5.681936665037238
29,12,97.62,0.110475722938088,45.5405471390169,0.738783943030303,13,132.168784606408,2.35718527862919,3.91377484368388,0.415895156765159,49.8739500976107,20.1871468887152,2.35718527862919,3.88002156786439,5.81486937916492,5.82974957719216,9.62338466451644,48.4910813293805,1.9588830259971,3.29346031182826,9.86613975404913,1.95774810700654,97.62,8,-7.65122073383183,4.19186695281194,7.071334727584,3.49802046559818,74.4385390783607,14,19.7661809938392,4.14444666507868,0.708920908724766,0.239263668543801,20.0156906744951,1.3250293459989,19.914519115551,13.909191580605,1,0.242281228724311,28.276256912733,0.543460820591785,0,1.99747094436862,0.18262873220052,12.188955861591,185.971510026158,1.15656183238887,0.0104754075181615,2.74941406084914,5.882728704344236
30,12,88.39,0.096258603742711,41.4681164417656,0.740322333939394,15,121.168896718802,2.26834921038088,3.91481216108337,0.417686216989039,46.2898436980635,18.0837857633435,2.26834921038088,3.8815030518489,5.81701604853122,5.83191537005261,9.63645191590146,43.9978602163825,1.85949911487972,3.22120021489705,11.1923518674152,1.96219070540602,88.39,6,-5.93800291090434,4.19282890639965,6.60116699146359,3.48154758637916,32.2989394469648,14,17.6555473913302,4.14547681139231,0.769103067327394,0.222509637903099,17.6750657633503,1.29745983469001,17.6886576750092,13.016128908229,1,0.887253755213074,32.0545297124104,0.207110534565979,0,1.95138399814116,0.0814094006710847,12.188955861607,189.767584756175,1.19278791920843,0.0107150392239084,2.68902593685278,6.7447274948966935
15,11,97.34,0.145390832683488,22.0362947838956,0.850856193043478,10,128.921157158449,1.54702149620521,3.90619885937806,0.154478541941262,25.1676972378121,4.29237411166693,1.54702149620521,3.87161244427657,5.79768497476451,5.81092879741412,2.58543689283405,23.3127698431065,0.800332615472111,2.48281447872464,6.17871750899665,1.94714833430867,97.34,3,-2.87734253881981,4.18427839213182,3.67237046097541,3.35636632026297,6.67425153842937,11,11.1368923574344,4.13471956513554,0.322451379140471,0.0781112142611241,10.4906782022969,0.679718727310907,10.8365690526097,10.4613532920085,0,0.150503906077817,17.3818564781758,0.0664665500510217,0,1.46979986304107,0.170150049955389,11.2013060649246,114.942643212894,1.14902977722684,0.0089949112517729,2.32228743990208,5.943095148663527
15,11,97.34,0.133763223895318,22.8631813169876,0.850856193043478,10,128.921157158449,1.71104761281999,3.90661078942767,0.151271089185397,26.0510104374739,9.64276044548635,1.71104761281999,3.87205574203491,5.79819064465882,5.81144540858591,3.00930550608103,24.064987239305,0.837215633773858,2.66552241356662,6.20128835865412,1.94677418614307,97.34,3,-2.87763334426732,4.18439485707832,4.90686711179175,3.35758667251441,4.02256270927796,11,12.2831501067824,4.13491354437138,0.320566001149159,0.0857255302632834,11.7940769881592,0.679775301957316,12.0607759576813,10.692168855189,0,0.329430628263058,17.2973229986502,0.181178919642858,0,1.49367621594696,0.159536005825528,11.2013072871907,116.667723635635,1.14894234328245,0.0088989736732653,2.37785933943984,6.036212172654444
15,11,97.34,0.146303706524086,23.1714010109862,0.850856193043478,10,128.921157158449,1.65056858795789,3.90638582015433,0.15880194206667,26.5580984239565,4.8127855081038,1.65056858795789,3.87186479961633,5.7978889352845,5.81119089889248,3.34171270280855,23.6844635741049,0.788637323596249,2.61366209016839,6.08128424431615,1.94701175215642,97.34,3,-2.87835690274128,4.18427118540634,4.54804515296877,3.35627898226896,6.49500945206258,11,11.5809895042002,4.13476947844667,0.324153730278952,0.0878469336277225,10.9581006899694,0.679720523771481,11.2925485747106,10.6062710841708,0,0.0754517583659248,17.1357332805999,0.0972301761224497,0,1.53063521393471,0.17351646772482,11.2013061303415,116.928008229381,1.14902659931262,0.0112459666276392,2.34939557982023,5.300162274132754
15,11,97.34,0.143091485721548,23.224999464125,0.850856193043478,10,128.921157158449,1.6541474936615,3.90682234904245,0.171695238080505,26.7842586735816,5.23464085869018,1.6541474936615,3.87254010311743,5.79839133612776,5.81190257626986,3.04933271434724,23.6522769185321,0.786733808017493,2.61412583515198,5.91553921196361,1.94687157595382,97.34,3,-2.87876394815035,4.1842625894073,4.64917308397103,3.35627827341651,8.66883721531779,11,11.6181335429787,4.13483276261313,0.318496381162543,0.0870153145802214,11.0039909753229,0.679748552911053,11.3339364150382,10.5978210705242,0,0.179490152365852,17.5004300802332,0.131260419642858,0,1.48501575517974,0.171708243202438,11.2013078351136,118.680300210257,1.14903123190577,0.014713883562439,2.37992617656166,5.896196279044043
18,9,85.31,0.134307147447364,20.4662462782889,0.7521839904,7,110.910406475419,1.70767979137926,3.90773327459922,0.132501738843513,24.6441829697795,10.5172750657341,1.70767979137926,3.87355301843376,5.79975855390872,5.81317139359221,5.11088072850646,22.1942821615042,0.654286438406357,2.65445815835136,4.00511244583995,1.95693910680322,85.31,4,-2.95073678139564,4.1851027616627,4.91811089292111,3.37042248713361,14.1338281500659,9,11.1881161202582,4.13611027358504,0.248988962168937,0.0473263235132863,10.520335364182,0.951944081670218,10.8766096054054,10.509829041132,0,0.559767995857597,20.7360000980651,0.211287318117902,0,1.34561529806507,0.148268237092363,11.6583274971557,120.560120382372,1.15463551868255,0.0076902409396104,2.39627611243924,5.152427340857888
20,9,85.31,0.115396358000517,20.6782578714763,0.7521839904,9,110.910406475419,1.8643994809495,3.90947376821854,0.175585200422905,25.2700951566376,11.7521165834648,1.8643994809495,3.87582010879288,5.80231649066716,5.81591053382654,4.36715160679809,22.2753781538599,1.32457810375269,2.7950907312222,6.59591062064236,1.96087958196653,85.31,4,-3.16493362955846,4.18580476863687,5.51054217360109,3.45224192124438,3.90717279649051,8,11.7556157500785,4.13715317494677,0.328382050177513,0.0613154364859349,11.1692000624167,1.04238411404935,11.4851743374703,10.6719865987028,0,0.827664397125501,22.9102144643122,0.441934967745749,0,1.41018723824938,0.166386572449678,11.9789870043311,135.452675705911,1.16284764185903,0.0083547218894741,2.49470208734272,5.079876673709276
28,15,87.53,0.0959822119974778,41.7683658090263,0.767293484516129,12,122.394117853702,2.16993348096179,3.92009640971864,0.37857047477988,46.5502738906591,17.5899411596486,2.16993348096179,3.88980456299471,5.80450455555129,5.81414767986047,8.88453871772025,42.3843035043506,1.50118679489295,3.08219030360145,10.3980100251704,1.96618249118858,87.53,8,-9.03732534302529,4.19672464017812,6.38210842523171,3.5192062657597,79.137815023977,14,17.7471200364215,4.15258409381371,0.579526958931565,0.21320043296857,17.7773314712468,1.22094167088036,17.785532451705,13.2231218671827,1,0.799213882472193,28.1043988705465,0.233572640000002,0,2.11183161932641,0.152118889239787,12.1808096061693,177.136011447295,1.17238380071243,0.0100627356243377,2.67480447173407,5.634512015109101
31,13,84.73,0.130249133270545,29.8865067090001,0.697954366060606,9,115.383255058278,2.13628439574805,3.9204378717805,0.361985141263343,35.6719857877494,11.3078691581436,2.13628439574805,3.89016177419709,5.80532074146577,5.814826737443,6.04925023429303,30.8513981944677,1.55696247010855,3.09612953335169,8.50258822359166,1.96921978562015,84.73,11,-8.9363302238406,4.19680186351573,6.32925033821234,3.477976354131,24.7997013784712,11,14.4563282232166,4.15293818944346,0.586961458189117,0.159713366299695,14.1296671934205,1.2181864050697,14.3161559857691,12.0269789611807,1,0.500639575445924,28.1832476196914,0.220766273327178,0,1.85046834092339,0.131763894768004,11.2948014915509,168.011397493583,1.17401105687178,0.0100425876478751,2.65288878421065,4.522878745280337
32,13,84.73,0.130412421036889,35.3387240997859,0.699866145454545,9,115.383255058278,2.18747228696499,3.92037583929875,0.457988222165116,39.9410141605182,11.5072881870278,2.18747228696499,3.89009636705327,5.80520061993716,5.81470678117088,8.84901700600648,37.9109168852261,1.86106589090478,3.14299016728367,7.80135293750855,1.96924880068132,84.73,11,-8.81752647485968,4.19679339203842,6.49417609521297,3.48613230093219,15.979599105044,10,17.2921011561346,4.15291842123682,0.824673029975919,0.268470528987461,17.2998279109371,1.15877804075697,17.3196415337177,12.9524243991391,1,0.776503859435422,28.495556810802,0.220766273327178,0,1.7478436095455,0.157706388994849,11.2947996057418,169.145712884957,1.17399444503568,0.0085745136608277,2.65288878421065,4.672028376376989
18,9,85.31,0.160380919819661,16.915393007153,0.7521839904,7,110.910406475419,1.54687440356713,3.90700026330762,0.118007011238109,20.6346846679517,4.32809757838478,1.54687440356713,3.87266572847961,5.79884938551017,5.8121775097366,2.16831378707832,18.1957709970769,0.670808226395359,2.48265209085269,4.16071149353949,1.95456125147942,85.31,4,-2.7399813720788,4.18456767792944,3.67142699205507,3.30827630775328,0.588299865331115,8,8.80372164679005,4.13537406950618,0.238332163160042,0.0364606052749279,7.90724989533565,0.679372395777045,8.37806007549741,9.56753132872303,0,0.13728767379124,18.7488123352172,0.0471767353437508,0,1.18966522094996,0.15789421967093,11.2013752217632,105.164311818782,1.15244003535414,0.010196279193456,2.28709417147498,6.070581074285707
18,9,85.31,0.146777119096961,17.2891347320739,0.7521839904,7,110.910406475419,1.64066676710757,3.90800075443205,0.116429286193231,21.0868522344094,8.69496014814417,1.64066676710757,3.87384900224309,5.80041278783193,5.81373161063582,2.3005589188337,18.5076180809982,0.670478590736808,2.59028731357905,4.33209873170574,1.95261233321547,85.31,4,-2.74081276055174,4.18472902531285,4.43901142022849,3.31456479369265,9.0473085894016,8,9.52831979825415,4.13567972215277,0.233284027903281,0.0390667834016745,8.70727595897592,0.679555464206985,9.14034465268985,9.74502357205332,0,0.255320140505641,18.7258504522971,0.158325192868751,1,1.18144520259156,0.205335316519209,11.2014237120335,106.64502804212,1.15159807580628,0.0101492581447453,2.34460047801663,5.139063379299906
18,9,85.31,0.14938087488123,17.6237355769322,0.7521839904,7,110.910406475419,1.76974365320093,3.90778671494238,0.11715081974346,21.4501850711874,9.26518578522327,1.76974365320093,3.87359985686202,5.79999717021308,5.81334172719985,2.29670448173302,18.8486149217829,0.695649360055718,2.7168928583341,4.42620459952364,1.95275635981431,85.31,4,-2.74154156412825,4.18471358647395,4.96257486685741,3.31422971602805,11.0852634761887,8,10.0479959333218,4.13564826919976,0.237844444126045,0.0365053620366297,9.32573612090379,0.679403724797583,9.70877596116544,9.84191713793039,0,0.318373710643286,18.6525603813153,0.158325192868751,0,1.23519634162437,0.112736189723331,11.2013801395855,106.861997888011,1.15172626640208,0.0101020192855065,2.34245924387974,6.337242168318426
18,9,85.31,0.158158999834749,18.3887769777102,0.7521839904,7,110.910406475419,1.54750416536519,3.90858396930357,0.133448212925967,22.3114251139585,4.89667602464483,1.54750416536519,3.87532940866743,5.80094535626413,5.81507790454784,3.8164349346498,18.5292126481435,0.599931794382521,2.48346401710019,5.12700102901298,1.95313303175846,85.31,3,-2.7425634179746,4.18454556882735,3.67548185366589,3.30785458259484,12.3099695256277,8,9.92331176894221,4.13555446698148,0.202039497590274,0.0415195670277218,9.17010926196332,0.679494040539303,9.56860814493659,9.85801860241266,0,0.174273674964231,17.9217919675883,0.108946249618751,0,1.42121151008891,0.158959343795884,11.2014509344649,109.02589670424,1.15245520429866,0.0174246871972779,2.34673713706448,6.1938200260161125
18,9,85.31,0.160350682281801,19.5963509428749,0.7542146664,7,110.910406475419,1.54755973755737,3.90802894862945,0.135964704475852,23.4299633502447,5.32185115388786,1.54755973755737,3.87435198799505,5.80012048712802,5.81397275687355,3.55257540634476,19.2092557638409,0.663469189668382,2.48371059005063,5.178418320964,1.9533210222535,85.31,4,-2.74177557947264,4.18454917910097,3.67563296206769,3.3070017141661,0.91342174615091,8,10.6811479884157,4.13552282969214,0.238591580789496,0.0449058213976635,10.0035204947217,0.679478076438323,10.3646511143282,10.1263779564198,0,0.211181785120469,18.4565410498624,0.108946249618751,0,1.29599710402571,0.155668166108503,11.2013783960257,109.122992804857,1.15245376057831,0.0131434033152064,2.34460047801663,5.91721462968355
18,9,85.31,0.162565111551043,18.5557573326857,0.7521839904,7,110.910406475419,1.76974365320093,3.90801363409912,0.140636098846043,22.5773750859389,5.70266731870807,1.76974365320093,3.8742849695196,5.80012553850698,5.81391888953644,3.15612269224074,18.7828784434062,0.672462382203232,2.70683956370263,4.14166144618413,1.95326945584079,85.31,4,-2.74244520893679,4.18454836773497,4.96257486685741,3.30742249384492,0.0090359589160521,8,10.406244834094,4.1355286662617,0.238208008864021,0.0374603968370327,9.74334535587634,0.679397952443448,10.096707304214,9.93946262607618,0,0.161149369261305,18.3790167134623,0.108946249618751,0,1.3295796486588,0.134972067528937,11.2013801395855,108.832325405073,1.15246924435579,0.0148357295123308,2.34245924387974,5.531652669587842
34,13,75.5,0.118869953518586,29.3795485653636,0.699155518181818,10,104.383367170671,1.9359537171361,3.92109234183281,0.278919414550879,34.6710392451327,7.10369005342845,1.9359537171361,3.89116449948565,5.80634791845735,5.81601962252365,7.69680587263125,31.0914702674653,1.15849118290789,2.91853675964846,9.61005386484823,1.9757816411481,75.5,9,-6.03452989257472,4.1974808945453,5.65005878132736,3.46911256704424,25.7569603781625,10,14.3853062057529,4.15365219207748,0.436825661245507,0.111931585567879,14.0809162692886,1.05945723085516,14.256454028434,11.8090112074513,1,0.121314214150904,31.3435987433306,0.0241625177592634,0,1.64920250260514,0.1489084582311,11.2948368066868,171.692957081418,1.19977680750074,0.0093831915370854,2.5878510521015,4.522878745280337
33,13,75.5,0.118955393491684,33.3065542851964,0.697954366060606,11,104.383367170671,1.87938524157182,3.92080365542334,0.358463359725085,38.3231481035879,7.36979097636664,1.87938524157182,3.8907874966612,5.80583261413754,5.8154959316774,6.67547650283844,35.2736322158533,1.61620628320003,2.87938524157182,9.27800727333373,1.97510005017323,75.5,9,-5.06195679201671,4.19741013761471,5.62731081166063,3.471445737029,11.1796412883044,10,15.4338295807095,4.15355302924226,0.58131182733428,0.154159181746656,15.2610831647602,1.09221311702179,15.3701761574816,12.1730525246599,1,0.108810612514229,31.8150255615524,0.0241625177592634,0,1.7956721598022,0.0943699163657112,11.2948029034966,173.748753493173,1.1972797710152,0.0095507631486538,2.58617255217316,4.522878745280337
32,13,93.96,0.152393647823095,33.3083755131298,0.699492756969697,9,126.383142945884,1.88811566597022,3.92074423531975,0.549943903086873,38.7958620547569,7.81912139290617,1.88811566597022,3.89053710463687,5.80581789094036,5.81532815018943,11.4732917872972,35.5606520489659,1.91376848437285,2.86196144993535,11.2876641803363,1.96901477131597,93.96,11,-12.5184866102062,4.19701884394372,5.69077803822141,3.47060623088459,18.2230596662814,11,15.9784674803276,4.15324498253418,1.12559421388073,0.286894357447442,15.8797141781075,1.1697190465247,15.9518909872609,12.4340208904986,1,0.105067440268945,28.6937967152646,0.0654288327008883,0,2.06638153904603,0.144006855466742,11.2948024068196,184.415916963711,1.17407513578688,0.0080864595525442,2.65130315044579,5.023650020996727
28,15,87.53,0.111841114650388,28.0203003380735,0.767664089032258,12,122.394117853702,1.89960488155872,3.91937873087144,0.300888587054213,34.8591207309676,8.15890005839556,1.89960488155872,3.88897037266855,5.80369841092013,5.81323949554472,6.74056677885334,28.4443676876757,1.23489603015389,2.85284156975377,9.27078208213911,1.96604169535084,87.53,8,-8.4793338415309,4.19621195675087,5.50586654999091,3.49423122128798,26.0679169014107,13,14.7428836492081,4.15195394985239,0.431298101311652,0.110263442322131,14.5306135820493,1.13720557174752,14.6593286499248,11.8649030839884,1,0.149756325045067,26.1887781898295,0.0706816146115711,0,1.93406279626071,0.15823433763857,11.2947467647619,158.725467742891,1.17228775932478,0.0106485393941556,2.59161271625125,5.133122185662502
28,15,87.53,0.109691432302794,38.9955929726704,0.767664089032258,12,122.394117853702,1.89966166143969,3.91981018620645,0.488713525922407,42.9270634752315,8.28238899117894,1.89966166143969,3.88958856646796,5.80420664560669,5.81390911129692,9.58641165858474,39.3972200430342,1.62853416831591,2.85440585292587,9.41510269247601,1.96599214427825,87.53,8,-8.6016460855913,4.19620298723005,5.66350972088193,3.49420052434925,48.1724664059368,13,16.94050533495,4.15201551545649,0.909651276584125,0.294712204858658,16.8921743322846,1.22012504330767,16.940052303579,12.8365079548246,1,0.266751311928241,26.3909186751626,0.100721315940498,0,1.91066061921027,0.15673209168455,11.2947479739232,162.365141731904,1.17229194451741,0.0131965905002833,2.61565397907968,4.799149501908922
28,15,87.53,0.111169157848155,40.9278056762081,0.767305092903226,12,122.394117853702,1.9492328217144,3.91967848625366,0.512926621110397,44.6704170150161,8.22098795341832,1.9492328217144,3.88940317391876,5.8040260191448,5.81368944132382,9.60917887803535,40.1622230496905,1.62746082954187,2.90915853180656,10.0668732501948,1.96600624597587,87.53,8,-8.60041028695184,4.19620480452341,5.80968920509455,3.49389045438289,38.0406972742252,13,17.727391487512,4.1520033151725,0.908941863144293,0.31178613917648,17.7999254885128,1.19741583344367,17.7866226439511,13.0371886770365,1,0.330372730183218,25.9502000113127,0.100721315940498,0,2.0221850067679,0.156929453117956,11.2947467830821,162.86018978876,1.17229073213227,0.0109335037471285,2.61402154117727,5.350665141287858
28,15,87.53,0.0963391729421129,40.0398636177422,0.767293484516129,12,122.394117853702,2.03185888698861,3.91965962463128,0.354647456042637,44.8831264081902,12.5669720911672,2.03185888698861,3.88922086125746,5.80401051777653,5.81352319516937,7.66760133792055,41.8180687023627,1.50442651498613,3.00645887209071,9.95107666333367,1.96624569182343,87.53,8,-9.02178842480015,4.19673457395776,5.90349006326854,3.51944619700617,40.8429293521343,14,17.3124510696617,4.15251528265014,0.581361043958781,0.19809549686475,17.2869727355763,1.21789411413621,17.3232122614999,13.1062283794826,1,0.646236947660026,28.2867781857187,0.192129813632581,0,2.03532648207634,0.155469768890429,11.6899062899261,175.150185406179,1.17237823075171,0.0100719409391886,2.65373117724034,5.367542707815276
29,15,87.53,0.0964046439942992,42.8779365826156,0.767664089032258,13,122.394117853702,2.03189891302727,3.9196240544317,0.353989498418714,46.8302154695584,12.9749882613834,2.03189891302727,3.8891833978542,5.80395816976154,5.81346864623789,7.30578381483983,45.1286500885615,1.39676707802052,3.00725605282004,9.61742061080721,1.96623920016994,87.53,8,-9.02967846062117,4.19671771802442,5.88582086960403,3.53124549293129,64.6276137069745,13,18.5461533409995,4.15249387164481,0.687004465872646,0.22456639232119,18.6740569639465,1.21883183609373,18.6339466814509,13.4652902429464,1,0.734234691080636,28.2713477254081,0.192129813632581,0,2.08282811069213,0.158514637054872,11.6572917234414,175.498774838007,1.17237102653951,0.0100013020619743,2.65373117724034,5.521433504406157
28,15,87.53,0.0849395497354287,43.6410507070662,0.767293484516129,12,122.394117853702,2.34470524810927,3.9204659342856,0.371371277030618,48.413879824505,14.184926351288,2.34470524810927,3.89010114906234,5.80495824577415,5.81453848678124,9.42728847584167,45.6639557795894,1.81236077282482,3.29824033414318,11.1184957572905,1.96649315866522,87.53,8,-9.52330807688962,4.19733999841026,7.12159812368595,3.52430784079861,51.0873383049253,15,18.146432089348,4.15326680946537,0.641416194990607,0.240675290839326,18.1924389149868,1.38674303648955,18.1930026367963,13.4836619796191,1,1.12270909372691,30.4554914107604,0.402935618274658,0,2.21467596079986,0.154586487952443,11.9638920440802,191.926115296206,1.17261425395568,0.0095837203132277,2.7306507217527898,5.681936665037238
15,11,97.34,0.139306338433438,23.9605387320833,0.850856193043478,10,128.921157158449,1.66975062184071,3.90662414534399,0.156614694354008,27.3086558449001,6.02008043342512,1.66975062184071,3.87215331650521,5.79815781442036,5.8114993688159,3.77245428425445,24.4625071695229,0.809361730602363,2.64052094587666,6.17074111181713,1.94685868499717,97.34,3,-2.87873548080045,4.18432066557131,4.71661643116515,3.3575084780042,3.82351187580969,11,12.4488059005506,4.13485622341576,0.324770186851983,0.0958129327664825,11.9467661819764,0.679751801826549,12.2200735310897,10.8262558288536,0,0.319572424009067,17.1685500248366,0.155227419642858,0,1.54976292642435,0.170788596415292,11.2013061569006,117.941904498508,1.14898891437138,0.0112421454106043,2.37785933943984,5.36251027048749
15,11,97.34,0.148003136128507,24.5691949265137,0.850856193043478,10,128.921157158449,1.66786657637627,3.9063860389588,0.202191500051465,27.6210622683384,4.57001312572064,1.66786657637627,3.87193075363286,5.79788414442003,5.81125322650018,2.7822145556469,23.9917881014469,0.789989791988373,2.63313922626519,6.59843221270595,1.94705297065154,97.34,3,-2.87766150968227,4.18426002540256,4.67894940078546,3.35592306185825,4.46854579632798,11,12.7868208601978,4.13475133881326,0.324775268789374,0.100026099334348,12.3754944277522,0.679739285094788,12.6033451025203,10.8377057055437,0,0.0209481776316912,17.0752031474277,0.087282600000001,0,1.39698956381502,0.169213109519048,11.2013060714867,117.412866605201,1.14908014904315,0.0089303846381709,2.34939557982023,5.333482019445119
15,11,97.34,0.123533899455079,25.3237376612035,0.850856193043478,10,128.921157158449,1.72286732826895,3.90665200413328,0.161579701926792,29.0971914311877,9.01646573589461,1.72286732826895,3.87211114507542,5.79818140805661,5.81145934094929,3.63437953047078,26.8713956888978,0.935602127049759,2.67529287877353,6.51105518609581,1.94770003496925,97.34,3,-3.08779387280188,4.18474817547341,4.98795979456423,3.37652497919771,20.8624846708156,12,12.60297112032,4.1353093702134,0.299991808071076,0.0938043117897388,12.0781457235289,0.952073082954551,12.3628849142648,11.0987853167524,0,0.547954614400056,19.3939233184528,0.233764168355557,0,1.59428232572211,0.169947886497873,11.6899062791519,130.864087196906,1.14931510805415,0.0071081632783862,2.4278861425344,5.281498311132726
16,11,97.34,0.123628172649771,27.5124249723609,0.850856193043478,11,128.921157158449,1.72624014124508,3.90661493524966,0.162365785581055,30.5296368869007,9.98682663570059,1.72624014124508,3.87206966876579,5.79812979987239,5.81140586599502,3.80455503944183,29.4291945760448,0.843465226296638,2.67549888934611,6.17628959176484,1.9476776718285,97.34,3,-3.08671513333889,4.1847310055167,5.00263116471281,3.37795497299685,69.9226633610125,11,14.0009360203563,4.13528572637701,0.401684341476673,0.114102344599324,13.6358558267169,0.952075687917982,13.8415422523719,11.5171857621043,0,0.607954227084781,19.3791851556841,0.233764168355557,0,1.61694763530643,0.174228824995034,11.6572917218265,131.148616744249,1.14929158148692,0.007606779058406,2.4278861425344,5.958607314841775
15,11,97.34,0.107355865937632,27.2513996596697,0.850856193043478,10,128.921157158449,2.0,3.9074569833344,0.157027746496187,31.3755164773039,11.3317725842374,2.0,3.873050844848,5.79909871583178,5.81247834220892,4.89968226444568,28.8735271963859,0.976681431351131,2.96150972475825,7.67580123275432,1.94871518942587,97.34,3,-3.2982354961774,4.18530770578131,5.70175287829319,3.47012131667029,37.44829637876,13,13.3062032158341,4.13605424467827,0.349084614363718,0.117034467466861,12.8368121316335,1.15686642025533,13.0939720570195,11.4558583486743,0,0.928240379425704,21.5528323294829,0.456967825195315,0,1.7867634176991,0.167530709865459,11.9638920403602,146.965702344847,1.15062082904794,0.0059407174154966,2.52339116040129,5.042871802323187
15,11,97.34,0.123020180351105,26.7277615170787,0.850856193043478,10,128.921157158449,1.88421308352703,3.90709256594108,0.180034600932836,30.4227776423942,13.0196010141273,1.88421308352703,3.87274577813731,5.79866868432545,5.81211967277179,4.57338784193194,27.3503099966396,0.936012541060902,2.81751766350705,6.95373342572201,1.94747499108663,97.34,3,-3.08832605469281,4.18473870136315,5.48143772846791,3.37652497776764,64.8338079322987,12,13.0737568927202,4.13538020541474,0.301705785245481,0.110033584332844,12.6017315853938,0.952077511462652,12.860117221227,11.2615143595381,0,0.690769830420827,19.2094718986978,0.277552190000001,0,1.6855548012946,0.165165472915757,12.1808096054462,132.756773393218,1.14932246262345,0.007064201247243,2.45422924031202,4.9503943874050265
16,11,97.34,0.144024388622942,25.3411980498604,0.850856193043478,11,128.921157158449,1.66786657637626,3.90635972764003,0.166978994395512,28.3819361239065,4.70038542153165,1.66786657637626,3.87181230063188,5.79785955265434,5.81113688629105,3.19423734429536,27.4690923995726,0.823801995925968,2.64182490555262,6.21633363799412,1.94815826769185,97.34,3,-3.09003451225954,4.18461570523445,4.67894940078547,3.36721535032978,7.78640467379138,11,12.440893023531,4.13510020430028,0.407226151280787,0.0958876372497963,11.9740988522415,0.679754665421681,12.2296926863266,10.7455901611811,0,0.220640936796805,19.4207379810685,0.0561250319555564,0,1.51511044832134,0.165987194281914,11.2013060714868,127.941396427089,1.15016118496897,0.0076771393285515,2.34939557982023,5.568636235841013
15,11,106.57,0.184532238023741,26.9560740939179,0.850856193043478,10,139.921045046056,1.6762099698216,3.90636718569967,0.187413566126299,29.9109600774334,4.80821127789211,1.6762099698216,3.87179440033667,5.79786863424449,5.81112158012367,3.07366880190235,29.3379133182671,1.03942882958673,2.64510929684034,6.91181186720396,1.94700907843017,106.57,5,-3.16001309738674,4.18449774308736,4.72564647679473,3.36751996111355,13.9786341547655,12,13.2962626481535,4.1350185992864,0.331958614819387,0.0774674265065246,12.9124477734106,0.679787169324939,13.1268635393403,11.1624808248419,1,0.0712980235034401,17.7502424960122,0.0897508066162585,0,1.70524067493278,0.168605981836931,11.2013060727388,133.45685300128,1.1490436834479,0.0080670353895648,2.39012910472328,5.522878745280337
24,14,100.42,0.0977605520379153,38.4284212377476,0.811127832258064,15,139.179647401832,1.9886459186502,3.91073756724642,0.432441560499558,42.1236387681967,14.4629404136583,1.9886459186502,3.87600046494289,5.81053820021251,5.8247431661214,7.8988858684255,39.803400471549,1.64801038585883,2.93584730754335,9.94836439968026,1.94979386570679,100.42,5,-12.0866796164672,4.19071334757232,5.74560199741264,3.48668303786693,42.0278303531995,17,17.2883723027542,4.14243457004813,0.80268034552781,0.274005127498952,17.3166960031194,1.21578267960654,17.3255576717909,12.8687017972775,1,0.426652238566239,24.5684486783096,0.173185333333335,0,1.92997556044843,0.143658693987744,11.2947475990214,156.751034559518,1.15096533215733,0.0089341073716331,2.61402154117727,5.701146923590294
24,14,100.42,0.0929478100131784,39.6455801566194,0.810955876129032,15,139.179647401832,2.16043821835585,3.91223726046562,0.4265662776581,43.4100364550994,15.4812502021436,2.16043821835585,3.87757817682958,5.814397461068,5.82855423101921,7.89398774143099,40.9471585578895,1.67592023695014,3.10995190444752,10.24019936405,1.94919752938169,100.42,5,-5.68601379962789,4.19097079948892,6.08413503579686,3.4881133789886,46.157601867291,17,17.9430356867673,4.14287960214159,0.79766481178366,0.291578385591064,18.0333538300974,1.32656890354593,18.0110289733241,12.9979703866754,1,0.203417373743478,24.4640012625382,0.31805722469136,0,1.94284645910991,0.0849870482576632,11.2949269950174,158.638943987606,1.15086371657305,0.0088382494349094,2.65425297635331,5.235077015350112
24,14,100.42,0.0967985314564983,40.264373049084,0.811248503225806,15,139.179647401832,2.15461556103823,3.913867616122,0.409254863250131,44.3462486567572,15.6477569224147,2.15461556103823,3.88051565605327,5.81701976593981,5.83163528352519,8.195206886172,40.3888303983442,1.57880136936584,3.09752440700694,10.4669986354368,1.94931657791967,100.42,4,-5.65959177464841,4.19067210101692,6.09102740156653,3.48657729643432,31.503514427418,17,17.6677899104503,4.14273956970928,0.633928794340605,0.214305243572816,17.7190936511957,1.29152335610816,17.7164849189661,12.9423061818388,1,0.272495672362628,23.7197476094316,0.255498069135804,0,2.12209247958988,0.142101147140965,11.297421471785,161.030328501893,1.15096666502413,0.0178891944547648,2.65738675439979,6.769551078621726
24,14,100.42,0.0977475994138074,42.2975397298917,0.810955876129032,15,139.179647401832,2.17305375675117,3.91265217466304,0.473079393254625,46.0224468372848,15.1259133151332,2.17305375675117,3.87876893832918,5.8140785599503,5.8286176526699,7.9064308139731,41.1924226014376,1.625110354853,3.11982549364105,10.968875561967,1.94937391757657,100.42,5,-5.65768724877486,4.19068108532467,6.13142869807592,3.48644506178551,50.9681123728607,17,18.4796435917384,4.14267384168471,0.802793025681708,0.32359867968602,18.6406038662183,1.2629734919958,18.5830233637404,13.1642649824458,1,0.176945063034652,24.2715303327347,0.255498069135804,0,2.01037207575657,0.139100118893006,11.2948625694169,161.13617207861,1.15096705706541,0.0113351866316471,2.65582109294665,5.723538195826756
24,14,100.42,0.0986923525887486,41.1626371647203,0.811127832258064,15,139.179647401832,2.16043821835584,3.91265932900002,0.475790271715102,45.0678398587042,14.6037717937191,2.16043821835584,3.878698246441,5.8142116842936,5.82866881412825,7.89513125748119,40.7223400420166,1.61941666871732,3.10551565239557,9.91929115176267,1.94935822931595,100.42,5,-5.69490043451993,4.19067913393615,6.08413503579688,3.48649533757078,49.3155647248217,17,18.0773659231443,4.14268620301659,0.789138567705945,0.313863007102775,18.1931445516432,1.32624678457606,18.1578717312421,13.0413199515362,1,0.182508407936332,24.1925610216765,0.255498069135804,0,1.99611614151262,0.11282501694638,11.2949269950174,160.835693500047,1.15097368108513,0.0180541865525787,2.65425297635331,7.221848749616356
24,14,100.42,0.0945863660265337,41.2147647518387,0.810955876129032,15,139.179647401832,2.17305375675117,3.9124299517842,0.461653636519779,44.9137298060441,15.7044217151827,2.17305375675117,3.87811711494723,5.81411776109006,5.82835359939541,8.07275293922776,41.3239211588274,1.63968205713001,3.12084322927971,9.83016073140164,1.94929669044541,100.42,5,-5.66186460770524,4.1908070267165,6.13142869807592,3.48774070155185,45.3014530748954,17,18.3857292188246,4.1427599839816,0.802694430483448,0.318977940846182,18.5314043915389,1.27904688218053,18.4815240645517,13.1308012728694,1,0.18579571146463,24.3875529635383,0.285944646913581,0,1.98896489928426,0.144323081108734,11.2948625694169,159.898099129259,1.15091125515393,0.011241019170355,2.65582109294665,5.809668301829708
24,14,100.42,0.0935073998428528,41.9689338877951,0.811127832258064,15,139.179647401832,2.1736480721593,3.91444177120494,0.474877116572629,45.8706351606627,15.6476033496091,2.1736480721593,3.88124759512283,5.81835664069892,5.8328910036398,8.06858664873459,41.541616500601,1.62718631458033,3.12176127035949,9.80379359057374,1.94914322921348,100.42,5,-5.68089364445397,4.19078900574654,6.1358555439154,3.48764088604248,49.7232056373657,17,18.4156979747076,4.14289990447593,0.788625348025021,0.317463820777128,18.5548789519861,1.32940421236564,18.5081806338649,13.1487744594979,1,0.269270679300192,24.3104879297861,0.331512205000002,0,2.013740259489,0.119864528762816,11.2950269871888,161.945465644862,1.15091489976544,0.0179609591441805,2.67685085139795,6.4089353929735005
24,14,100.42,0.0975118141344335,43.4347554006367,0.810955876129032,15,139.179647401832,2.17305375675118,3.91259834542305,0.471078155029717,47.1786203864196,15.6802102880364,2.17305375675118,3.87853571235511,5.8140682932687,5.82845156735274,8.01550191781334,44.9410678970437,1.62217875741512,3.12187063469959,9.78717363035874,1.95102510040898,100.42,5,-3.16803793287637,4.19128251687362,6.13142869807592,3.49734294220139,41.082518533671,18,18.4189349880674,4.14329754827986,0.814721811424632,0.313848489913212,18.5698219756543,1.29630390628339,18.5173213198278,13.1431132228966,1,0.361800963640367,26.3573245353361,0.196466814736844,0,1.97372732745926,0.149389124561432,11.2948625694169,172.262339760501,1.15290661246333,0.0107869985180761,2.65582109294665,5.703334809738469
19,9,85.31,0.128479174521818,21.4691123016691,0.7542146664,8,110.910406475419,1.78086163894543,3.9085854489231,0.132047501733043,25.0816674799927,20.9125959745017,1.78086163894543,3.87460905050958,5.80107215981107,5.81451198472529,3.66215773785098,23.3312678624258,0.823063158041511,2.72630513610681,4.91726742772916,1.95570192401415,85.31,4,-2.95072706419043,4.18522338056744,5.32265932206994,3.36977057681199,9.89243232112829,8,11.8862265686598,4.13633936804563,0.2801483419521,0.05102315503106,11.2960509528955,0.952000077771527,11.6139882751031,10.7350619201455,0,0.765201345933176,20.814229228871,0.289648530000001,0,1.26809629157961,0.201000165953788,12.1889558366897,121.242936834709,1.153912874663,0.0085005422149477,2.42345382264026,5.671620396561262
20,9,94.54,0.198324582013161,20.557646303325,0.7521839904,7,121.910294363026,1.54768564020672,3.90839882293747,0.185436232276557,24.5835298669262,5.46813310124073,1.54768564020672,3.87452537658404,5.80084250186091,5.81436220766032,4.01335752616421,22.5826897122282,1.19612653201849,2.48407343335595,6.46660617575614,1.95854608306227,94.54,6,-3.24161123202063,4.18533252963541,3.69909248904206,3.34873964651159,5.15310230868936,9,10.6877650182211,4.13646212539095,0.247295263316661,0.0549838805103333,10.0131142671294,0.679685617876261,10.3726094941662,10.2342314246925,1,0.097167468404966,20.6846473262859,0.0572655009144417,0,1.55094741567266,0.178821143542104,11.2014615880584,134.39479412488,1.16605550717843,0.0074869261104504,2.38757690941086,4.997402019280091
18,9,94.54,0.146119214896193,16.39949194522,0.7542146664,7,121.910294363026,1.77288780812167,3.90753459749677,0.123488085176727,21.4824348266677,8.61831628072708,1.77288780812167,3.87325221345661,5.79953773759906,5.8128707774013,2.28901553111768,17.2588283675438,0.63281074226587,2.71921479376077,5.85097858823775,1.95368833295341,94.54,6,-3.02789766866459,4.18487122683784,5.30460686295962,3.39185324324287,0.112870743835607,9,8.60987025808542,4.13585844961748,0.197108524690095,0.0330482367582119,7.68133620591904,0.951811797206237,8.16752380852283,9.5829427740395,1,0.433699255489937,19.7885637389791,0.269277462401861,0,1.26225459502626,0.138192098409435,11.2013782034015,123.949612929143,1.15251057285244,0.0091225296748615,2.4268301900325,4.861697301833718
19,9,85.31,0.133642365596854,21.9029676902711,0.7521839904,8,110.910406475419,1.78086163894543,3.90877279222892,0.132084127028889,25.6332729072496,14.5636596524258,1.78086163894543,3.87517901563894,5.80115758692167,5.8149727873644,4.5528987366524,23.3053427439751,0.823206677848149,2.72383590156458,6.04583900616821,1.95613130864677,85.31,4,-2.95120608278382,4.18512098188656,5.32265932206994,3.36976164694814,4.99945829859147,8,11.8996008937655,4.1362626577366,0.280569915423611,0.0536430145588603,11.3076740807721,0.951983462633487,11.6265003251591,10.7552096601421,0,0.6914357377843,20.6181356829565,0.256215544169823,0,1.39064113289294,0.184334276041771,12.1889558366897,122.209895347313,1.15496662200985,0.0111914135557955,2.42345382264026,5.85078088734462
20,9,85.31,0.157063715313508,19.4090400535139,0.7521839904,9,110.910406475419,1.76974365320093,3.90795716029031,0.186150589806214,23.6169390733847,5.02867712117005,1.76974365320093,3.87402664694167,5.80008460268884,5.81367748267197,3.69023070190557,21.1870431176626,1.08302952224482,2.71847999077671,5.75348186275282,1.96712333764406,85.31,4,-3.17687627043402,4.18545819255353,4.9625748668574,3.34960488393402,0.0262315164300844,8,10.1863299870905,4.13650716628115,0.324300205463735,0.0508823937776017,9.487565594605,0.679406836357181,9.85883793548385,9.87960567213678,0,0.21730777414319,22.9218292760026,0.0294193668950857,0,1.24469349944563,0.0824366872663713,11.2013801395855,129.701845684882,1.19575526655001,0.0084399041851119,2.34245924387974,6.086186147616283
19,9,94.54,0.146324749508522,20.6015976710826,0.7521839904,7,121.910294363026,1.78124790400174,3.90746662530511,0.150413589087756,25.3171030186655,8.6756073813197,1.78124790400174,3.87317520216834,5.79941906545178,5.81275485861368,4.25160393497714,22.2231713635037,0.76273693448908,2.72709254975266,4.46060504043739,1.95374761932064,94.54,6,-3.0217680738191,4.1848626847420896,5.32515917813156,3.38692505249059,5.24890130565372,8,11.1049486738757,4.13583631242506,0.232599110799634,0.0494984665595023,10.4194171865281,0.952006101032661,10.7842729568492,10.5523721575695,0,0.663559513097172,19.1368905828554,0.269277462401861,0,1.28944585007379,0.172798766161111,11.2013755331474,126.023844686617,1.15248475814651,0.0069076511966166,2.4268301900325,6.366531544420414
19,9,103.77,0.17025182472354,22.437244181478,0.7521839904,7,132.910182250632,1.61089146183021,3.90787351798903,0.133645453778092,26.4626730531656,5.16891597645828,1.61089146183021,3.87369915653854,5.80003477957619,5.81340066185761,2.94985892090873,24.4240856370418,0.74635681932604,2.52182085523948,7.37501174052927,1.9532044503847,103.77,6,-3.3232235081722,4.1850609510426,4.16905551075453,3.36014782207941,7.42947965563213,9,11.5832192714441,4.13615278760333,0.222028351730136,0.0368207823833479,10.987984922539,0.679657314340932,11.3081938656129,10.6327541943503,1,0.109313189383267,19.8024289156701,0.0939174617317717,0,1.5397291363795,0.153123019632532,11.2013795319241,140.940576482431,1.15267422720301,0.0087932197850132,2.42484196159343,5.4156687756324695
28,12,88.39,0.0945166876968622,39.3077628732416,0.738622408484848,13,121.168896718802,2.28373098819587,3.91517933185702,0.392123364876943,44.0603236070891,19.0417327317278,2.28373098819587,3.88187794147431,5.81869740763526,5.83348653180416,8.01981984482482,39.2947994580929,1.62150810088981,3.21957201853388,9.73251571595473,1.9556316194094,88.39,6,-7.17863901415644,4.19175363626998,6.90142878594206,3.48697247257374,133.891858101153,14,17.5768240816539,4.14436380600908,0.66976602625551,0.213246160808664,17.5904606354407,1.2167131018575,17.6064935757016,13.0200269509235,1,0.552405158858731,27.7172072704565,0.371874358188432,0,1.98233903700468,0.168860612901791,12.1890277113855,165.62083416812,1.15427110515896,0.0114358847866868,2.6905405031094,5.966576244513051
27,12,97.62,0.120992514189746,36.1242721533077,0.738783943030303,12,132.168784606408,2.28778436108732,3.91298131770877,0.385573961463626,40.9149756539452,12.9727670712881,2.28778436108732,3.87884960756297,5.81422550446923,5.82884265196669,8.85511757382679,36.4454603064936,1.39910431997376,3.24150689093684,8.83442083808097,1.95505502251672,97.62,8,-7.39607673438275,4.1913238250467,6.90862034714165,3.48361542756223,97.0472813055198,15,16.5489179547563,4.14373203889904,0.597745980582867,0.160441437304745,16.4272631564693,1.27909362662141,16.5114857759859,12.6988168066008,1,0.317206284394257,26.3753254903393,0.385893771989799,0,1.80059127951198,0.120375207510727,11.2949089165745,168.175324616565,1.15393320483731,0.0119617690803052,2.69312649488303,5.823908740944319
24,14,100.42,0.0991199796852808,41.2011929823448,0.811127832258064,15,139.179647401832,2.16415475484113,3.91143260314946,0.417041531449423,44.870736420969,14.5945777716149,2.16415475484113,3.87716169143959,5.81168987697103,5.8262001950927,7.35198827037743,40.5816875625724,1.59998700224429,3.09835628027806,9.83206237042497,1.94962606390938,100.42,5,-5.62586286518762,4.19067210392934,5.99006889872868,3.48629661293089,42.8065291664974,17,18.2454847656791,4.14250881671505,0.714135501585056,0.240635370393068,18.4113456557355,1.23911367360882,18.350749378,13.0711994471985,1,0.311025357166451,24.2557867320098,0.199706347235942,0,1.90645274787535,0.147891970206823,11.29475566363,159.325783086658,1.15102624248215,0.0121538441821901,2.6343395661692,5.425968732272281
25,14,100.42,0.085994871586899,44.0666212569452,0.811127832258064,16,139.179647401832,2.18293741991066,3.91226062707898,0.420994183599245,47.7750039383234,17.3989488516872,2.18293741991066,3.87768092659315,5.81372127447898,5.82794450457889,8.15177738351886,46.3139009072265,1.96369805630671,3.13094358335978,10.4343818635902,1.95084327760725,100.42,5,-6.12744301647043,4.19157943667402,6.15499240648988,3.50285531649083,50.1991186922588,17,19.0822755254156,4.14359083042212,0.800787626285805,0.302665969852909,19.2858877078864,1.32551499282953,19.2071358479043,13.533770206656,1,0.378427027181817,26.6052403391999,0.378194350360112,0,2.03140308852063,0.147820337686144,11.698829751424,173.501445405792,1.15139238811142,0.0087758050501079,2.69393567827645,6.356547323513813
20,9,113.0,0.148111299004496,21.7044870678005,0.7521839904,7,143.910070138238,1.78567789193783,3.90873824334041,0.275898773640214,26.4055271515048,6.17592571523089,1.78567789193783,3.87473798758201,5.80142461922543,5.81474632169287,4.34907803619546,23.4215699015806,1.1026466745237,2.73175884552771,9.71557307154095,1.95263775856324,113.0,6,-3.61224470306558,4.18532416580035,5.33661567240373,3.36035297992921,13.0827360883488,10,11.3430897217803,4.13660229475459,0.69820792097245,0.108680681618639,10.7244635701043,0.862079053648769,11.0558488889745,10.5672046795083,1,0.0547524727126375,20.0587852042852,0.12175271723373,0,1.7400100915573,0.105476373405271,11.2013898906927,158.911353685492,1.15281556192165,0.006815785455268,2.48812450572085,5.812479279163537
27,12,88.39,0.094899665986564,39.0326233763346,0.740322333939394,12,121.168896718802,2.25175593983279,3.91331297735385,0.392840174186686,43.3751887855263,15.207362440979,2.25175593983279,3.87931500342817,5.81468607146613,5.82929552795401,7.66023342504342,40.16069223776,1.40477319933804,3.21232144183349,7.59658665882848,1.95584867207872,88.39,6,-7.21030985081358,4.19170726429791,6.87409478353283,3.50499757930313,84.5109004437128,15,17.9738332408236,4.14411439904366,0.721745566322016,0.230988315883932,18.0497175892281,1.21659649360179,18.0348853914109,13.0952671770305,1,0.388848718338041,27.8289017368285,0.32278123515372,0,1.81141315824008,0.132067853461101,11.6583562242924,163.961281166177,1.15422008841759,0.0107092734397813,2.66979965908107,6.251811972993799
29,12,88.39,0.0837234375374113,39.8689256624852,0.738622408484848,14,121.168896718802,2.5072547728156,3.91632726163994,0.385712166580681,44.7910393792183,16.1727450722192,2.5072547728156,3.88282542754443,5.82206328013969,5.83667318883624,8.34195954707473,40.8214460564571,1.7120780298866,3.4504286589782,9.96756085512474,1.95718958240481,88.39,6,-7.70909725422475,4.19277858575753,7.68185337438849,3.49023633024492,90.4052427610768,14,17.7784170222351,4.14562575010977,0.698527554034326,0.22923199948992,17.8026676668339,1.30820730282637,17.8134749239377,13.1548787267307,1,0.751332813589674,29.9970313862357,0.569648818430442,0,1.93293161051222,0.148196331054664,11.979178298826,179.690811000947,1.15644816955573,0.0105911585163686,2.7455383730522,5.935542010773082
28,12,88.39,0.0915180656179078,38.5302534607248,0.738622408484848,13,121.168896718802,2.28373098819587,3.91485888433282,0.387706258944733,43.2750911077649,24.8689115929878,2.28373098819587,3.88101492373067,5.8189058655347,5.83349753397915,8.12644366813141,39.4098440978664,1.63066131923537,3.22319690241629,8.59658297455426,1.95552241205067,88.39,6,-7.18218516585425,4.19192157487168,6.90142878594206,3.48933876544057,142.531217701161,14,17.5238915437832,4.1444796923087,0.669308669312887,0.208722549309333,17.5291633879772,1.23241455086139,17.5493855947266,13.0001351812017,1,0.625108936314885,27.9145534557736,0.408689708800002,0,1.88998124212628,0.183534009181896,12.1890277113856,164.600296217202,1.1541174018157,0.0114472569510486,2.6905405031094,5.943095148663527
24,14,109.65,0.110427610526827,40.6779929434789,0.811127832258064,15,150.179535289438,2.22771453992356,3.91166280178827,0.428831528071339,45.0998614673506,18.2430346214074,2.22771453992356,3.87693161657985,5.81249834963518,5.82672702856492,10.0833741306593,42.2516449999242,1.57113128348494,3.17779040085586,11.0189319519448,1.9494956961486,109.65,7,-6.16923204061377,4.19112686793798,6.47124177322363,3.49781810514778,92.3672635366096,18,17.7321193647717,4.14311114104298,0.758293017279252,0.253879869772228,17.7535833275923,1.33577701160591,17.7661186561514,13.1552131962154,1,0.307008801653163,25.1031116845671,0.442133947384069,0,1.97828489759168,0.117274616057548,11.2948548997599,178.007818482176,1.15097841755975,0.0088888024407583,2.71671252399594,6.022276394711152
28,12,97.62,0.121133404872878,40.2865046623878,0.738783943030303,12,132.168784606408,2.29959604240033,3.91283321473811,0.422393266612,44.6513502838516,13.5827351784014,2.29959604240033,3.87870650831822,5.81376255024189,5.82834984313131,8.72216792695505,41.5484505154745,1.70798595767592,3.24881699738148,8.07790102981183,1.95506806906903,97.62,8,-7.36952184433927,4.19130682399476,6.89129647826457,3.49505123649654,96.4798594722199,14,18.3741934959418,4.14369101342155,0.678175015091048,0.206409339980276,18.5037956423638,1.24022731540046,18.4617617580937,13.261596937506,1,0.483270960307928,26.2230750956362,0.385893771989799,0,1.74720597638013,0.162039326355846,11.2948126289101,169.747204740914,1.15392574446868,0.0103029806073734,2.69312649488303,6.356547323513813
25,14,109.65,0.110544958735799,45.5517381599523,0.810955876129032,15,150.179535289438,2.25837349510437,3.91151417376839,0.463984358131314,49.3759768328215,18.6522351342294,2.25837349510437,3.87678744836089,5.81203003505121,5.82623081857974,9.20553251368195,48.0481438031848,1.94427977742026,3.20393843492794,10.2470663765994,1.94951421352252,109.65,7,-6.09183542641907,4.19110977982313,6.56294028375128,3.50483773457049,62.8338558633219,17,19.5464869060947,4.14306984078016,0.780256424981081,0.263942793197053,19.8082616152994,1.3303530438918,19.7001624388189,13.7254543000298,1,0.45411861741469,24.9557963530055,0.442133947384069,0,1.98389368981155,0.161604277311487,11.2947585889686,179.629723949103,1.15096950040098,0.0088490492318512,2.71671252399594,5.421360790031928
26,14,100.42,0.0963308750250069,42.8574116620636,0.810955876129032,17,139.179647401832,2.16043821835584,3.91255475639987,0.440956715406251,46.8928054420107,14.4445220824076,2.16043821835584,3.878279801459,5.81420472786427,5.82841288369521,8.36434590591849,45.3449666017914,1.83375916630915,3.11336461651101,11.5030461336304,1.9587512821223,100.42,5,-9.77761612277427,4.19206165269903,6.08413503579686,3.49658191824975,44.0770056500688,17,17.9940987967939,4.14408832899401,0.81484168296627,0.257211891264726,18.0940323744663,1.32678336316899,18.0668161307043,13.0147577095694,1,0.54275937467482,28.7320528150776,0.142975097600002,0,2.0839964070383,0.0503130842877241,11.2949269950174,183.62942374176,1.19276279278533,0.0087936750820882,2.65425297635331,6.920818753952375
24,14,100.42,0.0910605739631306,42.7229468322251,0.811127832258064,15,139.179647401832,2.16993348096179,3.91127701394025,0.473450499800571,47.2320874151292,18.3060769195472,2.16993348096179,3.87676548273325,5.81107269056886,5.82549538266317,9.49115309123321,43.3355177029008,1.74730997399231,3.07860753050514,10.7082796117392,1.95035382828778,100.42,5,-12.8361442843363,4.19110436959088,6.38210842523172,3.51333643530271,88.1005716564704,18,17.8978293702435,4.14295901613733,0.813927541890468,0.315130201489649,17.9445780762413,1.21774749647802,17.9445015048585,13.2774967436622,1,0.766740855133142,26.4779954293791,0.26668155124654,0,2.11766074188272,0.148722517814768,12.1808096061693,173.517810457347,1.15130906718723,0.0088253937276385,2.67480447173407,5.85078088734462
24,14,100.42,0.0868707688287794,43.9444233387991,0.812748848387097,15,139.179647401832,2.29100209827345,3.91280052876981,0.467596781392926,48.5254490066936,19.5212069125486,2.29100209827345,3.87837353293095,5.81495574255268,5.82933762965224,9.48510529163662,44.4978201681507,1.77639428636089,3.24357390166428,10.9945944257752,1.94979013967964,100.42,5,-5.69678701192433,4.19136461809068,6.58016901544188,3.51396060356715,92.1445706079774,18,18.5429871180933,4.14340938313407,0.809103853904153,0.333905370562394,18.6511803035347,1.4442592561849,18.6202188797967,13.396448616805,1,0.394865106278149,26.3727619000479,0.427463367977842,0,2.13721579964042,0.0897354183418684,12.1808096061698,175.494717498062,1.15121072589439,0.0086828664725862,2.71270774184535,5.7121982700697735
24,14,100.42,0.0918685022905276,45.61300091698,0.812748848387097,15,139.179647401832,2.29100209827344,3.91322867771844,0.480202827726569,50.3236556593389,19.0923255029003,2.29100209827344,3.87951168065576,5.81477603843681,5.82946989391334,8.90895864983687,44.4007238463396,1.70126929559453,3.21940907287823,10.6664938984841,1.94994218743062,100.42,5,-5.7017650654902,4.19106977957658,6.58016901544185,3.51325381731543,101.138666360902,18,18.5615425544948,4.14321369579669,0.707606963585552,0.290639180355172,18.6576460812103,1.44135903423859,18.6330689944257,13.4359787687852,1,0.502937736784548,26.1014685427756,0.357425936398893,0,2.25035049624099,0.117732603277832,12.1808096061698,177.802104968674,1.15131807138887,0.0153126368222647,2.71270774184535,7.522878745280337
29,12,88.39,0.107598630252621,36.1851196633212,0.739058835151515,14,121.168896718802,2.19622708522731,3.91386609282828,0.395352134680869,41.1299890963119,9.30152861513068,2.19622708522731,3.88018376033502,5.81591194639853,5.8305123076314,8.75144024113833,38.2226749484889,1.61051048344695,3.17401024533715,9.49322232097807,1.96092958948438,88.39,6,-5.42935716935368,4.19225339014175,6.48232737555914,3.47229179166846,77.2577024266329,14,15.9365480895041,4.14470506234312,0.710678589907494,0.194075572529255,15.7763952675379,1.21662305114615,15.8795026038359,12.3179661983371,1,0.437392584378725,30.0299135346367,0.099147438192629,0,1.79050595697949,0.0573883312187927,11.2949809957343,173.397307248338,1.19277861003117,0.0136197936299017,2.62912754144222,5.785156151952302
31,13,75.5,0.119672194146179,29.3572789641375,0.697954366060606,9,104.383367170671,1.87512577946438,3.92135271197067,0.341704069364249,34.3233388356228,7.82645971348002,1.87512577946438,3.8918086404652,5.80665807580147,5.81665556337621,8.86726972478489,30.3221486413851,1.2427427315711,2.84818942652538,9.16531861141798,1.96898528237592,75.5,8,-8.3115560354248,4.19643830761435,5.63359952238012,3.46307612556753,16.4622906497007,10,14.4443760498602,4.15260108681175,0.61704266327411,0.166598470757169,14.1272075754341,1.10891801865859,14.3094854209829,11.8811884176217,1,0.209374675377755,26.973941648371,0.0796418004983993,0,1.80827252616891,0.148027698779368,11.2948519611886,151.092693952895,1.17400066670544,0.0141574016757522,2.58952673938819,4.522878745280337
31,13,75.5,0.116330831337114,32.6397561841263,0.699155518181818,9,104.383367170671,1.88574475353457,3.92075775410443,0.294409766165789,37.1777696298412,8.70041844355229,1.88574475353457,3.89071711717671,5.80579647259438,5.81544467303677,5.36382140110664,32.8752357433463,1.13376108995536,2.859714259552,7.56227494299381,1.96897781836648,75.5,9,-8.28044557341206,4.19651669413731,5.68226078175749,3.46408334067828,11.3987400022748,10,15.7330923736923,4.1526245719876,0.481907428912043,0.135565896942126,15.5819146827066,1.15209988585414,15.6804895245733,12.2893375796787,1,0.40742010148135,27.4551355804594,0.09966996027056,0,1.83632303497264,0.148702815807949,11.294801641741,150.845261128451,1.1738486210812,0.0114934210608837,2.5878510521015,5.094743951251549
31,13,75.5,0.114718111759137,32.7210169476813,0.697617127272727,9,104.383367170671,1.88575434173077,3.92175270782508,0.302051064298154,37.6201507248387,9.71140179021218,1.88575434173077,3.89228966914665,5.80727507478918,5.81726102049671,5.56808774783469,32.8452803444744,1.12957750130093,2.85993272268778,7.54524652898872,1.96877003334533,75.5,9,-8.30925009502607,4.19650636815148,5.68900085954173,3.46400035895445,12.1366832535117,10,15.716757822231,4.15270421300818,0.483029490368246,0.136068983041936,15.5626516185893,1.15216452630353,15.6625886627791,12.2776630556296,1,0.522796527737332,27.3901516529204,0.134677917700251,0,1.88294038230543,0.136360467962552,11.2948048625339,152.754920221582,1.17386331763496,0.0120763190623797,2.61034338753653,5.13430394008393
21,9,85.31,0.156933298971348,17.7404317694851,0.7521839904,8,110.910406475419,1.70402406199931,3.90828691256117,0.129682858140905,22.3037461889578,5.0237817632671,1.70402406199931,3.87449969978489,5.80060769706017,5.81425414211818,3.45141190111741,18.989221168941,0.698202149223211,2.67378182845933,5.3836326114122,1.96817209993037,85.31,4,-3.17642718770733,4.18553280533522,4.81201756306983,3.37551908763051,0.597750433746964,8,8.80012565728102,4.13662176535031,0.257058565316147,0.0446979706180619,7.85673323747511,0.679454968889832,8.35122431929337,9.60720893886776,0,0.196037055766927,22.2984733713809,0.0294193668950857,0,1.32615325937449,0.155736517677355,11.2014278357129,128.872281626392,1.19833214614165,0.0097963333136238,2.34460047801663,5.563837352959244
27,12,88.39,0.1093854263302,33.6370116674555,0.738783943030303,12,121.168896718802,1.88574475353456,3.91204493252467,0.356506777082835,37.8775437517485,9.29438252846417,1.88574475353456,3.8779054662552,5.81227099603051,5.8268535756994,7.9399100485317,33.8643696490085,1.35167489659634,2.8575640452188,7.75922047108329,1.95524957959039,88.39,6,-11.5041675406517,4.19091220355116,5.68226078175749,3.44460604687729,79.9513373554706,14,15.9116068752049,4.14305535019494,0.598592927027519,0.177388669048434,15.7769741701465,1.1514796748766,15.8673127529495,12.3592020662119,1,0.379174259252985,25.8364196371613,0.126035730532545,0,1.73477065424398,0.145161031600944,11.294801641741,147.523452765427,1.15392184564879,0.0121565452191672,2.5878510521015,5.935542010773082
27,12,88.39,0.103395116743929,32.9845392716072,0.738783943030303,12,121.168896718802,2.1962270852273,3.91354875999419,0.371050017898675,37.7070156066932,10.8072362968245,2.1962270852273,3.87948531242586,5.81609642995089,5.83065055133837,8.28505367579446,34.1364033148621,1.42879386345602,3.16397736723974,8.22905025425034,1.95485925222886,88.39,6,-6.88939122309786,4.19116822142975,6.48232737555915,3.44907928827105,77.8243311938842,14,15.871676918436,4.14349786425147,0.685061010445901,0.226858329498839,15.6991872557673,1.21661503546547,15.8085633344036,12.2976817601656,1,0.282018216671297,25.7635603924737,0.263873392396451,0,1.68850813656119,0.0900334653435418,11.2949809957343,149.130001964908,1.15383560772917,0.0137470794938014,2.62912754144222,6.346787486224656
27,12,88.39,0.108182419471468,35.6628701763532,0.738783943030303,12,121.168896718802,2.18194909348909,3.91516787010194,0.459555118660199,39.9860118301509,11.9498419572893,2.18194909348909,3.88238395949183,5.81869366030282,5.83369244955341,9.0078458424712,34.3914355421474,1.4017727464357,3.13331781456281,8.30226233797649,1.95493655486752,88.39,5,-6.84416623591097,4.19087118230545,6.62371581496481,3.4442808499702,109.81123975573,14,16.7079227947449,4.14335847668298,0.664170768738301,0.322054080814322,16.6735180093083,1.21661529924291,16.7132350855655,12.5052083038614,1,0.172923525045036,24.9883926903491,0.204004231449705,0,1.87362672973873,0.143795668833847,11.2974748533062,151.674072464729,1.15392394980999,0.0118696116721183,2.63234092654483,4.633017024022149
28,12,88.39,0.0976861204636099,37.2228971987984,0.741845106666666,13,121.168896718802,2.17916057887055,3.91296523139972,0.345879194119819,41.6413741922425,18.94296908312,2.17916057887055,3.87919802694728,5.81336386443946,5.8282348162782,10.3164944581101,38.7779376970143,1.481870370329,3.06171763127886,9.62677812527989,1.95788880986932,88.39,6,-12.1364475451162,4.19146185823261,6.52081793661175,3.46581965967087,40.3392530866169,14,17.0130495775814,4.14379451397928,0.638063824948585,0.193955822461088,16.9636651605935,1.12921457818544,17.0120414156138,12.9096988754703,1,0.778629786813575,27.8890767469293,0.244028595914052,0,1.83486881034325,0.167354435648446,12.1889558615902,162.467880089687,1.15655846707325,0.0101090172452153,2.65019647317418,5.739928612014925
28,12,88.39,0.0928805240434246,37.9649998953564,0.740322333939394,13,121.168896718802,2.26834921038088,3.91449095842524,0.400467318760068,42.5554036839709,18.8194003126156,2.26834921038088,3.88079840868612,5.81719265470245,5.83204439775843,9.16025897388818,39.4424702822159,1.62589063819757,3.20573233775169,9.93146662958557,1.95758463223389,88.39,6,-7.22060640406858,4.19172102558298,6.6011669914636,3.46787847539163,40.0732185166801,14,17.6037405014834,4.14424243454904,0.738980306603899,0.255101935178707,17.6135631001221,1.2951960517001,17.632090537566,12.9990859996978,1,0.339889101274348,27.7909299098284,0.408689708800002,0,1.84921173619946,0.113589505907585,12.188955861607,164.368941409764,1.1564880246926,0.010805042658156,2.68902593685278,5.790484985457369
28,12,88.39,0.097673187554068,40.3184307846224,0.738783943030303,13,121.168896718802,2.31448959758297,3.91491373331365,0.377812774751137,45.0551665203238,19.9204187995797,2.31448959758297,3.88199629141592,5.81689758158877,5.83212639571965,10.1013595350438,39.720312477062,1.4751120479964,3.24344758603868,10.819131677496,1.95767733928672,88.39,6,-7.11051292422547,4.19142935550058,7.03360702634615,3.46547689360805,53.5112757223028,14,18.0464437918147,4.14403559826777,0.637473160823497,0.209095807646459,18.1181631609874,1.22036524669698,18.1055901005388,13.1435879330385,1,0.475108807096074,27.6083399738813,0.336759445262812,0,1.92966312415079,0.16250013850815,12.1889558616004,166.881735213991,1.15656085496652,0.0134149064760119,2.6905405031094,6.180456064458132
28,12,88.39,0.0934393015442376,40.1959085516694,0.740322333939394,13,121.168896718802,2.31801206726999,3.91671506267755,0.447691598129563,44.9072103168615,18.7035894538364,2.31801206726999,3.8844503040716,5.82112538047579,5.83635419783927,9.34312253335633,40.0263144359833,1.58716916506894,3.25232150356584,9.49799570083696,1.95755743916443,88.39,6,-7.21662064114622,4.19153814851388,7.04820780733504,3.46724928554791,33.9452581572305,14,18.1095235396749,4.14426318555106,0.733105614119885,0.283963722172979,18.1746624526283,1.31990256825932,18.1655442404108,13.154454341314,1,0.272421828955587,27.6338540541805,0.422076514876035,0,1.91556178263315,0.143850022187196,12.1889558616129,167.714444206189,1.15652500062674,0.0148638629561867,2.71085989107983,4.522878745280337
28,12,88.39,0.0974377606960562,41.9835892492916,0.738783943030303,13,121.168896718802,2.31448959758298,3.9148592255114,0.377312213830396,46.5939368698639,20.594449242698,2.31448959758298,3.88176306123975,5.81688548899367,5.83195946688001,10.4513173778156,43.8141727739791,1.47356775510877,3.25125370400146,9.46136414159713,1.95846153138371,88.39,6,-3.22588163466761,4.19203983818896,7.03360702634615,3.48345123192884,42.2204569491555,15,18.0479471810881,4.14467247905592,0.664530663220475,0.202738721447211,18.1137955671679,1.23822480052458,18.104306902295,13.1469235951062,1,0.718067941803049,29.6730981381083,0.269284442568373,0,1.84298904401503,0.170993294931348,12.1889558616004,178.233186000349,1.15761642374549,0.0116608073854136,2.6905405031094,5.554395796726403
28,12,88.39,0.0990434644840064,39.712661754228,0.740189579393939,13,121.168896718802,2.2545374629668,3.91367676379197,0.364482381420624,44.1645746646808,19.2270833173142,2.2545374629668,3.88038239900526,5.81452016202659,5.82971130676389,10.3225161944324,39.4086532500371,1.47450501778894,3.14508706395163,9.51247764722932,1.95780570191818,88.39,6,-7.10458454723582,4.19142028263579,6.52537028544149,3.46525758560917,40.0676837065057,14,17.9775181530669,4.14386940801866,0.639204210587889,0.204623658710948,18.0737771526776,1.17416811007163,18.0485003025571,13.0990793434957,1,0.657796266700623,27.5776557702329,0.273574263226449,0,1.73189503272751,0.170972007287587,12.1889558615909,165.063287731907,1.15660057458795,0.0113710859996974,2.66979965908107,5.7447274948966935
29,12,88.39,0.0859372726038141,41.9355167181047,0.740322333939394,14,121.168896718802,2.33602634055712,3.91453154807276,0.369771245503556,46.83079290101,24.0247010497654,2.33602634055712,3.88092434725579,5.81654690478519,5.83146279325384,10.5806005578359,44.1954141785319,1.74063486237044,3.27056258348362,10.1016528204686,1.95838114516179,88.39,6,-7.62412846385806,4.1923395024664,7.06477861230655,3.49229983151038,79.2094291863715,14,18.482860040683,4.14496971191277,0.703913104199893,0.22161903038107,18.5762070957443,1.28428273782678,18.5530035608688,13.4663037257646,1,0.349884101877293,29.9258948674799,0.474275024577884,0,1.9791847264621,0.169532593023605,12.1889558616261,179.458105565016,1.15683818013553,0.0093656434490687,2.72737814049527,4.897223385116559
31,13,75.5,0.120744160442093,33.8163805082052,0.700203384242424,9,104.383367170671,1.88574475353456,3.92084302434645,0.324370662471336,38.782643772461,8.46094126804307,1.88574475353456,3.89093226833589,5.80583946194959,5.81560889687341,5.36701359421923,34.8091119488618,1.14931246495569,2.86064823915247,7.57702646435446,1.9707110064888,75.5,9,-3.12279530282764,4.19687553463737,5.6822607817575,3.4727867298699,17.9358889286687,11,15.7487321724896,4.15301729280742,0.517268018366246,0.154139264137999,15.5986075924611,1.16148260047879,15.6966921346819,12.2978363080732,1,0.0993910395902151,29.43424603065,0.0419305663010214,0,1.87734998121983,0.15232583031345,11.294801641741,162.819744284023,1.17616865671292,0.0100926052705289,2.5878510521015,5.150580586203101
27,12,88.39,0.10936921037421,36.9201882387052,0.738622408484848,12,121.168896718802,2.2302890549203,3.91396472207363,0.386682887411976,41.3263735236923,10.2294079141267,2.2302890549203,3.88067115467724,5.81579013127142,5.8307172211483,7.96886882703109,35.0791643472844,1.33832131763677,3.18990772550644,8.78425196391431,1.95497690345384,88.39,6,-6.79517005596653,4.19088011852427,6.84892460811135,3.44380850494184,92.2245319141488,14,17.0749184422176,4.14329334805946,0.601294770478062,0.196136971611671,17.0727721637183,1.2164917621579,17.0965237095252,12.6509915752244,1,0.182069402229157,25.5501376058998,0.204004231449705,0,1.76221584208618,0.140909210142779,11.2949165847455,151.760744120286,1.1539240769046,0.0140307870076429,2.63073552472345,6.045757490560675
27,12,88.39,0.110553330231632,34.3804002426809,0.740322333939394,12,121.168896718802,2.1962270852273,3.91397053369995,0.419082246342798,39.2301209786209,9.40690458533367,2.1962270852273,3.88059914591982,5.81592037013696,5.83076636967653,8.29301685809196,33.9303991936873,1.37497801024933,3.15121265224386,7.90998580600271,1.95496589898074,88.39,6,-6.90109361754188,4.19087817770291,6.48232737555915,3.44399923247201,78.0361822474884,14,16.0414003070947,4.14330559463144,0.677086880074272,0.246890931869422,15.9011916243469,1.21660536840802,15.9941771112413,12.3499248049767,1,0.19139840096296,25.4883838203405,0.204004231449705,0,1.72826077626014,0.116159598563004,11.2949809957343,151.249947299071,1.15392961251062,0.0174352969745769,2.62912754144222,5.939302159646388
24,14,100.42,0.0860249536033771,44.3121679470925,0.811127832258064,15,139.179647401832,2.18308120703909,3.91199199999023,0.440039201649475,48.0812415215967,20.3904077266311,2.18308120703909,3.87739387815855,5.81295945627786,5.82717703850442,8.1505426181553,46.6232507954769,1.63701859894022,3.13132463433422,9.76226468259121,1.95076114695361,100.42,5,-5.93803299135467,4.19151260631584,6.14960334659494,3.51455642875028,53.0699627808432,18,19.2263279036844,4.14349598235174,0.829085008622712,0.288091912320535,19.4475505806729,1.32560103849683,19.3600725952588,13.575187988564,1,0.362442482768938,26.5597108060556,0.378194350360112,0,2.01416623323131,0.129556015658783,11.6583562227197,173.673273545269,1.1513291373509,0.0087873034988455,2.69393567827645,5.563837352959244
26,14,100.42,0.0767390456172651,45.2283898086118,0.811127832258065,17,139.179647401832,2.43518978295704,3.91500134669615,0.425985267669067,49.5926289744305,21.2449531595527,2.43518978295704,3.88091326058825,5.82040785974195,5.83459495870091,8.80588815744381,47.4480953350209,1.93477035712341,3.39629040733975,12.1306861638914,1.95299938916545,100.42,5,-6.35479010655712,4.19259000614831,7.34479000091718,3.50591594345058,48.6577186637579,17,19.11108238109,4.14501359713761,0.804819076565632,0.289902185317223,19.2963421741536,1.44479878611209,19.2265906935589,13.6459385583393,1,0.7353797429494,28.7297726313432,0.625199595200002,0,2.16333820771934,0.146177299874439,11.9791782963411,189.865304144987,1.15441931828525,0.0087291767532373,2.76793343392236,6.958607314841775
25,14,100.42,0.0832369621693857,44.6942801306409,0.811127832258064,16,139.179647401832,2.23996457259893,3.91353768764968,0.420020915744639,48.4107844963299,22.5205691395414,2.23996457259893,3.87909988298095,5.81722597240178,5.8314054280578,8.21835142630258,46.9064165713368,1.967689171504,3.1563508069,10.5996750661261,1.9502296458392,100.42,5,-5.9903777765579,4.1917281638574,6.61224028779264,3.50428194385138,48.1482543531461,17,19.1962786273905,4.1438636807071,0.803667233059084,0.306355000010344,19.3968324044111,1.32931799471829,19.3197694761039,13.5951997026239,1,0.585606388474319,26.6440796916194,0.464790920332412,0,2.04542789442538,0.183805886248305,12.1890277109485,174.401764476895,1.15119909423696,0.0087761865570933,2.71418688801394,6.3872161432802645
25,14,100.42,0.0857101370105555,45.5212473603952,0.811127832258064,16,139.179647401832,2.23996457259893,3.91385877278388,0.427495509579697,49.2717023343169,19.5788011002938,2.23996457259893,3.8799703473018,5.81700852102759,5.83139452674303,8.0856034510842,46.796797913986,1.9524763712636,3.14485265507416,11.7208125412605,1.95040525628255,100.42,5,-5.98202515215981,4.1915592281595,6.61224028779264,3.50267011857931,57.9513643605223,17,19.2272354936441,4.14374707833975,0.801336892072256,0.309742238104294,19.4310346356289,1.32725162101739,19.3523750628143,13.6115184774443,1,0.507101451323137,26.4363379858263,0.427463367977842,0,2.14359791504713,0.168566347001294,12.1890277109485,175.45344135063,1.15138935573656,0.0087730824876623,2.71418688801394,6.096910013008056
28,12,88.39,0.098616495920139,39.4183903756435,0.738560061818182,13,121.168896718802,2.26834921038088,3.91491781785016,0.449079559443191,44.138609574966,17.645550540995,2.26834921038088,3.88192129242423,5.8170264558646,5.83217286640536,9.17972586048074,39.2245209942603,1.57850432215335,3.18732284335097,9.60369789806523,1.95766820803159,88.39,6,-7.21379390726828,4.19142740703041,6.60116699146362,3.46555426729412,31.1139684612,14,17.7394886793092,4.14404785822428,0.733186345920385,0.278666881199723,17.7749153546899,1.29173118200071,17.7804112429207,13.0429038650218,1,0.484604553381831,27.5204166156008,0.336759445262812,0,1.90419924702948,0.139133055923038,12.188955861607,166.590664699496,1.15656548945921,0.014920578044164,2.68902593685278,7.397940008672037
28,12,88.39,0.0945166876968622,39.5529433768222,0.740670477575758,13,121.168896718802,2.31448959758297,3.91468856193558,0.366155099386156,44.1611551074529,20.5175703492164,2.31448959758297,3.88134305807518,5.81692692596116,5.83185604724767,10.4863711917841,40.1090441295904,1.48291515122778,3.2475141513087,9.50368307660645,1.95763780967008,88.39,6,-7.15720155604234,4.19155629191363,7.03360702634616,3.46739375364005,43.3250802328657,14,18.0036357449441,4.14412241221664,0.63911283575372,0.209039317389289,18.0609266800056,1.22110750915915,18.0557909675801,13.1334061680578,1,0.394398579201611,27.7045943850094,0.371874358188432,0,1.85777556599884,0.166814388968345,12.1889558616003,165.661879851347,1.15652196528818,0.0135041702667486,2.6905405031094,5.543633966870957
24,14,100.42,0.0883004198000314,45.4876161273347,0.812748848387097,15,139.179647401832,2.36204119099647,3.91299717239819,0.503456693911264,50.02453547785,19.5757077220877,2.36204119099647,3.87892296756504,5.81467998785884,5.82914722918461,9.65524909014015,44.8538054306793,1.73980986148383,3.30120463549596,10.5803624840749,1.94988371262657,100.42,5,-5.67322920692776,4.19119916636544,7.16310147405655,3.51378187124374,91.35622799521,18,18.9753702141084,4.14328854392131,0.814114237592621,0.361490413292376,19.1393245041255,1.28360822349813,19.0806076474941,13.5192608936272,1,0.41947438651836,26.2993905083315,0.391675040000002,0,2.1891663185068,0.149091307282579,12.1808096061696,176.818732274726,1.15125638063561,0.0111271899543908,2.71418688801394,5.892790030352131
28,12,88.39,0.0859673143291468,42.7174076391537,0.738622408484848,13,121.168896718802,2.33655592058377,3.91426269816396,0.409880780254402,47.2722220138232,23.3647989863397,2.33655592058377,3.88063973763286,5.81579849140336,5.83070504824928,9.42229972972339,45.169395226303,1.59806448339732,3.27155657601747,9.45817480267212,1.95834682918701,88.39,6,-7.54141895859371,4.19227260432267,7.06213515575058,3.50786906594379,34.7763626413111,15,18.9914392758559,4.14487514676953,0.781467555812344,0.256484833427933,19.150364257731,1.28574007931277,19.094618875853,13.594349634709,1,0.208714593085728,29.8825753642865,0.474275024577884,0,1.94678571451132,0.153936165893151,12.1889558615936,179.646505977233,1.1567960126665,0.0107611879968098,2.72737814049527,5.795880017344075
31,13,75.5,0.123195894785218,31.9085689117876,0.697268983636363,9,104.383367170671,1.88344639549161,3.92026688496228,0.288830457128083,36.7857317164936,7.17666211298367,1.88344639549161,3.89023526767361,5.80504573164109,5.81478518164102,7.4709162209088,32.1139236673051,1.12241795505299,2.85460345663199,7.59246932750267,1.96939112106993,75.5,9,-8.24798282619409,4.19643594235561,5.64124652285205,3.46282542312995,9.56214932550352,10,15.1159958192734,4.15247942114111,0.485365920610765,0.134164964836604,14.8813824844931,1.05888098407536,15.0219785632849,12.1466040318886,1,0.105517198682732,27.3232154952255,0.0434318777002501,0,1.65810401549976,0.149008873221872,11.2947995484724,150.270641710366,1.1741321626545,0.015129287269365,2.56484114786036,5.197226274708024
32,13,75.5,0.103707568408682,35.3766297856776,0.699144613333333,10,104.383367170671,1.92027920966464,3.92073637786704,0.285290152754146,39.8287742061315,12.3186716812072,1.92027920966464,3.89055239760866,5.80573480263342,5.81529091974169,7.28840106426659,37.4621020225734,1.30718783430168,2.88596661241404,8.14670007950943,1.97061514878725,75.5,9,-8.77171161845964,4.19706108428404,5.73219650379775,3.47865764905633,22.334098635777,10,16.8054094805991,4.1532061972434,0.525969205327421,0.147623816399402,16.7466325925279,1.09897087529096,16.7997528664782,12.7913121612099,1,0.678505016201958,29.6843831560428,0.16906543169643,0,1.86889991374526,0.151364433816271,11.6986171815402,164.070795033696,1.17486144172681,0.0097964474171404,2.62859246225625,4.522878745280337
31,13,75.5,0.103750910617322,33.9168364610293,0.699492756969697,9,104.383367170671,1.92056116758134,3.92062390468963,0.32183091992961,39.2740982303122,13.6650075780083,1.92056116758134,3.89042270922336,5.80553600589271,5.81509181625419,7.7860111077165,35.7368280291263,1.21505119738915,2.88558700105381,7.47265967809776,1.97051932601402,75.5,9,-8.64656229879538,4.19703209272029,5.72034328044433,3.49028578427563,89.2307025652141,11,16.0983922545483,4.15316276486308,0.521640664137167,0.146877828400868,15.9552372053181,1.07469718219392,16.0501430853638,12.5911051574134,1,0.6434144651759,29.567607675393,0.16906543169643,0,1.83636085321385,0.140063649930244,11.6583275526246,164.213063505693,1.17472861400098,0.0093187235062795,2.62859246225625,5.769551078621726
32,13,75.5,0.0997588878773194,36.4897225796293,0.699492756969697,10,104.383367170671,2.17916057887055,3.92140173700617,0.433023687022547,40.7186399055544,22.8625091494985,2.17916057887055,3.89130352988507,5.80689324653704,5.81644960402097,9.08279209065799,38.5349699778295,1.61954965032175,3.09812012434673,8.26701229429542,1.97003991987355,75.5,9,-8.7035591020631,4.19715180758358,6.52081793661177,3.47974197199114,29.1032515463838,10,17.0338109624144,4.15336925527127,0.82414825615734,0.238141230042738,16.9941320626973,1.1521456772896,17.0375425651489,12.8958465039002,1,0.876084642965188,29.6493516156012,0.240100781250002,0,1.77295545267095,0.18002615937558,12.1889558615902,165.02317935895,1.17452952604047,0.0085115261465583,2.65019647317418,4.522878745280337
32,13,75.5,0.103297614591051,36.9721530278381,0.697954366060606,10,104.383367170671,2.17916057887055,3.92156806120043,0.436049600911845,41.3580711015275,16.8115851750809,2.17916057887055,3.89175519794987,5.80692630118365,5.81670529961344,9.50160854512928,38.4723834069589,1.61010200638166,3.06332030596185,9.3875369829084,1.9702131107813,75.5,9,-8.70428532962241,4.19704875341066,6.52081793661177,3.47851724204426,30.7399378621402,10,17.044601057299,4.15329963387691,0.82394786438034,0.241603606196169,17.004379747869798,1.12948571534199,17.0480896824608,12.907135039743,1,0.801283542589559,29.4531258074211,0.210558900000002,0,1.8973302033838,0.167095145796594,12.1889558615902,166.027877670136,1.1748805537812,0.0108228473172526,2.65019647317418,4.522878745280337
24,14,100.42,0.0908447243955066,47.9329797315713,0.812748848387097,15,139.179647401832,2.36204119099647,3.91316817382684,0.513184579997442,52.5135729373047,19.5969874135825,2.36204119099647,3.87934865667996,5.81463312665079,5.82925215501419,9.59591327636405,48.6451098138942,1.72788137006957,3.30621439311088,10.544611127264,1.95150960755201,100.42,5,-3.33882392074801,4.19168337736476,7.16310147405656,3.51750504808688,87.1524700378837,19,19.007558919901,4.14383743422529,0.821760198474068,0.352572636649139,19.1766796054291,1.30343101459839,19.1153662598967,13.5306293278169,1,0.699458194614418,28.2690529497721,0.291765867950001,0,2.17880547719226,0.154060766903293,12.1808096061696,189.798471234852,1.15316888722466,0.0106703677109217,2.71418688801394,5.935542010773082
25,14,100.42,0.0807674415250543,48.5412445033166,0.810889507096774,16,139.179647401832,2.38984813376807,3.91283055298295,0.465247838625333,53.104442700125,21.3766178650958,2.38984813376807,3.87848631928311,5.81428621059178,5.82873771910147,9.73232576749488,50.0192362313158,2.0827125901926,3.32530237250068,11.1805015090892,1.95134584516714,100.42,5,-6.12545364976183,4.19198413725875,7.19298805431951,3.51961829839408,96.2731996754206,18,19.6626855597035,4.14413542195766,0.817090533059516,0.345509490492421,19.8851088376842,1.4442499756232,19.7972709896377,13.9116204475719,1,0.365272606132958,28.5205071338884,0.491690771850003,0,2.2125994592256,0.152484792078056,12.1808096061704,191.083747938272,1.1517244393021,0.0082413955204183,2.75017897236053,6.251811972993799
24,14,100.42,0.080793976901747,48.8134695676217,0.810889507096774,15,139.179647401832,2.39049541269859,3.91255930554916,0.481041184456907,53.4166541668249,24.3662144409695,2.39049541269859,3.87819616767853,5.81352178551301,5.8279669438133,9.73950196014065,50.3564515886327,1.74186524090718,3.32620039268517,10.5179062826225,1.95126266979161,100.42,5,-5.93072337821076,4.19191687896307,7.19114040271397,3.52533519877887,99.1406047518069,19,19.811073575975,4.14403996917039,0.836515805165363,0.327851070432783,20.0515448527576,1.44424942945264,19.9547771902094,13.9536407322143,1,0.334667004338426,28.4740177410911,0.491690771850003,0,2.20344094350313,0.134357991065831,12.1808096061695,191.281174779335,1.15166185550927,0.006878976919667,2.75017897236053,5.756961951313706
26,14,100.42,0.0725489231451442,49.9780655380244,0.811127832258065,17,139.179647401832,2.58204942329366,3.91561945385063,0.472923787171652,55.120758729739,25.393223606862,2.58204942329366,3.88178194536237,5.82102116841274,5.83545301757578,10.397320129293,51.4541722113519,2.06947265290912,3.53130322404448,12.8717530753109,1.95338525682395,100.42,5,-6.3197278905768,4.19301038721837,7.71051975127073,3.52155139627661,94.6743137568366,18,19.7049245416639,4.14558186760042,0.819439802382917,0.331812416821401,19.9090214981635,1.54786376704531,19.8301681254575,14.030668966575,1,0.5360893501604,30.6449525863387,0.750449595283449,0,2.34103401510051,0.149100991122837,12.1808096061742,208.204856925385,1.15463008933187,0.008138695742813,2.82026820581851,8.0
30,12,88.39,0.076693175081904,44.0413960312754,0.738783943030303,15,121.168896718802,2.61360437272611,3.91732255566834,0.396469962528409,49.2101332450753,26.5390161690513,2.61360437272611,3.8841903019564,5.82318034824301,5.83810293085623,12.0904853057966,46.3300262203772,2.04107287089786,3.58821406250405,11.8091547052838,1.95933831071182,88.39,6,-7.99521079124226,4.19336269480992,8.424317108596309,3.49542136766065,124.753448634681,14,18.7137372316097,4.14641243573559,0.758403666162276,0.222436884432345,18.7974724457808,1.44606703279168,18.7791887585451,13.6656204941841,1,0.417802599569235,32.0545249957174,0.742667506928246,0,2.10968355691698,0.161705953237222,12.1889558617501,196.098406486926,1.15840346532705,0.009171427487119,2.79902726040422,6.259637310505756
27,12,88.39,0.105426745819386,35.9218481191427,0.738783943030303,12,121.168896718802,2.23028905492029,3.91374250152532,0.413567029364754,40.238331675145,10.7001566513614,2.23028905492029,3.88002334773084,5.81582487278928,5.83045418302584,7.57565631578402,35.1079711142693,1.40278733875602,3.19256402773027,7.6537768254189,1.95492610280686,88.39,6,-6.84969151267416,4.1910053626299,6.84892460811135,3.44815610217833,78.3708403009622,14,17.0350084162904,4.14337902601865,0.690222595363597,0.257965580568053,17.0220065014896,1.21657809627185,17.0514619135291,12.6235413957876,1,0.194197820414958,25.6534785821932,0.233014081893493,0,1.75626856769341,0.145846640483417,11.2949165847455,150.580514768026,1.15387665783573,0.0112282626975519,2.63073552472345,6.050609993355088
27,12,88.39,0.104088040628961,36.5868821123514,0.738783943030303,12,121.168896718802,2.23228595465639,3.91574814524188,0.426542285996122,41.0856075733774,10.6550549988274,2.23228595465639,3.8831182452088,5.82002040995573,5.83494540279823,7.57945461618953,35.3120584971223,1.39362310614957,3.1954065135242,7.63284290182932,1.95482378143594,88.39,6,-6.86919962702709,4.19098744154318,6.85990774001652,3.44785021037771,83.5257838191665,14,17.0670405355383,4.14351812782558,0.679740264111965,0.258103520138169,17.0476037859446,1.23248947349683,17.080219263196,12.6459148416057,1,0.286230203268459,25.5784655910669,0.277677303328403,0,1.77314921817803,0.1229354947578,11.2950809610755,152.55366032696,1.15388002671438,0.0161848216703481,2.65229378143033,5.889410289700751
27,12,88.39,0.109074109765944,36.658537054443,0.738783943030303,12,121.168896718802,2.2302890549203,3.91391091374562,0.418215352939993,41.3304908248584,10.3809126946714,2.2302890549203,3.8804396560809,5.81577914561276,5.83055234917572,8.40899813385708,37.9179912111247,1.38464968270209,3.1951113650741,7.77835418570585,1.95600280141658,88.39,6,-3.05653903027562,4.19147847362768,6.84892460811133,3.4755553823569,73.5807394253329,15,16.4224440048559,4.14391630280689,0.706248679533973,0.247219893620404,16.3172977482838,1.22303233595287,16.3932216930705,12.4673210537491,1,0.285513192560338,27.649679172221,0.14818266033058,0,1.73641378332812,0.150635029094487,11.2949165847455,162.352947283004,1.15535705492779,0.0136494194786597,2.63073552472345,6.008773924307505
27,12,88.39,0.111090198931021,35.7869154784257,0.738783943030303,12,121.168896718802,2.19961421583092,3.91274406219502,0.401987743224947,40.115417928001,9.68633838875031,2.19961421583092,3.87907139255251,5.81341936036721,5.82831313241548,7.4178591608385,34.2855385939452,1.40232948156415,3.12396511651369,7.66979574536326,1.95514177202837,88.39,6,-6.80807844680735,4.19087118644406,6.05031813149528,3.44327892670075,72.9632476291203,14,16.8948002956721,4.14312922711044,0.689223538387282,0.223954706812187,16.9091601914067,1.18498164752822,16.9242431804622,12.5474014882095,1,0.265845627571671,25.5271872118723,0.151020472573966,0,1.61447909586957,0.149158102586379,11.2948097043921,150.009974911777,1.15397341692572,0.0111864036614884,2.60870225022658,6.309803919971486
28,12,88.39,0.0948630583449304,38.2181507913524,0.738783943030303,13,121.168896718802,2.25133568857542,3.91358023407105,0.381115765234295,42.8699880990218,14.2501025690704,2.25133568857542,3.87959914525767,5.81543862364172,5.83005644148214,8.19921742064905,39.1166979419935,1.58903067408657,3.21151464876339,8.24889875998062,1.95590063698104,88.39,6,-7.2751249065203,4.19177372649632,6.8773384718708,3.48724673184987,118.802957909691,14,17.4191727332748,4.14420848206333,0.6609596996729,0.202956384868319,17.4263427377184,1.21659200508758,17.4454677825941,12.9539784323686,1,0.43335779662985,27.8707884551453,0.32278123515372,0,1.87582944207909,0.149139753380064,11.6988297608563,163.758814392007,1.15427230702049,0.0114168788877753,2.66979965908107,5.966576244513051
31,13,75.5,0.121122175946141,30.4545324954224,0.697617127272727,9,104.383367170671,1.73580055272244,3.91990667495855,0.27507238069165,34.8258217710929,6.84705242411591,1.73580055272244,3.8896140463124,5.80460958587881,5.81412414361775,5.59032306629514,31.7786016040908,1.1362855123764,2.74652912796057,7.70245509692679,1.96958521943357,75.5,9,-7.95276768224091,4.19646051225424,4.11973275516882,3.46316359575223,9.43237654398328,10,14.5186210202997,4.15243572546183,0.484670397975313,0.124656930778083,14.2077339914022,1.01049971819763,14.3867317364866,12.0124164593305,1,0.029944909583724,27.6415305681005,0.027056789462443,0,1.75495610817177,0.14624484312865,11.2947993905894,147.825911366652,1.17397303796027,0.010207905995535,2.54304477836232,4.522878745280337
31,13,75.5,0.113889203535103,31.3601550502592,0.699155518181818,9,104.383367170671,1.87938524157182,3.92064790456985,0.280403279798821,35.8490519033681,12.4062291058117,1.87938524157182,3.89043179097026,5.80577715046298,5.81527845363471,5.13566054758505,32.645826446183,1.18490631947939,2.85174319220367,8.16319833921197,1.96883979387563,75.5,9,-8.22957927878313,4.19660784759008,5.62731081166064,3.46436041796065,25.1978161245919,10,15.3961115449567,4.15268892043435,0.496725697199406,0.131172253962909,15.211974783269,1.08439738783759,15.3268675031329,12.1679813306954,1,0.435470546336528,27.4736115204898,0.121732780064081,0,1.85331920203399,0.114126408795855,11.2948029034966,149.619065910067,1.17370353233617,0.0100623816059352,2.58617255217316,5.100179497572904
25,14,100.42,0.0783298831318575,47.2539055358434,0.811127832258064,16,139.179647401832,2.39734908775191,3.914128715385,0.449831713039022,51.8021928926096,33.8845119893651,2.39734908775191,3.87993221550288,5.81781208366008,5.83222651096667,10.6260563370401,48.3355250304463,1.66755793481754,3.32861667424322,11.9043180417552,1.95076677795165,100.42,5,-5.98368861064207,4.19213462360035,7.19926249088949,3.52032611340463,131.451645678739,18,19.1842476944137,4.14441176310075,0.767087605403872,0.271403190342776,19.3306036703416,1.44426498592015,19.2809383643225,13.7597001696774,1,0.26138958096595,28.5871595856829,0.583452771200002,0,2.30841965857731,0.187671317169081,12.1890277110101,191.314386829885,1.15153640099462,0.0091622079934164,2.76933316346474,7.221848749616356
29,12,88.39,0.0831829972560538,45.6389931202095,0.740322333939394,14,121.168896718802,2.34813212685717,3.91582896592323,0.402985364976452,49.8596287429798,29.7440755003457,2.34813212685717,3.88235657011273,5.82001189372739,5.83491011155214,8.79505548755622,48.0335939969758,1.96957043051795,3.27729350545179,9.45205359619782,1.95809491761792,88.39,6,-7.48827619838027,4.19248933899292,7.07663049871263,3.49412779774418,87.6063068240509,14,19.4244015119862,4.14524446382485,0.781190701252633,0.256139961307974,19.615989142601,1.31945551857486,19.5439535463576,13.7946293270611,1,0.242331008264038,29.9544081316985,0.569648818430442,0,1.80158487482588,0.199534692868672,12.1890279810687,180.999210498926,1.15671684877506,0.0102399486747466,2.74696978058963,6.337242168318426
29,12,88.39,0.0856529186970186,43.7749105962388,0.738783943030303,14,121.168896718802,2.34813212685717,3.91615333758026,0.401615872535738,48.3705055113922,22.8631712621223,2.34813212685717,3.88322564882506,5.81981238878556,5.83490956565357,9.36591985547711,45.1795521591822,1.90793388515005,3.27556799903444,11.4202685568274,1.95817787934566,88.39,6,-7.58957088939595,4.19231913917287,7.07663049871265,3.49206128804168,38.0450819816465,14,18.9057159017325,4.14512708326356,0.741594196596955,0.269389418374337,19.0354792265234,1.30328954365421,18.9943247410895,13.61008521798,1,0.303884484145577,29.7584989073715,0.527834400000003,0,2.04731476256592,0.186714748708633,12.1890279810687,181.444923784648,1.15683795280755,0.010695331119481,2.74696978058963,5.609064892896621
28,12,97.62,0.110358521598692,37.6791443140774,0.740322333939394,13,132.168784606408,2.35575376292218,3.91392398976914,0.388714607651588,43.5162250171866,22.5333058919341,2.35575376292218,3.88016515854926,5.81533276180563,5.8302434555544,9.9731360890185,39.5019730894709,1.58506973953807,3.29206227085776,10.9145120896344,1.95773744904426,97.62,8,-7.38602390568963,4.19188416128823,7.08462297783164,3.48802850088124,84.8594832988865,15,17.5860114348933,4.14448801553758,0.613007235464418,0.171482032402869,17.590806169488,1.33949777923416,17.6116551894941,13.1289717408857,1,0.37150262467966,28.911754606658,0.543460820591785,0,1.86658698668954,0.143322170541727,12.1889558615996,184.067795791959,1.1565680548392,0.0082289656374165,2.74941406084914,5.987162775294828
